report_number,crash_year,crash_date_time,report_date_time,investigating_agency_rep_num,form_type,total_number_of_vehicles,total_number_of_persons,total_number_of_narratives,county_code,city_code,county_name,city_name,rural_or_urban,notified_time,dispatched_time,arrived_time,cleared_time,completed_flag,reason_not_completed,notified_by,on_street_road_highway,street_address_number,latitude,longitude,feet_from_intersection,miles_from_intersection,direction_from_intersection,from_intersection_of,from_milepost_number,road_system_identifier,type_of_shoulder,type_of_intersection,photos_taken_flag,light_condition,weather_condition,road_surface_condition,school_bus_related_code,type_of_impact,first_harmful_event,harmful_event_location,interchange_flag,junction_flag,road_circumstances_1,road_circumstances_2,road_circumstances_3,environment_circumstances_1,environment_circumstances_2,environment_circumstances_3,work_zone_related_flag,location_within_zone,type_of_work_zone,workers_present,law_enforcement_present,investigator_id,investigator_rank,investigator_first_name,investigator_middle_name,investigator_last_name,investigator_suffix,investigating_agency_name,investigating_agency_type,load_dt90838674,,,,,,,,,,,,,,,,,,,,,,,,,,,,,,5,2,1,1,88,1,1,1,1,32,2,88,1,1,,,1,,,1,,,,,217,DEPUTY,,,EPLHASE,,LEON COUNTY,2,2011-03-08 15:54
71975971,2011,2011-10-25 00:00,2011-10-25 18:51,11-218355,L,1,3,0,13,0,Leon,UNINCORPORATED,2,2011-10-25 15:33,2011-10-25 15:34,2011-10-25 15:38,2011-10-25 17:54,,STILL UNDER INVESTIGATION BY TRAFFIC HOMICIDE UNIT,2,BLOUNTSTOWN HWY,19200,,,0,,N,,,3,2,1,,1,1,1,1,77,10,1,1,1,1,,,1,,,1,,,,,10107,Dep.,,,,,Leon County Sheriff's Office,3,2011-11-02 07:22,,,,,,,,,,,,,,,,,,,,,,,,,,,,,,,,,,,,,,,,,,,,,,,,,,,,,,,,,,,,,,
71904245,2011,2011-11-16 16:10,2011-11-16 18:15,11031560,L,1,2,0,13,50,13,50,2,2011-11-16 16:10,2011-11-16 16:11,2011-11-16 16:12,2011-11-16 17:30,2,,2,Atlas Rd,2410,,,100,,E,Hartsfield Rd,,5,3,1,1,1,2,1,1,1,10,3,1,4,1,,,77,,,1,,,,,51555,Officer,,,,,Tallahassee Police Department,2,2011-11-19 07:12,,,,,,,,,,,,,,,,,,,,,,,,,,,,,,,,,,,,,,,,,,,,,,,,,,,,,,,,,,,,,,
71904249,2011,2011-11-16 19:44,2011-11-16 21:52,11031585,L,1,1,0,13,50,13,50,2,2011-11-16 19:44,2011-11-16 19:45,2011-11-16 19:48,2011-11-16 20:17,2,,2,MLK Martin Luther King Jr Blvd,,,,,,,W 6TH Ave,,5,3,2,2,4,3,2,1,88,10,1,1,1,1,,,88,,,1,,,,,98652,Officer,,,,,Tallahassee Police Department,2,2011-11-19 07:12,,,,,,,,,,,,,,,,,,,,,,,,,,,,,,,,,,,,,,,,,,,,,,,,,,,,,,,,,,,,,,
71904080,2011,2011-11-02 15:14,2011-11-02 15:49,11030218,L,1,1,0,13,50,13,50,2,2011-11-02 15:14,2011-11-02 15:15,2011-11-02 15:20,2011-11-02 15:49,2,,2,Apalachee Pkwy,1707,,,,,,,,9,3,1,1,1,1,1,1,77,10,1,1,1,1,,,1,,,1,,,,,92041,Officer,,,,,Tallahassee Police Department,2,2011-11-17 07:06,,,,,,,,,,,,,,,,,,,,,,,,,,,,,,,,,,,,,,,,,,,,,,,,,,,,,,,,,,,,,,
71904165,2011,2011-11-11 09:30,2011-11-11 10:24,11031030,L,1,2,0,13,50,13,50,2,2011-11-11 09:35,2011-11-11 09:36,2011-11-11 09:39,2011-11-11 10:25,2,,2,US 90 West Tennessee Street Hwy,,,,,,,Ocala Rd,,2,3,2,1,1,1,1,1,3,10,1,,2,1,,,1,,,1,,,,,83202,Officer,,,,,Tallahassee Police Department,2,2011-11-17 08:01,,,,,,,,,,,,,,,,,,,,,,,,,,,,,,,,,,,,,,,,,,,,,,,,,,,,,,,,,,,,,,
71904156,2011,2011-11-10 13:24,2011-11-10 13:48,11030957,L,1,2,0,13,50,13,50,2,2011-11-10 13:24,2011-11-10 13:26,2011-11-10 13:28,2011-11-10 14:00,2,,2,WEST 7TH Ave,106,,,,,,,,9,3,1,1,1,2,1,1,77,10,8,1,1,1,,,1,,,1,,,,,15101,Officer,,,,,Tallahassee Police Department,2,2011-11-17 08:01,,,,,,,,,,,,,,,,,,,,,,,,,,,,,,,,,,,,,,,,,,,,,,,,,,,,,,,,,,,,,,
71904193,2011,2011-11-13 03:00,2011-11-13 03:53,11031236,L,1,3,0,13,50,13,50,2,2011-11-13 03:00,2011-11-13 03:01,2011-11-13 03:03,2011-11-13 03:50,2,,2,Ocala Rd,,,,20,,S,Heritage Grove Cir,,5,3,1,2,4,1,1,1,77,10,1,1,1,1,,,1,,,1,,,,,93638,Officer,,,,,Tallahassee Police Department,2,2011-11-17 08:01,,,,,,,,,,,,,,,,,,,,,,,,,,,,,,,,,,,,,,,,,,,,,,,,,,,,,,,,,,,,,,
71978809,2011,2011-10-29 16:20,2011-10-29 00:00,11221296,L,1,2,0,13,0,LEON,UNINCORPORATED,1,2011-10-29 16:24,2011-10-29 16:27,2011-10-29 16:35,2011-10-29 17:36,2,,1,DAWSON ROAD,1300,,,,,,,,5,2,1,1,1,1,1,1,77,10,1,1,1,1,,,1,,,1,,,,,501,DEPUTY,J,,SIMPSON,,LEON COUNTY SHERIFFS OFFICE,2,2011-12-02 13:30,,,,,,,,,,,,,,,,,,,,,,,,,,,,,,,,,,,,,,,,,,,,,,,,,,,,,,,,,,,,,,
71903745,2011,2011-10-08 18:54,2011-10-08 22:25,11027655,L,1,2,0,13,50,13,50,2,2011-10-08 18:55,2011-10-08 19:05,2011-10-08 19:09,2011-10-08 19:59,2,,2,Lincoln St,,,,100,,E,Owens St,,5,3,1,1,1,1,1,1,,10,1,1,1,1,,,3,,,1,,,,,89331,Officer,,,,,Tallahassee Police Department,2,2011-12-03 07:05,,,,,,,,,,,,,,,,,,,,,,,,,,,,,,,,,,,,,,,,,,,,,,,,,,,,,,,,,,,,,,
71904447,2011,2011-12-02 10:36,2011-12-02 12:51,11032910,L,1,2,0,13,50,13,50,2,2011-12-02 10:36,2011-12-02 10:37,2011-12-02 10:39,2011-12-02 11:24,2,,2,Raymond Diehl Rd,,,,0,,,E Capital Cir,,2,3,2,2,1,1,1,1,77,10,1,1,2,1,,,1,,,1,,,,,10850,Officer,,,,,Tallahassee Police Department,2,2011-12-10 07:09,,,,,,,,,,,,,,,,,,,,,,,,,,,,,,,,,,,,,,,,,,,,,,,,,,,,,,,,,,,,,,
71904459,2011,2011-12-03 12:00,2011-12-03 14:12,11033045,L,1,1,0,13,50,13,50,2,2011-12-03 13:01,2011-12-03 13:02,2011-12-03 13:20,2011-12-03 13:45,2,Hit and Run,2,NORTH Monroe St,2136,,,,,,,,,,,1,1,1,1,1,,10,2,,,1,,,1,,,1,,,,,36084,Officer,,,,,Tallahassee Police Department,2,2011-12-10 07:09,,,,,,,,,,,,,,,,,,,,,,,,,,,,,,,,,,,,,,,,,,,,,,,,,,,,,,,,,,,,,,
71904490,2011,2011-12-06 19:24,2011-12-06 22:25,11033380,L,1,2,0,13,50,13,50,2,2011-12-06 19:26,2011-12-06 19:26,2011-12-06 19:35,2011-12-06 20:00,2,,2,US 27 North Monroe Street Hwy,,,,,,,Callaway Rd,,2,3,2,1,4,1,1,1,77,10,1,2,2,1,,,1,,,1,,,,,94857,Officer,,,,,Tallahassee Police Department,2,2011-12-10 07:10,,,,,,,,,,,,,,,,,,,,,,,,,,,,,,,,,,,,,,,,,,,,,,,,,,,,,,,,,,,,,,
71978904,2011,2011-11-12 03:55,2011-11-14 00:00,11231185,U,1,2,0,13,0,LEON,UNINCORPORATED,1,2011-11-12 15:58,2011-11-12 16:02,2011-11-12 16:08,2011-11-12 16:49,1,HIT AND RUN POSSIBLE LEADS,2,W TENNESSEE ST,5876,,,,,,,,8,2,1,2,1,1,6,1,77,10,1,1,1,1,,,1,,,1,,,,,297,DEPUTY,DOUGLAS,,DIRICKSON,,LEON COUNTY,3,2011-12-29 13:31,,,,,,,,,,,,,,,,,,,,,,,,,,,,,,,,,,,,,,,,,,,,,,,,,,,,,,,,,,,,,,
71904693,2011,2011-12-29 11:43,2011-12-29 12:36,11035381,L,1,1,0,13,50,13,50,2,2011-12-29 11:53,2011-12-29 11:53,2011-12-29 12:04,2011-12-29 12:37,2,,2,Stadium Dr,,,,,,,Hendry Rd,,4,1,2,1,1,1,1,,,10,,2,,1,,,1,,,,,,,,7406,Officer,,,,,Tallahassee Police Department,2,2012-01-03 07:13,,,,,,,,,,,,,,,,,,,,,,,,,,,,,,,,,,,,,,,,,,,,,,,,,,,,,,,,,,,,,,
71979004,2011,2011-11-27 19:03,2011-11-27 00:00,11240048,L,1,2,0,13,0,LEON,TALLAHASSEE,2,2011-11-27 19:03,2011-11-27 19:10,2011-11-27 19:12,2011-11-27 19:26,2,,2,OAK RIDGE ROAD,,,,,,W,OLD WOODVILLE ROAD,,4,2,1,1,5,1,1,1,77,10,1,1,1,1,,,1,,,1,,,,,539,DEPUTY,J,,MONINGER,,LEON COUNTY POLICE DEPARTMENT,2,2012-01-05 10:20,,,,,,,,,,,,,,,,,,,,,,,,,,,,,,,,,,,,,,,,,,,,,,,,,,,,,,,,,,,,,,
71979025,2011,2011-11-30 16:20,2011-11-30 00:00,11242461,L,1,3,0,13,0,LEON,UNINCORPORATED,1,2011-11-30 16:21,2011-11-30 16:30,2011-11-30 16:45,2011-11-30 16:59,2,,2,FULTON ROAD,,,,159,,E,SHARER ROAD,,5,3,1,1,1,1,1,1,1,10,1,1,1,1,,,1,,,1,,,,,527,DEPUTY,J,J,GLOVER,,LEON COUNTY SHERIFFS OFFICE,2,2012-01-05 10:21,,,,,,,,,,,,,,,,,,,,,,,,,,,,,,,,,,,,,,,,,,,,,,,,,,,,,,,,,,,,,,
1776913,2011,2011-11-19 20:54,2011-11-19 00:00,11110240,L,1,2,0,13,40,LEON,FLORIDA STATE UNIVERSITY,2,2011-11-19 20:54,2011-11-19 20:55,2011-11-19 20:58,,2,,1,W CALL ST,,,,,,,DEWEY ST,,5,3,77,1,4,1,1,1,77,10,1,2,1,1,,,1,,,1,,,,,455,OFFICER,PEPPER,,NORRMAN,,FSU POLICE DEPARTMENT,3,2012-01-03 10:03,,,,,,,,,,,,,,,,,,,,,,,,,,,,,,,,,,,,,,,,,,,,,,,,,,,,,,,,,,,,,,
71904662,2011,2011-12-19 10:22,2011-12-19 10:22,11034512,L,1,2,0,13,50,13,50,2,2011-12-19 10:22,2011-12-19 10:26,2011-12-19 10:31,2011-12-19 11:15,2,,2,Maclay Blvd,3521,,,,,,,,9,3,1,1,1,1,1,1,3,10,2,,,1,,,1,,,1,,,,,89614,Officer,,,,,Tallahassee Police Department,2,2012-01-03 07:12,,,,,,,,,,,,,,,,,,,,,,,,,,,,,,,,,,,,,,,,,,,,,,,,,,,,,,,,,,,,,,
71978928,2011,2011-11-15 22:24,2011-11-16 00:00,11233147,U,1,2,0,13,50,LEON,TALLAHASSEE,2,2011-11-15 22:24,2011-11-15 22:26,2011-11-15 22:27,2011-11-15 02:07,1,THI SBI INVESTIGATION,1,CAPITAL CIRCLE SOUTHWEST,,,,280,,W,CRAWFORDVILLE ROAD,,3,3,3,2,4,1,1,1,88,10,1,1,4,1,,,1,,,1,,,,,386,DEPUTY,P,G,MORAN,,LEON COUNTY SHERIFFS OFFICE,2,2012-01-04 10:33,,,,,,,,,,,,,,,,,,,,,,,,,,,,,,,,,,,,,,,,,,,,,,,,,,,,,,,,,,,,,,
71899983,2011,2011-03-23 01:03,2011-07-12 13:19,11007819,U,1,4,0,13,50,13,50,2,2011-03-23 01:03,2011-03-23 01:05,2011-03-23 01:05,2011-03-23 05:41,2,,2,Appleyard Dr,,,,1084,,E,Block Pensacola St,,5,1,1,1,5,4,1,1,77,10,1,1,77,1,,,2,,,1,,,,,93982,Inv.,,,,,Tallahassee Police Department,2,2012-01-18 07:18,,,,,,,,,,,,,,,,,,,,,,,,,,,,,,,,,,,,,,,,,,,,,,,,,,,,,,,,,,,,,,
71979098,2011,2011-12-11 03:30,2011-12-11 00:00,11249699,L,1,3,0,13,0,LEON,TALLAHASSEE,1,2011-12-11 03:41,2011-12-11 03:46,2011-12-11 03:50,2011-12-11 05:04,1,TRAFFIC FOLLOWUP,2,SAIL COURT,2806,,,,,,,,77,2,1,1,5,1,1,1,77,10,2,1,1,1,,,1,,,1,,,,,543,DEPUTY,NOCHOLAS,,TOZZI,,LEON COUNTY SHERIFFS OFFICE,2,2012-01-23 12:14,,,,,,,,,,,,,,,,,,,,,,,,,,,,,,,,,,,,,,,,,,,,,,,,,,,,,,,,,,,,,,
71900655,2011,2011-04-19 13:30,2011-06-10 14:32,11010649,U,1,2,0,13,50,13,50,2,2011-04-19 13:30,2011-04-19 13:31,2011-04-19 13:34,2011-04-19 14:10,2,,2,E 5TH Acres,,,,,,,Thomasville Rd,,3,3,3,2,1,1,1,1,77,10,,,,1,,,1,,,1,,,,,96299,Inv.,,,,,Tallahassee Police Department,2,2012-01-25 07:12,,,,,,,,,,,,,,,,,,,,,,,,,,,,,,,,,,,,,,,,,,,,,,,,,,,,,,,,,,,,,,
71898874,2011,2011-01-30 03:36,2011-02-02 12:56,11002887,U,1,1,0,13,50,13,50,2,2011-01-30 03:36,2011-01-30 03:36,2011-01-30 03:36,2011-01-30 04:38,2,,2,W Tennessee St,2614,,,,,,,,9,3,1,2,88,1,1,1,88,10,88,1,88,1,,,1,,,1,,,,,43769,Investigator,,,,,Tallahassee Police Department,2,2012-02-03 09:24,,,,,,,,,,,,,,,,,,,,,,,,,,,,,,,,,,,,,,,,,,,,,,,,,,,,,,,,,,,,,,
71901026,2011,2011-05-07 02:45,2011-05-17 14:20,11012464,U,1,2,0,13,50,13,50,2,2011-05-07 03:22,2011-05-07 03:50,2011-05-07 04:01,2011-05-07 04:50,2,,2,S Meriadian St,,,,250,,S,Polk Dr,,5,2,1,1,4,1,1,1,77,10,10,1,1,1,,,1,,,1,,,,,92304,Officer,,,,,Tallahassee Police Department,2,2012-02-14 10:25,,,,,,,,,,,,,,,,,,,,,,,,,,,,,,,,,,,,,,,,,,,,,,,,,,,,,,,,,,,,,,
71903226,2011,2011-09-03 05:28,2011-10-03 07:53,11024069,U,1,2,0,13,50,13,50,2,2011-09-03 05:28,2011-09-03 05:28,2011-09-03 05:28,,2,,2,Crawfordville Rd,3433,,,,,,,,3,3,1,2,4,1,1,1,2,10,2,1,1,1,,,1,,,1,,,,,93981,Inv.,,,,,Tallahassee Police Department,2,2012-02-17 10:27,,,,,,,,,,,,,,,,,,,,,,,,,,,,,,,,,,,,,,,,,,,,,,,,,,,,,,,,,,,,,,
71903246,2011,2011-09-03 23:52,2011-09-13 13:53,11024165,U,1,1,0,13,50,13,50,2,2011-09-03 23:54,2011-09-03 23:58,2011-09-03 23:59,,2,,2,US 27 Apalachee Pkwy,2475,,,,,,,,9,3,1,1,4,2,1,1,3,10,,1,,1,,,1,,,1,,,,,43769,Investigator,,,,,Tallahassee Police Department,2,2012-02-17 10:27,,,,,,,,,,,,,,,,,,,,,,,,,,,,,,,,,,,,,,,,,,,,,,,,,,,,,,,,,,,,,,
1776965,2011,2011-10-21 08:40,2011-10-21 00:00,11100238,L,1,2,0,13,40,LEON,FLORIDA STATE UNIVERSITY,2,2011-10-21 08:45,2011-10-21 08:45,2011-10-21 08:48,2011-10-21 09:40,2,,1,UK,,,,,,,CALL SAINT AND WOODWARD AVENUE 5,,5,1,1,1,1,1,1,1,77,10,8,1,1,1,,,4,,,1,,,,,,,,,,,UK,4,2012-02-16 15:40,,,,,,,,,,,,,,,,,,,,,,,,,,,,,,,,,,,,,,,,,,,,,,,,,,,,,,,,,,,,,,
71904185,2011,2011-11-12 15:30,2011-11-19 00:08,11031182,U,1,3,0,13,50,13,50,2,2011-11-12 16:43,2011-11-12 16:45,2011-11-12 16:45,,2,,2,SOUTH Ocala Rd,,,,,,,Heritage Grove Cir,,5,3,2,2,88,,,1,3,10,1,1,2,88,,,88,,,1,,,,,97954,OFFICER,,,,,Tallahassee Police Department,2,2012-02-22 10:24,,,,,,,,,,,,,,,,,,,,,,,,,,,,,,,,,,,,,,,,,,,,,,,,,,,,,,,,,,,,,,
71904472,2011,2011-12-05 01:57,2011-12-15 14:27,11033181,U,1,1,0,13,50,13,50,2,2011-12-05 01:57,2011-12-05 01:58,2011-12-05 02:00,2011-12-05 02:30,2,,2,WEST US 90 Hwy,672,,,,,,WEST Tennessee St,,9,3,1,1,4,1,1,1,77,10,8,1,1,1,,,1,,,1,,,,,92304,Officer,,,,,Tallahassee Police Department,2,2012-02-23 10:26,,,,,,,,,,,,,,,,,,,,,,,,,,,,,,,,,,,,,,,,,,,,,,,,,,,,,,,,,,,,,,
71904020,2011,2011-10-29 02:19,2011-12-15 14:19,11029785,U,1,2,0,13,50,13,50,2,2011-10-29 02:20,2011-10-29 02:22,2011-10-29 02:22,2011-10-29 02:50,2,,2,SOUTH Lipona Rd,,,,,,,Jackson Bluff Rd,,5,3,2,2,4,1,1,1,77,10,1,1,3,1,,,1,,,1,,,,,43769,Investigator,,,,,Tallahassee Police Department,2,2012-02-22 10:24,,,,,,,,,,,,,,,,,,,,,,,,,,,,,,,,,,,,,,,,,,,,,,,,,,,,,,,,,,,,,,
71904140,2011,2011-11-08 06:19,2012-02-27 12:58,11030711,U,1,2,0,13,50,13,50,2,2011-11-08 06:19,2011-11-08 06:20,2011-11-08 06:24,2011-11-08 08:00,2,,2,US 319 CCNE,,,,225,,N,Capital Park Dr,,2,3,1,2,4,2,1,1,1,10,1,,,1,,,1,,,1,,,,,93985,Inv.,,,,,Tallahassee Police Department,2,2012-03-03 10:19,,,,,,,,,,,,,,,,,,,,,,,,,,,,,,,,,,,,,,,,,,,,,,,,,,,,,,,,,,,,,,
71900066,2011,2011-03-27 02:05,2012-01-03 10:31,11008246,U,2,3,0,13,50,13,50,2,2011-03-27 02:08,2011-03-27 02:08,2011-03-27 02:11,2011-03-27 03:31,2,,2,Ocala Rd,1001,,,,,,,,9,1,1,2,4,1,1,1,5,10,8,88,77,1,1,1,1,1,1,1,,,,,43769,Investigator,,,,,Tallahassee Police Department,2,2012-04-11 10:26,,,,,,,,,,,,,,,,,,,,,,,,,,,,,,,,,,,,,,,,,,,,,,,,,,,,,,,,,,,,,,
71904515,2011,2011-12-09 23:22,2012-06-06 13:27,11033645,U,1,5,0,13,50,13,50,2,2011-12-09 23:22,2011-12-09 23:36,2011-12-09 23:36,2011-12-10 05:59,2,,2,Lake Bradford Rd,,,,,,,Levy Ave,,5,1,2,1,4,1,1,1,77,10,1,1,2,1,,,1,,,1,,,,,97961,OFFICER,,,,,Tallahassee Police Department,2,2012-06-08 10:24,,,,,,,,,,,,,,,,,,,,,,,,,,,,,,,,,,,,,,,,,,,,,,,,,,,,,,,,,,,,,,
71904753,2012,2012-01-06 11:25,2012-02-08 08:12,12000478,U,1,2,0,13,50,13,50,2,2012-01-06 11:25,2012-01-06 11:26,2012-01-06 11:28,2012-01-06 12:50,2,,2,SOUTH SR 61 Monroe St,,,,250,,N,Polk Dr,,3,3,1,2,1,1,1,1,77,10,1,1,1,1,,,1,,,1,,,,,94858,Officer,,,,,Tallahassee Police Department,2,2012-02-16 10:22,,,,,,,,,,,,,,,,,,,,,,,,,,,,,,,,,,,,,,,,,,,,,,,,,,,,,,,,,,,,,,
71905346,2012,2012-02-21 07:20,2012-02-21 08:45,12004720,L,1,1,0,13,50,13,50,2,2012-02-21 07:20,2012-02-21 07:23,2012-02-21 07:25,2012-02-21 09:00,2,,2,S Capital Cir,3215,,,,,,,,9,2,1,1,1,1,1,,,10,2,,1,1,,,1,,,1,,,,,7406,Officer,,,,,Tallahassee Police Department,2,2012-02-22 10:24,,,,,,,,,,,,,,,,,,,,,,,,,,,,,,,,,,,,,,,,,,,,,,,,,,,,,,,,,,,,,,
71904776,2012,2012-01-08 14:43,2012-01-08 15:32,12000670,L,1,2,0,13,50,13,50,2,2012-01-08 14:44,2012-01-08 14:45,2012-01-08 14:46,2012-01-08 15:33,2,,2,SR 363  S Adams Street,,,,550,,N,Bass St,,3,3,1,1,1,1,1,1,5,10,1,1,18,1,,,1,,,1,,,,,93095,Officer,,,,,Tallahassee Police Department,2,2012-01-18 07:20,,,,,,,,,,,,,,,,,,,,,,,,,,,,,,,,,,,,,,,,,,,,,,,,,,,,,,,,,,,,,,
71904734,2012,2012-01-04 10:35,2012-01-04 13:13,12000272,L,1,2,0,13,50,13,50,2,2012-01-04 10:35,2012-01-04 10:39,2012-01-04 10:42,2012-01-04 11:30,2,,2,WEST SR 366 Pensacola St,2020,,,,,,,,9,3,3,1,1,1,1,1,77,10,8,1,4,1,,,4,,,1,,,,,86418,Officer,,,,,Tallahassee Police Department,2,2012-01-18 07:19,,,,,,,,,,,,,,,,,,,,,,,,,,,,,,,,,,,,,,,,,,,,,,,,,,,,,,,,,,,,,,
71904966,2012,2012-01-23 18:43,2012-01-23 21:04,12002108,L,1,2,0,13,50,13,50,2,2012-01-23 18:43,2012-01-23 18:43,2012-01-23 18:49,2012-01-23 20:26,2,,2,US 27 S Monroe St,,,,,,,EAST Park Ave,,2,3,2,1,4,1,1,1,77,10,10,1,2,1,,,1,,,1,,,,,10545,Officer,,,,,Tallahassee Police Department,2,2012-01-25 07:15,,,,,,,,,,,,,,,,,,,,,,,,,,,,,,,,,,,,,,,,,,,,,,,,,,,,,,,,,,,,,,
71979249,2012,2012-01-02 06:16,2012-01-02 00:00,2012000442,U,1,2,0,13,0,LEON,UNINCORPORATED,1,2012-01-02 06:21,2012-01-02 06:25,2012-01-02 06:29,2012-01-02 19:06,2,,2,N MONROE STREET,,,,300,,S,HARRIET DR,,2,1,1,1,5,1,1,1,1,10,3,1,1,1,,,1,,,1,,,,,200,DEPUTY,LAUREL,J,ALLIE,,LEON CO SO,2,2012-03-16 10:48,,,,,,,,,,,,,,,,,,,,,,,,,,,,,,,,,,,,,,,,,,,,,,,,,,,,,,,,,,,,,,
71904748,2012,2012-01-05 20:37,2012-01-05 22:04,12000424,L,1,2,0,13,50,13,50,2,2012-01-05 20:38,2012-01-05 20:38,2012-01-05 20:42,2012-01-05 20:55,2,,2,Apache St,906,,,,,,,,5,3,77,1,4,1,1,1,77,10,1,,,1,,,1,,,1,,,,,89331,Officer,,,,,Tallahassee Police Department,2,2012-01-25 07:12,,,,,,,,,,,,,,,,,,,,,,,,,,,,,,,,,,,,,,,,,,,,,,,,,,,,,,,,,,,,,,
71905136,2012,2012-02-04 00:40,2012-02-04 05:15,12003208,L,1,1,0,13,50,13,50,2,2012-02-04 00:40,2012-02-04 00:41,2012-02-04 00:44,2012-02-04 01:50,1,Hit and Run,2,Springsax Rd,1208,,,,,,,,5,3,1,2,5,1,1,1,77,10,2,1,1,1,,,1,,,1,,,,,98794,Officer,,,,,Tallahassee Police Department,2,2012-02-07 09:19,,,,,,,,,,,,,,,,,,,,,,,,,,,,,,,,,,,,,,,,,,,,,,,,,,,,,,,,,,,,,,
71905214,2012,2012-02-10 18:36,2012-02-10 22:34,12003812,L,1,2,0,13,50,13,50,2,2012-02-10 18:36,2012-02-10 18:36,2012-02-10 18:38,2012-02-10 19:53,2,,2,High Rd,1560,,,,,,,,5,3,1,1,4,3,2,1,77,10,1,1,1,1,,,1,,,1,,,,,99772,Officer,,,,,Tallahassee Police Department,2,2012-02-14 10:25,,,,,,,,,,,,,,,,,,,,,,,,,,,,,,,,,,,,,,,,,,,,,,,,,,,,,,,,,,,,,,
71904911,2012,2012-01-19 14:08,2012-02-16 13:54,12001688,U,1,1,0,13,50,13,50,2,2012-01-19 14:10,2012-01-19 14:13,2012-01-19 14:24,2012-01-19 15:10,2,,2,SOUTH Capital,5445,,,,,,,,9,3,1,1,1,1,1,1,77,10,2,1,1,1,,,1,,,1,,,,,43769,Investigator,,,,,Tallahassee Police Department,2,2012-02-21 10:25,,,,,,,,,,,,,,,,,,,,,,,,,,,,,,,,,,,,,,,,,,,,,,,,,,,,,,,,,,,,,,
71976808,2012,2012-01-08 18:51,2012-01-08 00:00,20124728,L,1,2,0,13,0,LEON,UNINCORPORATED,1,2012-01-08 18:51,2012-01-08 18:53,2012-01-08 18:53,,1,PENDING,2,MAHAN DRIVE,,,,200,,W,CANOPY LANE,,2,3,1,1,5,1,1,1,77,10,1,1,1,1,,,1,,,1,,,,,562,DEPUTY,G,,HAMLIN,,LEON CO SO,2,2012-03-09 14:39,,,,,,,,,,,,,,,,,,,,,,,,,,,,,,,,,,,,,,,,,,,,,,,,,,,,,,,,,,,,,,
81997419,2012,2012-01-21 22:44,2012-06-06 08:33,FHPH12OFF001856,U,1,3,0,13,0,LEON,UNINCORPORATED,1,2012-01-21 23:09,2012-01-21 23:09,2012-01-21 23:35,2012-01-22 03:00,2,,2,STATE ROAD 20,,30.4370783333333,-84.5143066666666,200,,W,MARY ROBIN ROAD,,3,2,3,2,5,2,2,1,77,10,1,1,3,1,,,1,,,1,,,,,1886,CORPORAL,,,,,FLORIDA HIGHWAY PATROL,1,2012-06-09 10:33,,,,,,,,,,,,,,,,,,,,,,,,,,,,,,,,,,,,,,,,,,,,,,,,,,,,,,,,,,,,,,
71976887,2012,2012-01-17 21:50,2012-01-17 00:00,1211088,L,1,2,0,13,0,LEON,TALLAHASSEE,1,2012-01-17 21:50,2012-01-17 21:56,2012-01-17 21:58,2012-01-17 22:31,2,,1,OLD WOODVILLE ROAD,9146,,,,,,,,5,2,1,1,4,1,1,1,6,10,2,1,1,1,,,1,,,1,,,,,544,DEPUTY,CHET,,WILSON,,LEON CO SO,2,2012-03-16 10:45,,,,,,,,,,,,,,,,,,,,,,,,,,,,,,,,,,,,,,,,,,,,,,,,,,,,,,,,,,,,,,
71977019,2012,2012-02-04 03:51,2012-02-04 00:00,1224081,L,1,2,0,13,0,LEON,TALLAHASSEE,1,2012-02-04 03:51,2012-02-04 03:53,2012-02-04 03:59,2012-02-04 04:18,2,,2,SPRINGHILL RD,,,,500,,N,SPRINIL RD,,4,1,77,1,5,1,1,1,77,10,1,1,77,1,,,1,,,1,,,,,539,DEPUTY,J,,MONINGER,,LEON CO SO,2,2012-03-16 10:45,,,,,,,,,,,,,,,,,,,,,,,,,,,,,,,,,,,,,,,,,,,,,,,,,,,,,,,,,,,,,,
71905479,2012,2012-02-28 10:27,2012-03-02 14:22,12005431,U,1,2,0,13,50,13,50,2,2012-02-28 10:27,2012-02-28 10:28,2012-02-28 10:29,,2,,2,Ulysses Rd,2570,,,,,,,,5,3,1,2,1,2,1,1,77,10,1,1,1,1,,,1,,,1,,,,,93982,Investigator,,,,,Tallahassee Police Department,2,2012-03-16 10:26,,,,,,,,,,,,,,,,,,,,,,,,,,,,,,,,,,,,,,,,,,,,,,,,,,,,,,,,,,,,,,