report_number,crash_year,crash_date_time,report_date_time,investigating_agency_rep_num,form_type,total_number_of_vehicles,total_number_of_persons,total_number_of_narratives,county_code,city_code,county_name,city_name,rural_or_urban,notified_time,dispatched_time,arrived_time,cleared_time,completed_flag,reason_not_completed,notified_by,on_street_road_highway,street_address_number,latitude,longitude,feet_from_intersection,miles_from_intersection,direction_from_intersection,from_intersection_of,from_milepost_number,road_system_identifier,type_of_shoulder,type_of_intersection,photos_taken_flag,light_condition,weather_condition,road_surface_condition,school_bus_related_code,type_of_impact,first_harmful_event,harmful_event_location,interchange_flag,junction_flag,road_circumstances_1,road_circumstances_2,road_circumstances_3,environment_circumstances_1,environment_circumstances_2,environment_circumstances_3,work_zone_related_flag,location_within_zone,type_of_work_zone,workers_present,law_enforcement_present,investigator_id,investigator_rank,investigator_first_name,investigator_middle_name,investigator_last_name,investigator_suffix,investigating_agency_name,investigating_agency_type,load_dt90838674,,,,,,,,,,,,,,,,,,,,,,,,,,,,,,5,2,1,1,88,1,1,1,1,32,2,88,1,1,,,1,,,1,,,,,217,DEPUTY,,,EPLHASE,,LEON COUNTY,2,2011-03-08 15:54
1775581,2012,2012-01-25 08:50,2012-01-25 00:00,12010213,L,1,2,0,13,40,LEON,FLORIDA STATE UNIVERSITY,2,2012-01-25 08:53,2012-01-25 08:53,2012-01-25 08:54,,2,,1,STADIUM DRIVE,,,,300,,S,SPIRIT WAY,,5,3,1,1,1,2,1,1,77,10,1,1,1,1,,,1,,,1,,,,,415,OFC,S,,BARRETT,,FLORIDA STATE UNIV POLICE,3,2012-03-16 08:57,,,,,,,,,,,,,,,,,,,,,,,,,,,,,,,,,,,,,,,,,,,,,,,,,,,,,,,,,,,,,,
71977086,2012,2012-02-14 20:00,2012-02-14 00:00,1231969,L,1,2,0,13,50,LEON,TALLAHASSEE,2,2012-02-14 21:47,2012-02-14 21:52,2012-02-14 21:57,2012-02-14 22:52,1,FOWARDED TO TRAFFIC FOR FOLLOW UP,2,EXECUTIVE CENTER DRIVE,,,,,,,APALACHEE PARKWAY,,2,3,3,1,4,3,2,1,77,10,1,2,2,1,,,1,,,1,,,,,522,DEPUTY,CHRISTOPHER,L,SMITH,,LEON CO SO,2,2012-03-23 14:35,,,,,,,,,,,,,,,,,,,,,,,,,,,,,,,,,,,,,,,,,,,,,,,,,,,,,,,,,,,,,,
71977157,2012,2012-02-22 21:40,2012-02-22 00:00,120037948,L,1,2,0,13,0,LEON,UNINCORPORATED,1,2012-02-22 22:05,2012-02-22 22:11,2012-02-22 22:14,2012-02-22 23:07,2,,2,AENON CHURCH RD,2002,,,,,,,,4,2,1,1,4,1,1,1,4,10,8,1,4,1,,,1,,,1,,,,,563,DEPUTY,WILLIAM,,MONROE,,LEON CO SO,2,2012-03-23 14:30,,,,,,,,,,,,,,,,,,,,,,,,,,,,,,,,,,,,,,,,,,,,,,,,,,,,,,,,,,,,,,
71977125,2012,2012-02-19 11:30,2012-02-19 00:00,1235210,L,1,3,0,13,0,LEON,TALLAHASSEE,1,2012-02-19 11:31,2012-02-19 11:33,2012-02-19 11:40,2012-02-19 12:04,2,,1,PARKING LOT OF SOMBRA DEL LAGO,5475,,,,,,,,9,2,1,1,1,2,1,1,77,10,2,1,1,1,,,1,,,1,,,,,206,DEPUTY,UK,,UK,,LEON CO SO,2,2012-03-23 14:35,,,,,,,,,,,,,,,,,,,,,,,,,,,,,,,,,,,,,,,,,,,,,,,,,,,,,,,,,,,,,,
1776948,2012,2012-01-17 13:39,2012-01-17 00:00,12010137,L,1,2,0,13,40,LEON,FLORIDA STATE UNIVERSITY,2,2012-01-17 13:39,2012-01-17 13:41,2012-01-17 13:43,,2,,1,VARSITY WAY,,,,300,,W,LEARNING WAY,,5,3,77,1,1,2,1,1,77,10,1,1,1,1,,,1,,,1,,,,,415,OFC,S,,BARRETT,,FLORIDA STATE UNIV POLICE,3,2012-03-22 13:38,,,,,,,,,,,,,,,,,,,,,,,,,,,,,,,,,,,,,,,,,,,,,,,,,,,,,,,,,,,,,,
71905658,2012,2012-03-17 12:36,2012-03-17 13:19,12007112,L,1,3,0,13,50,13,50,2,2012-03-17 12:36,2012-03-17 12:37,2012-03-17 12:41,2012-03-17 13:21,2,,2,Apache St,,,,500,,E,Harwood St,,5,3,1,1,1,1,1,1,77,10,1,,77,1,,,1,,,1,,,,,51213,Officer,,,,,Tallahassee Police Department,2,2012-03-29 10:21,,,,,,,,,,,,,,,,,,,,,,,,,,,,,,,,,,,,,,,,,,,,,,,,,,,,,,,,,,,,,,
71905403,2012,2012-02-25 02:02,2012-03-19 08:43,12005119,U,1,1,0,13,50,13,50,2,2012-02-25 02:02,2012-02-25 02:06,2012-02-25 02:06,2012-02-25 02:30,2,,2,US 319 Thomasville Rd,,,,20,,W,5TH Ave,,9,1,1,1,4,1,1,1,3,10,2,,,1,,,1,,,1,,,,,43769,Investigator,,,,,Tallahassee Police Department,2,2012-03-27 10:39,,,,,,,,,,,,,,,,,,,,,,,,,,,,,,,,,,,,,,,,,,,,,,,,,,,,,,,,,,,,,,
83443001,2012,2012-03-08 16:20,2012-03-12 00:00,1251109,L,1,2,0,13,0,LEON,UNINCORPORATED,1,2012-03-08 09:34,2012-03-08 09:35,2012-03-08 09:35,2012-03-08 09:35,1,HIT AND RUN LACK OF SUSPECT VEHICLE INFORMATION,2,ZILLAH STREET,3415,,,,,,,,5,2,5,1,1,1,1,1,77,10,1,1,4,1,,,1,,,1,,,,,470,DEPUTY,SHADE,,MCMILLIAN,,LEON CO SO,2,2012-03-30 12:21,,,,,,,,,,,,,,,,,,,,,,,,,,,,,,,,,,,,,,,,,,,,,,,,,,,,,,,,,,,,,,
83443090,2012,2012-03-24 10:24,2012-03-24 00:00,1260347,L,1,2,0,13,0,LEON,UNINCORPORATED,1,2012-03-24 10:24,2012-03-24 10:29,2012-03-24 10:30,2012-03-24 10:44,2,,2,NORTH MONROE STREET,5810,,,,,,,,9,3,1,1,1,2,2,1,77,10,8,1,1,1,,,1,,,1,,,,,587,,ALEX,,SANDERSON,,LEON CO SO,2,2012-04-04 19:04,,,,,,,,,,,,,,,,,,,,,,,,,,,,,,,,,,,,,,,,,,,,,,,,,,,,,,,,,,,,,,
71905811,2012,2012-03-28 21:51,2012-03-28 22:39,12008327,L,1,1,0,13,50,13,50,2,2012-03-28 21:51,2012-03-28 21:53,2012-03-28 21:57,2012-03-28 22:30,2,,1,WEST US HWY 90 Tennessee St,1525,,,,,,,,2,1,1,1,4,1,1,1,77,10,1,1,1,1,,,1,,,1,,,,,10679,Officer,,,,,Tallahassee Police Department,2,2012-04-03 10:26,,,,,,,,,,,,,,,,,,,,,,,,,,,,,,,,,,,,,,,,,,,,,,,,,,,,,,,,,,,,,,
71905854,2012,2012-03-31 08:37,2012-03-31 09:59,12008612,L,1,3,0,13,50,13,50,2,2012-03-31 08:37,2012-03-31 08:39,2012-03-31 08:41,2012-03-31 09:58,2,,2,Circle Dr,,,,,,,Myers Park Dr,,5,3,4,2,3,2,1,1,77,10,1,,2,1,,,1,,,1,,,,,92041,Officer,,,,,Tallahassee Police Department,2,2012-04-03 10:26,,,,,,,,,,,,,,,,,,,,,,,,,,,,,,,,,,,,,,,,,,,,,,,,,,,,,,,,,,,,,,
83443086,2012,2012-03-01 11:00,2012-03-23 00:00,1259739,L,1,2,0,13,50,LEON,TALLAHASSEE,2,2012-03-01 09:56,2012-03-01 10:33,2012-03-01 10:44,2012-03-01 11:12,2,,2,S LIPONA,,,,,,,BELLEVUE WAY,,5,3,2,1,1,1,1,1,77,10,2,1,1,88,,,88,,,1,,,,,438,DEPUTY,D,,SMALLRIDGE,,LEON CO SO,2,2012-04-02 18:59,,,,,,,,,,,,,,,,,,,,,,,,,,,,,,,,,,,,,,,,,,,,,,,,,,,,,,,,,,,,,,
71905915,2012,2012-04-04 15:28,2012-04-04 16:09,12009063,L,1,3,0,13,50,13,50,2,2012-04-04 15:28,2012-04-04 15:28,2012-04-04 15:30,2012-04-04 16:05,2,,2,WEST Call St,,,,50,,E,Stadium Dr,,5,3,1,1,1,2,1,1,77,10,1,1,1,1,,,77,,,1,,,,,63006,Officer,,,,,Tallahassee Police Department,2,2012-04-07 10:21,,,,,,,,,,,,,,,,,,,,,,,,,,,,,,,,,,,,,,,,,,,,,,,,,,,,,,,,,,,,,,
71905926,2012,2012-04-04 12:42,2012-04-04 13:44,12009043,L,1,2,0,13,50,13,50,2,2012-04-04 12:42,2012-04-04 12:47,2012-04-04 13:02,2012-04-04 13:32,1,HIT & RUN,2,W Tennessee St,,,,45,,S,Basin St,,3,3,77,1,1,1,1,1,3,10,2,1,4,1,,,1,,,1,,,,,93788,Officer,,,,,Tallahassee Police Department,2,2012-04-07 10:21,,,,,,,,,,,,,,,,,,,,,,,,,,,,,,,,,,,,,,,,,,,,,,,,,,,,,,,,,,,,,,
71905971,2012,2012-04-07 20:01,2012-04-08 00:21,12009427,L,1,3,0,13,50,13,50,2,2012-04-07 20:01,2012-04-07 20:06,2012-04-07 20:07,2012-04-07 20:55,2,,1,John Knox Rd,,,,400,,E,Silver Slipper Ln,,5,3,77,1,2,1,1,1,77,10,1,1,4,1,,,1,,,1,,,,,96708,Officer,,,,,Tallahassee Police Department,2,2012-04-11 10:26,,,,,,,,,,,,,,,,,,,,,,,,,,,,,,,,,,,,,,,,,,,,,,,,,,,,,,,,,,,,,,
71905982,2012,2012-04-06 13:54,2012-04-06 14:34,12009299,L,1,2,0,13,50,13,50,2,2012-04-06 13:54,2012-04-06 13:54,2012-04-06 13:56,,2,,2,US  90 Hwy,,,,150,,W,SR  363,,2,3,1,1,1,1,1,1,77,10,1,,,1,,,1,,,1,,,,,30425,Officer,,,,,Tallahassee Police Department,2,2012-04-11 10:26,,,,,,,,,,,,,,,,,,,,,,,,,,,,,,,,,,,,,,,,,,,,,,,,,,,,,,,,,,,,,,
71906102,2012,2012-04-18 15:52,2012-04-18 18:20,12010429,L,1,3,0,13,50,13,50,2,2012-04-18 15:52,2012-04-18 15:52,2012-04-18 15:54,2012-04-18 18:00,2,,2,Old St Augustine Rd,,,,,,,Executive Center Blvd,,5,2,2,1,1,3,8,1,77,10,1,1,1,9,,,2,,,1,,,,,95214,Officer,,,,,Tallahassee Police Department,2,2012-04-21 10:29,,,,,,,,,,,,,,,,,,,,,,,,,,,,,,,,,,,,,,,,,,,,,,,,,,,,,,,,,,,,,,
71906109,2012,2012-04-17 15:30,2012-04-18 19:50,12010318,L,1,4,0,13,50,13,50,2,2012-04-17 15:38,2012-04-17 15:38,2012-04-17 15:38,2012-04-17 15:38,2,,2,Grove Park Dr,,,,,,,Shumard Oak Blvd,,5,1,3,2,1,1,1,1,4,10,1,1,3,1,,,1,,,1,,,,,98567,Officer,,,,,Tallahassee Police Department,2,2012-04-21 10:29,,,,,,,,,,,,,,,,,,,,,,,,,,,,,,,,,,,,,,,,,,,,,,,,,,,,,,,,,,,,,,
71906237,2012,2012-04-30 11:19,2012-04-30 11:19,12011556,L,1,2,0,13,50,13,50,2,2012-04-30 11:19,2012-04-30 11:21,2012-04-30 11:28,2012-04-30 12:54,2,,2,Capital Cir,2111,,,,,,,,9,3,1,1,1,1,1,1,77,10,1,,,1,,,1,,,1,,,,,89614,Officer,,,,,Tallahassee Police Department,2,2012-05-05 10:28,,,,,,,,,,,,,,,,,,,,,,,,,,,,,,,,,,,,,,,,,,,,,,,,,,,,,,,,,,,,,,
71906087,2012,2012-04-17 18:00,2012-04-18 00:48,12010366,L,1,1,0,13,50,13,50,2,2012-04-17 23:24,2012-04-17 23:28,2012-04-17 23:28,2012-04-17 23:50,1,Hit and Run,2,Ocala Rd,,,,,,,Heritage Grove Cir,,5,3,2,1,1,1,1,1,77,10,1,1,1,1,,,1,,,1,,,,,35666,Officer,,,,,Tallahassee Police Department,2,2012-04-19 10:20,,,,,,,,,,,,,,,,,,,,,,,,,,,,,,,,,,,,,,,,,,,,,,,,,,,,,,,,,,,,,,
71905827,2012,2012-03-30 01:49,2012-04-05 12:20,12008463,U,1,4,0,13,50,13,50,2,2012-03-30 01:49,2012-03-30 01:49,2012-03-30 01:49,2012-03-30 04:00,2,,2,Jackson Bluff Rd,,,,,,,Murat St,,5,1,2,2,4,1,1,1,77,10,1,1,3,1,,,1,,,1,,,,,94858,Officer,,,,,Tallahassee Police Department,2,2012-04-19 10:20,,,,,,,,,,,,,,,,,,,,,,,,,,,,,,,,,,,,,,,,,,,,,,,,,,,,,,,,,,,,,,
83443125,2012,2012-03-28 21:45,2012-03-28 00:00,1263672,L,1,2,0,13,0,LEON,UNINCORPORATED,1,2012-03-28 21:47,2012-03-28 21:49,2012-03-28 21:52,2012-03-28 22:51,1,UK,2,NORTH MONROE STREET,,,,100,,S,NORTHMONT DRIVE,,3,2,1,1,4,1,1,1,77,10,1,1,1,1,,,1,,,1,,,,,561,DEPUTY,D,,GANEY,,LEON CO SO,2,2012-04-26 19:05,,,,,,,,,,,,,,,,,,,,,,,,,,,,,,,,,,,,,,,,,,,,,,,,,,,,,,,,,,,,,,
71976776,2012,2012-04-24 00:00,2012-04-24 13:42,12082295,L,1,2,0,13,0,Leon,UNINCORPORATED,1,2012-04-24 08:18,2012-04-24 08:21,2012-04-24 08:28,2012-04-24 09:07,2,,1,DOONESBURY WAY,,,,200,,E,ZONKERS COURT,,4,2,1,,1,1,1,1,77,10,1,1,1,1,,,1,,,1,,,,,10828,Dep.,,,,,Leon County Sheriff's Office,3,2012-04-26 10:24,,,,,,,,,,,,,,,,,,,,,,,,,,,,,,,,,,,,,,,,,,,,,,,,,,,,,,,,,,,,,,
71905921,2012,2012-04-04 20:55,2012-04-24 10:55,12009100,U,1,1,0,13,50,13,50,2,2012-04-04 21:02,2012-04-04 21:03,2012-04-04 21:08,2012-04-04 21:38,2,,2,Wahnish Way,,,,,,,Gibbs Hall Trl,,5,3,3,1,4,2,1,1,3,10,1,1,1,1,,,1,,,1,,,,,43769,Investigator,,,,,Tallahassee Police Department,2,2012-05-01 10:32,,,,,,,,,,,,,,,,,,,,,,,,,,,,,,,,,,,,,,,,,,,,,,,,,,,,,,,,,,,,,,
71906186,2012,2012-04-23 12:02,2012-04-23 12:02,12010881,L,1,2,0,13,50,13,50,2,2012-04-23 12:02,2012-04-23 12:04,2012-04-23 12:17,2012-04-23 15:51,2,,2,NORTH Magnolia Dr,205,,,,,,,,9,3,1,1,1,1,1,1,77,10,1,,,1,,,1,,,1,,,,,89614,Officer,,,,,Tallahassee Police Department,2,2012-05-01 10:32,,,,,,,,,,,,,,,,,,,,,,,,,,,,,,,,,,,,,,,,,,,,,,,,,,,,,,,,,,,,,,
83459694,2012,2012-05-15 00:00,2012-05-15 08:42,120097328,L,1,3,0,13,50,Leon,Tallahassee,2,2012-05-15 07:31,2012-05-15 07:34,2012-05-15 07:50,2012-05-15 09:34,2,,1,RIDGE ROAD,,,,300,,E,SUNKISSED,,4,2,1,,1,1,1,3,77,10,1,1,1,1,,,1,,,1,,,,,10538,Dep.,,,,,Leon County Sheriff's Office,3,2012-05-16 10:33,,,,,,,,,,,,,,,,,,,,,,,,,,,,,,,,,,,,,,,,,,,,,,,,,,,,,,,,,,,,,,
71906476,2012,2012-05-22 02:05,2012-05-22 03:14,12013691,L,1,1,0,13,50,13,50,2,2012-05-22 02:05,2012-05-22 02:08,2012-05-22 02:14,2012-05-22 02:30,1,HIT AND RUN,2,WEST Pensacola St,2020,,,,,,,,9,1,1,1,4,1,1,1,1,10,2,1,77,1,,,1,,,1,,,,,98630,Officer,,,,,Tallahassee Police Department,2,2012-05-23 10:39,,,,,,,,,,,,,,,,,,,,,,,,,,,,,,,,,,,,,,,,,,,,,,,,,,,,,,,,,,,,,,
71906481,2012,2012-05-22 10:28,2012-05-22 10:40,12013711,L,1,2,0,13,50,13,50,2,2012-05-22 10:30,2012-05-22 10:31,2012-05-22 10:33,,2,,2,Maclay Blvd,3521,,,,,,,,9,3,1,1,1,1,1,1,3,10,2,,1,1,,,1,,,1,,,,,7408,Officer,,,,,Tallahassee Police Department,2,2012-05-23 10:39,,,,,,,,,,,,,,,,,,,,,,,,,,,,,,,,,,,,,,,,,,,,,,,,,,,,,,,,,,,,,,
71905570,2012,2012-03-08 22:56,2012-06-06 12:48,12006306,U,1,2,0,13,50,13,50,2,2012-03-08 22:56,2012-03-08 22:58,2012-03-08 22:59,2012-03-09 01:03,2,,2,NORTH Monroe St,,,,150,,E,Lake Shore Dr,,3,3,1,1,4,1,1,1,77,10,1,1,88,1,1,1,1,1,1,1,,,,,93982,Inv.,,,,,Tallahassee Police Department,2,2012-06-08 10:24,,,,,,,,,,,,,,,,,,,,,,,,,,,,,,,,,,,,,,,,,,,,,,,,,,,,,,,,,,,,,,
71906628,2012,2012-06-07 08:13,2012-06-07 08:44,12015203,L,1,2,0,13,50,13,50,2,2012-06-07 08:13,2012-06-07 08:14,2012-06-07 08:16,2012-06-07 09:13,2,,2,SOUTH Magnolia Dr,,,,150,,S,Lafayette St,,4,3,1,1,1,2,2,1,,10,1,,77,1,,,1,,,1,,,,,51213,Officer,,,,,Tallahassee Police Department,2,2012-06-08 10:25,,,,,,,,,,,,,,,,,,,,,,,,,,,,,,,,,,,,,,,,,,,,,,,,,,,,,,,,,,,,,,
71906987,2012,2012-07-05 20:20,2012-07-05 21:30,12017892,L,1,2,0,13,50,13,50,2,2012-07-05 20:22,2012-07-05 20:23,2012-07-05 20:30,2012-07-05 20:50,2,,2,NORTH Mission Rd,,,,,,,Catawba St,,5,3,3,1,1,1,1,1,77,10,1,1,2,1,,,1,,,1,,,,,94857,Officer,,,,,Tallahassee Police Department,2,2012-07-10 10:31,,,,,,,,,,,,,,,,,,,,,,,,,,,,,,,,,,,,,,,,,,,,,,,,,,,,,,,,,,,,,,
71907022,2012,2012-07-06 16:27,2012-07-06 21:08,12017982,L,1,2,0,13,50,13,50,2,2012-07-06 16:27,2012-07-06 16:28,2012-07-06 16:29,2012-07-06 16:43,2,,2,WEST US 90 Tennessee ST Hwy,,,,215,,E,High Rd,,2,1,1,2,1,1,1,1,3,10,1,1,1,1,,,1,,,1,,,,,98567,Officer,,,,,Tallahassee Police Department,2,2012-07-10 10:31,,,,,,,,,,,,,,,,,,,,,,,,,,,,,,,,,,,,,,,,,,,,,,,,,,,,,,,,,,,,,,
71906964,2012,2012-07-04 01:15,2012-07-04 02:54,12017727,L,1,3,0,13,50,13,50,2,2012-07-04 01:19,2012-07-04 01:19,2012-07-04 01:25,2012-07-04 02:15,2,,2,E Vassar Rd,2621,,,,,,,,5,1,1,1,4,1,1,1,4,10,1,1,77,1,,,1,,,1,,,,,94598,Officer,,,,,Tallahassee Police Department,2,2012-07-10 10:31,,,,,,,,,,,,,,,,,,,,,,,,,,,,,,,,,,,,,,,,,,,,,,,,,,,,,,,,,,,,,,
71907111,2012,2012-07-12 11:25,2012-07-13 07:39,12018503,U,1,2,0,13,50,13,50,2,2012-07-12 11:29,2012-07-12 11:30,2012-07-12 11:34,2012-07-12 12:45,2,,2,Paul Russell Rd,,,,20,,W,SOUTH Monroe St,,3,3,1,2,1,1,1,1,77,10,1,1,1,1,,,1,,,1,,,,,93982,Investigator,,,,,Tallahassee Police Department,2,2012-07-28 10:39,,,,,,,,,,,,,,,,,,,,,,,,,,,,,,,,,,,,,,,,,,,,,,,,,,,,,,,,,,,,,,
71905948,2012,2012-04-06 02:24,2012-04-06 04:03,12009259,U,1,4,0,13,50,13,50,2,2012-04-06 02:26,2012-04-06 02:26,2012-04-06 02:27,2012-04-06 06:58,1,,2,NORTH Ocala Rd,50,,,500,,S,Honeysuckle Dr,,5,3,1,2,4,1,1,1,77,10,1,1,77,1,,,1,,,1,,,,,97348,Officer,,,,,Tallahassee Police Department,2,2012-08-09 10:31,,,,,,,,,,,,,,,,,,,,,,,,,,,,,,,,,,,,,,,,,,,,,,,,,,,,,,,,,,,,,,
71905974,2012,2012-04-07 21:42,2012-07-23 15:20,12009438,U,2,2,0,13,50,13,50,2,2012-04-07 21:42,2012-04-07 21:48,2012-04-07 21:49,2012-04-08 02:39,2,,2,Woodville Hwy,3601,,,,,,,,5,3,1,2,4,1,1,1,77,10,2,1,1,77,,,77,,,1,,,,,98567,Officer,,,,,Tallahassee Police Department,2,2012-07-28 10:39,,,,,,,,,,,,,,,,,,,,,,,,,,,,,,,,,,,,,,,,,,,,,,,,,,,,,,,,,,,,,,
71907389,2012,2012-07-27 02:16,2012-07-27 03:03,12019922,L,1,1,0,13,50,13,50,2,2012-07-27 02:16,2012-07-27 02:18,2012-07-27 02:19,2012-07-27 03:06,1,Hit and Run,2,WEST Call St,,,,15,,W,Macomb St,,5,3,1,1,5,1,1,1,1,10,1,1,,1,,,1,,,1,,,,,99479,Officer,,,,,Tallahassee Police Department,2,2012-07-28 10:39,,,,,,,,,,,,,,,,,,,,,,,,,,,,,,,,,,,,,,,,,,,,,,,,,,,,,,,,,,,,,,
71907478,2012,2012-07-31 17:14,2012-07-31 18:48,12020322,L,1,3,0,13,50,13,50,2,2012-07-31 17:14,2012-07-31 17:18,2012-07-31 17:39,2012-07-31 18:46,2,,2,WEST Tharpe St,,,,300,,W,US 27 N Monroe St,,5,3,1,2,1,2,1,1,3,10,1,1,77,1,,,1,,,1,,,,,98793,Officer,,,,,Tallahassee Police Department,2,2012-08-07 15:58,,,,,,,,,,,,,,,,,,,,,,,,,,,,,,,,,,,,,,,,,,,,,,,,,,,,,,,,,,,,,,
83459560,2012,2012-05-31 00:00,2012-07-25 13:11,120109555,U,2,2,0,13,0,Leon,UNINCORPORATED,2,2012-05-31 16:23,2012-05-31 16:25,2012-05-31 16:33,2012-05-31 17:51,2,,2,MONDAY COURT,,,,100,,S,PAUL RISSELL ROAD,,8,2,1,,1,3,6,1,1,10,1,1,1,1,,,88,,,1,,,,,11122,Dep.,,,,,Leon County Sheriff's Office,3,2012-08-06 10:30,,,,,,,,,,,,,,,,,,,,,,,,,,,,,,,,,,,,,,,,,,,,,,,,,,,,,,,,,,,,,,
71907635,2012,2012-08-08 13:52,2012-08-08 14:50,12021079,L,1,3,0,13,50,13,50,2,2012-08-08 13:52,2012-08-08 13:55,2012-08-08 14:04,2012-08-08 14:34,2,,2,John Knox Rd,,,,300,,W,Delta Blvd,,5,3,2,1,1,3,2,1,77,10,1,2,4,1,,,1,,,1,,,,,81460,Officer,,,,,Tallahassee Police Department,2,2012-08-11 10:30,,,,,,,,,,,,,,,,,,,,,,,,,,,,,,,,,,,,,,,,,,,,,,,,,,,,,,,,,,,,,,
91768047,2012,2012-04-22 21:50,2012-04-22 00:00,2012-0404,L,1,3,0,13,30,LEON,FLORIDA A&M UNIVERSI,2,2012-04-22 21:51,2012-04-22 21:54,2012-04-22 21:54,2012-04-22 22:30,2,,1,WAHNISH WAY,1521,,,150,,S,GAMBLE STREET AND WAHNISH WAY,,5,3,1,2,6,1,1,1,77,10,1,1,77,1,,,77,,,1,,,,,709,OFFICER,,,,,FAMU PD,2,2012-08-14 10:33,,,,,,,,,,,,,,,,,,,,,,,,,,,,,,,,,,,,,,,,,,,,,,,,,,,,,,,,,,,,,,
82092780,2012,2012-08-11 23:52,2012-08-17 17:20,FHPH12OFF019327,U,1,3,0,13,0,LEON,UNINCORPORATED,1,2012-08-11 23:56,2012-08-11 23:59,2012-08-12 00:24,2012-08-12 02:16,2,,2,STATE ROAD 263,,30.4577116666667,-84.2604283333333,,,,WOODLANE CIRCLE,,3,1,2,1,5,1,1,1,77,10,1,1,2,1,,,1,,,1,,,,,2376,TROOPER,,,,,FLORIDA HIGHWAY PATROL,1,2012-08-19 10:24,,,,,,,,,,,,,,,,,,,,,,,,,,,,,,,,,,,,,,,,,,,,,,,,,,,,,,,,,,,,,,
83151315,2012,2012-08-16 16:13,2012-08-16 17:16,FHPH12OFF019790,L,1,2,0,13,0,LEON,UNINCORPORATED,1,2012-08-16 16:17,2012-08-16 16:22,2012-08-16 16:55,2012-08-16 18:57,2,,2,STATE ROAD 363 NB,,30.3116266666667,-84.2469283333333,300,,N,HICKORY LANE,,3,2,1,2,1,2,1,1,77,10,1,1,1,1,,,1,,,1,,,,,3274,TROOPER,,,,,FLORIDA HIGHWAY PATROL,1,2012-08-29 10:24,,,,,,,,,,,,,,,,,,,,,,,,,,,,,,,,,,,,,,,,,,,,,,,,,,,,,,,,,,,,,,
83590432,2012,2012-09-06 15:12,2012-09-06 00:00,12023997,L,1,2,0,13,50,LEON,TALLAHASSEE,2,2012-09-06 15:12,2012-09-06 15:13,2012-09-06 15:16,2012-09-06 16:09,2,,2,N MONROE ST,,,,157,,S,SILVER SLIPPER LN,,2,3,3,1,1,1,1,1,77,10,4,1,1,1,,,1,,,1,,,,,505,OFFICER,,,,,TALLAHASSEE,2,2012-09-12 10:34,,,,,,,,,,,,,,,,,,,,,,,,,,,,,,,,,,,,,,,,,,,,,,,,,,,,,,,,,,,,,,
83590433,2012,2012-09-07 00:01,2012-09-07 00:00,12024047,L,1,2,0,13,50,LEON,TALLAHASSEE,2,2012-09-07 00:03,2012-09-07 00:05,2012-09-07 00:14,2012-09-07 01:05,1,HIT AND RUN,2,CANTON CIR,850,,,,,W,CANTON CIR,,5,3,77,1,4,1,1,1,4,10,2,1,1,1,,,1,,,1,,,,,784,OFFICER,,,,,TALLAHASSEE,2,2012-09-12 10:34,,,,,,,,,,,,,,,,,,,,,,,,,,,,,,,,,,,,,,,,,,,,,,,,,,,,,,,,,,,,,,
83590452,2012,2012-09-07 19:07,2012-09-07 00:00,12024130,L,1,2,0,13,50,LEON,TALLAHASSEE,2,2012-09-07 19:08,2012-09-07 19:09,2012-09-07 19:10,2012-09-07 19:22,2,,2,PENSACOLA ST,2020,,,,,,PARKING AREA,,5,3,1,1,1,1,1,1,77,10,1,1,1,1,,,1,,,1,,,,,354,OFFICER,,,,,TALLAHASSEE,2,2012-09-12 10:34,,,,,,,,,,,,,,,,,,,,,,,,,,,,,,,,,,,,,,,,,,,,,,,,,,,,,,,,,,,,,,
71907452,2012,2012-07-30 22:05,2012-08-31 02:18,12020260,U,1,2,0,13,50,13,50,2,2012-07-30 22:05,2012-07-30 22:05,2012-07-30 22:05,2012-07-31 00:40,,,2,Lake Bradford Rd,2293,,,,,,,,5,2,1,1,4,1,1,1,1,10,2,1,4,1,,,1,,,1,,,,,10677,Officer,,,,,Tallahassee Police Department,2,2012-09-11 10:31,,,,,,,,,,,,,,,,,,,,,,,,,,,,,,,,,,,,,,,,,,,,,,,,,,,,,,,,,,,,,,