report_number,crash_year,crash_date_time,report_date_time,investigating_agency_rep_num,form_type,total_number_of_vehicles,total_number_of_persons,total_number_of_narratives,county_code,city_code,county_name,city_name,rural_or_urban,notified_time,dispatched_time,arrived_time,cleared_time,completed_flag,reason_not_completed,notified_by,on_street_road_highway,street_address_number,latitude,longitude,feet_from_intersection,miles_from_intersection,direction_from_intersection,from_intersection_of,from_milepost_number,road_system_identifier,type_of_shoulder,type_of_intersection,photos_taken_flag,light_condition,weather_condition,road_surface_condition,school_bus_related_code,type_of_impact,first_harmful_event,harmful_event_location,interchange_flag,junction_flag,road_circumstances_1,road_circumstances_2,road_circumstances_3,environment_circumstances_1,environment_circumstances_2,environment_circumstances_3,work_zone_related_flag,location_within_zone,type_of_work_zone,workers_present,law_enforcement_present,investigator_id,investigator_rank,investigator_first_name,investigator_middle_name,investigator_last_name,investigator_suffix,investigating_agency_name,investigating_agency_type,load_dt90838674,,,,,,,,,,,,,,,,,,,,,,,,,,,,,,5,2,1,1,88,1,1,1,1,32,2,88,1,1,,,1,,,1,,,,,217,DEPUTY,,,EPLHASE,,LEON COUNTY,2,2011-03-08 15:54
84147642,2013,2013-09-27 06:35,2013-09-27 00:00,13024815,L,1,2,0,13,50,LEON,TALLAHASSEE,2,2013-09-27 06:35,2013-09-27 06:40,2013-09-27 06:43,2013-09-27 09:30,2,,2,MISSON RD N,,,,,,,THARPE ST W,,5,3,2,2,3,1,1,2,3,10,1,1,1,1,,,1,,,1,,,,,507,OFFICER,,,,,TALLAHASSEE,2,2013-10-04 12:08,,,,,,,,,,,,,,,,,,,,,,,,,,,,,,,,,,,,,,,,,,,,,,,,,,,,,,,,,,,,,,
84147181,2013,2013-09-10 06:49,2013-09-10 00:00,13023142,L,1,2,0,13,50,LEON,TALLAHASSEE,2,2013-09-10 06:49,2013-09-10 06:51,2013-09-10 06:53,2013-09-10 07:45,2,,2,GADSDEN ST,,,,,,N,TENNESSEE ST E,,5,3,2,1,4,1,1,1,77,10,1,1,1,1,,,1,,,1,,,,,653,OFFICER,,,,,TALLAHASSEE,2,2013-09-12 12:23,,,,,,,,,,,,,,,,,,,,,,,,,,,,,,,,,,,,,,,,,,,,,,,,,,,,,,,,,,,,,,
84147205,2013,2013-08-31 17:00,2013-09-10 00:00,13023222,L,1,2,0,13,50,LEON,TALLAHASSEE,2,2013-08-31 21:12,2013-08-31 21:13,2013-08-31 21:41,2013-08-31 23:33,2,,2,MICCOSUKEE COMMONS BLVD,1800,,,,,,,,9,3,1,1,1,1,1,1,77,10,1,1,1,1,,,1,,,1,,,,,312,OFFICER,,,,,TALLAHASSEE,2,2013-09-12 12:23,,,,,,,,,,,,,,,,,,,,,,,,,,,,,,,,,,,,,,,,,,,,,,,,,,,,,,,,,,,,,,
84147586,2013,2013-09-25 02:42,2013-09-25 00:00,13024614,L,1,2,0,13,50,LEON,TALLAHASSEE,2,2013-09-25 02:42,2013-09-25 02:42,2013-09-25 02:42,2013-09-25 07:00,2,,2,HIGH RD,,,,300,,N,TENNESSEE ST,,5,1,1,2,4,1,2,1,77,10,1,1,1,77,,,1,,,1,,,,,590,OFFICER,,,,,TALLAHASSEE,2,2013-09-27 12:03,,,,,,,,,,,,,,,,,,,,,,,,,,,,,,,,,,,,,,,,,,,,,,,,,,,,,,,,,,,,,,
84147347,2013,2013-09-16 05:13,2013-09-16 00:00,13023767,L,1,2,0,13,50,LEON,TALLAHASSEE,2,2013-09-16 05:13,2013-09-16 05:14,2013-09-16 05:16,2013-09-16 05:41,1,INVESTIGATION,2,E MAGNOLIA DR,,,,,,E,MERIDIAN RD,,5,2,1,2,4,1,1,1,77,10,2,1,1,1,,,1,,,1,,,,,501,PATROL,,,,,TALLAHASSEE,2,2013-09-17 12:08,,,,,,,,,,,,,,,,,,,,,,,,,,,,,,,,,,,,,,,,,,,,,,,,,,,,,,,,,,,,,,
84147165,2013,2013-09-09 07:15,2013-09-10 00:00,13023041,U,1,2,0,13,50,LEON,TALLAHASSEE,2,2013-09-09 07:15,2013-09-09 07:19,2013-09-09 07:35,2013-09-09 08:15,1,HIT AND RUN,2,6TH AVE E,,,,,,,N MONROE ST,,5,3,2,1,3,1,1,1,77,10,1,1,1,1,,,1,,,1,,,,,507,OFFICER,,,,,TALLAHASSEE,2,2013-10-07 12:22,,,,,,,,,,,,,,,,,,,,,,,,,,,,,,,,,,,,,,,,,,,,,,,,,,,,,,,,,,,,,,
12746256,2013,2013-09-23 12:16,2013-09-23 00:00,13090272,L,1,2,0,13,40,LEON,FLORIDA STATE UNIVERSITY,2,2013-09-23 12:16,2013-09-23 12:16,2013-09-23 12:16,2013-09-23 12:42,2,,2,ACADEMIC WAY,,,,300,,E,TERRITORY WAY,,5,3,1,1,1,2,2,1,77,10,1,1,1,1,,,1,,,1,,,,,442,OFFICER,UK,,BORDEN,,FLORIDA STATE UNIV POLICE,3,2013-10-14 22:27,,,,,,,,,,,,,,,,,,,,,,,,,,,,,,,,,,,,,,,,,,,,,,,,,,,,,,,,,,,,,,
12746807,2013,2013-09-25 11:42,2013-09-25 00:00,13090297,L,1,2,0,13,40,LEON,FLORIDA STATE UNIVERSITY,2,2013-09-25 11:46,2013-09-25 11:46,2013-09-25 11:50,2013-09-25 12:01,2,,1,LEARNING WAY ON SIDEWALK,989,,,,,,,,77,2,1,1,1,1,1,1,77,10,2,1,1,1,,,1,,,1,,,,,440,UNKNOWN,OMA,,NATIONS,,FLORIDA STATE UNIV POLICE,3,2013-10-14 22:27,,,,,,,,,,,,,,,,,,,,,,,,,,,,,,,,,,,,,,,,,,,,,,,,,,,,,,,,,,,,,,
12746860,2013,2013-09-11 10:16,2013-09-11 00:00,13090127,S,1,2,0,13,40,LEON,FLORIDA STATE UNIVERSITY,2,2013-09-11 10:16,2013-09-11 10:16,2013-09-11 10:18,,1,UNKNOWN,1,W CALL ST,,,,100,,W,CHEIFTAN WAY,,5,3,1,1,1,1,1,1,77,10,1,1,1,1,,,1,,,1,,,,,412,,A,,BUCKLEY,,FLORIDA STATE UNIV POLICE,3,2013-10-14 22:31,,,,,,,,,,,,,,,,,,,,,,,,,,,,,,,,,,,,,,,,,,,,,,,,,,,,,,,,,,,,,,
84147986,2013,2013-10-10 20:30,2013-10-10 00:00,13026212,L,1,2,0,13,50,LEON,TALLAHASSEE,2,2013-10-10 22:18,2013-10-10 22:19,2013-10-10 22:27,2013-10-10 22:57,1,HIT AND RUN,2,MAGNOLIA RD,,,,15,,E,DANTZLER ST,,5,3,3,1,4,1,1,1,77,10,1,1,1,1,,,1,,,1,,,,,626,PATROL OFFICER,,,,,TALLAHASSEE,2,2013-10-14 12:09,,,,,,,,,,,,,,,,,,,,,,,,,,,,,,,,,,,,,,,,,,,,,,,,,,,,,,,,,,,,,,
83143492,2013,2013-10-11 21:30,2013-10-11 22:11,FHPH13OFF031983,L,1,2,0,13,0,LEON,UNINCORPORATED,1,2013-10-11 21:35,2013-10-11 21:42,2013-10-11 21:44,2013-10-11 22:39,2,,2,INTERSTATE 10 (STATE ROAD 8),,30.4875952705474,-84.1623993088418,,,,MM 209,,1,1,1,1,4,1,1,1,77,10,1,1,1,1,,,1,,,1,,,,,2818,TROOPER,,,,,FLORIDA HIGHWAY PATROL,1,2013-10-14 12:08,,,,,,,,,,,,,,,,,,,,,,,,,,,,,,,,,,,,,,,,,,,,,,,,,,,,,,,,,,,,,,
84311541,2013,2013-10-13 08:00,2013-10-13 00:00,13026436,L,1,2,0,13,50,LEON,TALLAHASSEE,2,2013-10-13 08:54,2013-10-13 08:56,2013-10-13 08:59,2013-10-13 10:00,1,HIT AND RUN,2,CAPITAL CIR NE,3240,,,,,,,,9,3,1,1,3,1,1,1,77,10,2,1,4,1,,,88,,,1,,,,,635,OFFICER,,,,,TALLAHASSEE,2,2013-10-14 12:09,,,,,,,,,,,,,,,,,,,,,,,,,,,,,,,,,,,,,,,,,,,,,,,,,,,,,,,,,,,,,,
84311578,2013,2013-10-15 17:28,2013-10-15 00:00,13026661,L,1,2,0,13,50,LEON,TALLAHASSEE,2,2013-10-15 17:28,2013-10-15 17:30,2013-10-15 17:33,2013-10-15 18:41,2,,2,ML KING BLVD N,,,,200,,N,THARPE ST W,,5,3,1,1,1,1,1,1,77,10,1,1,1,1,,,1,,,1,,,,,565,OFFICER,,,,,TALLAHASSEE,2,2013-10-17 12:16,,,,,,,,,,,,,,,,,,,,,,,,,,,,,,,,,,,,,,,,,,,,,,,,,,,,,,,,,,,,,,
84198498,2013,2013-10-26 19:30,2013-10-26 01:55,130517853,L,1,2,0,13,0,LEON,UNINCORPORATED,1,2013-10-26 19:35,2013-10-26 19:39,2013-10-26 19:49,2013-10-26 20:30,2,,1,BLOUNSTOWN ST,1368,,,0,,,,,5,2,1,,4,1,1,1,5,10,1,1,1,1,,,1,,,1,,,,,,Dep.,,,,,Leon County Sheriff's Office,3,2013-10-31 12:40,,,,,,,,,,,,,,,,,,,,,,,,,,,,,,,,,,,,,,,,,,,,,,,,,,,,,,,,,,,,,,
84198509,2013,2013-10-13 11:15,2013-10-13 13:09,130512210,L,1,3,0,13,0,LEON,UNINCORPORATED,1,2013-10-13 11:16,2013-10-13 11:19,2013-10-13 11:32,2013-10-13 12:22,2,,1,US 90--WEST TENNESSEE ST,3891,,,0,,N,,,2,3,77,,1,1,1,1,77,10,9,1,1,1,,,1,,,1,,,,,10210,Dep.,,,,,Leon County Sheriff's Office,3,2013-10-19 12:00,,,,,,,,,,,,,,,,,,,,,,,,,,,,,,,,,,,,,,,,,,,,,,,,,,,,,,,,,,,,,,
84311680,2013,2013-10-19 03:09,2013-10-19 00:00,13027075,L,1,2,0,13,50,LEON,TALLAHASSEE,2,2013-10-19 03:10,2013-10-19 03:11,2013-10-19 03:12,2013-10-19 03:45,2,,2,PENSACOLA ST,,,,20,,E,OCALA RD N,,5,3,1,1,4,1,1,1,77,10,1,1,1,1,,,1,,,1,,,,,681,OFFICER,,,,,TALLAHASSEE,2,2013-10-21 12:04,,,,,,,,,,,,,,,,,,,,,,,,,,,,,,,,,,,,,,,,,,,,,,,,,,,,,,,,,,,,,,
1775528,2013,2013-10-15 10:46,2013-10-15 00:00,13100179,L,1,2,0,13,40,LEON,FLORIDA STATE UNIVERSITY,2,2013-10-15 10:46,2013-10-15 10:46,2013-10-15 10:52,2013-10-15 11:20,2,,1,JEFFERSON STREET,,,,,,,JEFFERSON STREET AND GRAY STREET,,5,1,3,1,1,1,1,1,77,10,1,2,2,1,,,4,,,1,,,,,421,OFFICER,YADIRA,,CAMPBELL,,FLORIDA STATE UNIV POLICE,3,2013-11-14 22:27,,,,,,,,,,,,,,,,,,,,,,,,,,,,,,,,,,,,,,,,,,,,,,,,,,,,,,,,,,,,,,
12746841,2013,2013-10-21 18:17,2013-10-21 00:00,13100259,L,1,2,0,13,40,LEON,FLORIDA STATE UNIVERSITY,2,2013-10-21 18:18,2013-10-21 06:18,2013-10-21 18:21,2013-10-21 18:56,2,,1,ACADEMIC,,,,500,,W,DEWEY ST,,5,3,1,1,1,1,1,1,3,10,1,1,1,1,,,1,,,1,,,,,435,OFFICER,R,,BAILEY,,FLORIDA STATE UNIV POLICE,3,2013-11-14 22:27,,,,,,,,,,,,,,,,,,,,,,,,,,,,,,,,,,,,,,,,,,,,,,,,,,,,,,,,,,,,,,
82014307,2013,2013-10-30 08:25,2013-10-30 10:02,FHPH13OFF034266,L,1,2,0,13,50,LEON,TALLAHASSEE,2,2013-10-30 08:27,2013-10-30 08:34,2013-10-30 08:54,2013-10-30 09:30,2,,2,U.S. 27,,30.4299270641059,-84.2435668129474,,,,PAUL RUSSELL,,3,3,3,2,1,1,1,1,77,10,1,2,2,1,,,4,,,1,,,,,1807,SERGEANT,,,,,FLORIDA HIGHWAY PATROL,1,2013-11-13 12:31,,,,,,,,,,,,,,,,,,,,,,,,,,,,,,,,,,,,,,,,,,,,,,,,,,,,,,,,,,,,,,
84312057,2013,2013-11-02 03:00,2013-11-02 00:00,13028561,L,1,2,0,13,50,LEON,TALLAHASSEE,2,2013-11-02 11:30,2013-11-02 11:45,2013-11-02 12:00,2013-11-02 12:30,1,HIT AND RUN,2,WESTRIDGE DR,,,,,,,CHAPEL DR,,5,2,2,1,6,2,88,1,,10,1,1,1,88,,,77,,,1,,,,,699,OFFICER,,,,,TALLAHASSEE POLICE DEPARTMENT,2,2013-11-04 12:30,,,,,,,,,,,,,,,,,,,,,,,,,,,,,,,,,,,,,,,,,,,,,,,,,,,,,,,,,,,,,,
84312068,2013,2013-11-02 05:35,2013-11-28 00:00,13028599,U,1,2,0,13,50,LEON,TALLAHASSEE,2,2013-11-02 17:37,2013-11-02 17:39,2013-11-02 17:41,2013-11-02 18:15,2,,2,PENSACOLA ST,2017,,,50,,W,OCALA RD,,3,3,1,1,1,1,1,1,,10,1,1,1,1,,,1,,,1,,,,,795,OFFICER,,,,,TALLAHASSEE POLICE DEPARTMENT,2,2013-12-08 12:07,,,,,,,,,,,,,,,,,,,,,,,,,,,,,,,,,,,,,,,,,,,,,,,,,,,,,,,,,,,,,,
84198718,2013,2013-11-17 17:12,2013-11-17 18:22,130527346,L,1,3,0,13,50,LEON,Tallahassee,2,2013-11-17 17:12,2013-11-17 17:12,2013-11-17 17:16,2013-11-17 18:17,2,,1,W TENNESSEE ST,3891,,,0,,,,,9,3,1,,2,1,1,1,7,10,8,1,1,1,,,1,,,1,,,,,10154,Dep.,,,,,Leon County Sheriff's Office,3,2013-11-23 12:13,,,,,,,,,,,,,,,,,,,,,,,,,,,,,,,,,,,,,,,,,,,,,,,,,,,,,,,,,,,,,,
84312686,2013,2013-11-23 01:10,2013-11-29 00:00,13030662,L,1,2,0,13,50,LEON,TALLAHASSEE,2,2013-11-23 01:10,2013-11-23 01:10,2013-11-23 01:10,2013-11-23 02:00,2,,2,MADISON ST,,,,,,,WOODWARD AVE,,5,3,3,1,4,1,1,1,,10,1,1,1,1,,,77,,,1,,,,,782,OFFICER,,,,,TALLAHASSEE POLICE DEPARTMENT,2,2013-12-03 12:19,,,,,,,,,,,,,,,,,,,,,,,,,,,,,,,,,,,,,,,,,,,,,,,,,,,,,,,,,,,,,,
84312737,2013,2013-12-02 18:00,2013-12-02 00:00,13031552,L,1,2,0,13,50,LEON,TALLAHASSEE,2,2013-12-02 18:22,2013-12-02 18:27,2013-12-02 18:32,2013-12-02 20:22,2,,2,CAPITAL CIR NE,2779,,,,,,,,9,3,1,1,4,1,1,1,,10,8,1,1,1,,,1,,,1,,,,,621,OFFICER,,,,,TALLAHASSEE POLICE DEPARTMENT,2,2013-12-04 12:13,,,,,,,,,,,,,,,,,,,,,,,,,,,,,,,,,,,,,,,,,,,,,,,,,,,,,,,,,,,,,,
84313136,2013,2013-12-18 18:29,2013-12-18 00:00,13033345,L,1,2,0,13,50,LEON,TALLAHASSEE,2,2013-12-18 18:29,2013-12-18 18:30,2013-12-18 18:30,2013-12-18 19:30,2,,2,MONROE ST N,,,,50,,S,8TH AVE,,2,3,1,1,4,1,1,1,,10,1,1,1,1,,,1,,,1,,,,,303,OFFICER,,,,,TALLAHASSEE POLICE DEPARTMENT,2,2013-12-19 12:20,,,,,,,,,,,,,,,,,,,,,,,,,,,,,,,,,,,,,,,,,,,,,,,,,,,,,,,,,,,,,,
84312252,2013,2013-11-10 18:33,2013-12-04 00:00,13029437,U,1,2,0,13,50,LEON,TALLAHASSEE,2,2013-11-10 18:33,2013-11-10 18:36,2013-11-10 18:37,2013-11-10 19:13,2,,2,CAPITAL CIR NE,2111,,,,,,,,9,3,1,1,4,1,1,1,,10,8,1,1,1,,,1,,,1,,,,,661,INVESTIGATOR,,,,,TALLAHASSEE POLICE DEPARTMENT,2,2013-12-07 12:10,,,,,,,,,,,,,,,,,,,,,,,,,,,,,,,,,,,,,,,,,,,,,,,,,,,,,,,,,,,,,,
12747065,2013,2013-11-08 22:47,2013-11-08 00:00,13110166,L,1,1,0,13,40,LEON,FLORIDA STATE UNIVERSITY,2,2013-11-08 22:47,2013-11-08 22:47,2013-11-08 22:51,2013-11-08 23:11,2,,1,1104 SPIRIT WAY,,,,,,W,CHIFTAN WAY,,5,1,1,1,4,1,1,1,77,10,1,1,1,1,,,1,,,1,,,,,441,OFFICER,NICHOLAS,,GRAY,,FLORIDA STATE UNIV POLICE,3,2013-12-13 22:29,,,,,,,,,,,,,,,,,,,,,,,,,,,,,,,,,,,,,,,,,,,,,,,,,,,,,,,,,,,,,,
12747111,2013,2013-11-18 10:50,2013-11-18 00:00,13110272,L,1,2,0,13,40,LEON,FLORIDA STATE UNIVERSITY,2,2013-11-18 13:00,2013-11-18 13:00,2013-11-18 13:00,2013-11-18 13:30,2,,1,701 JEFFERSON STREET AND GRAY STREET,,,,20,,N,UNIVERSITY WAY,,5,1,3,1,1,3,2,1,77,10,1,1,15,1,,,1,,,1,,,,,410,OFFICER,D,A,RODGERS,,FLORIDA STATE UNIV POLICE,3,2013-12-13 22:29,,,,,,,,,,,,,,,,,,,,,,,,,,,,,,,,,,,,,,,,,,,,,,,,,,,,,,,,,,,,,,
84198043,2013,2013-12-09 07:18,2013-12-11 14:31,130535225,L,1,2,0,13,50,LEON,Tallahassee,2,2013-12-09 07:36,2013-12-09 07:36,2013-12-09 07:36,2013-12-09 12:00,2,,1,JIM LEE ROAD,3013,,,0,,,,,9,3,77,,1,1,1,1,77,10,88,88,77,88,,,1,,,1,,,,,10723,Dep.,,,,,Leon County Sheriff's Office,3,2013-12-24 12:28,,,,,,,,,,,,,,,,,,,,,,,,,,,,,,,,,,,,,,,,,,,,,,,,,,,,,,,,,,,,,,
84313200,2013,2013-12-21 19:40,2013-12-21 00:00,13033647,L,2,2,0,13,50,LEON,TALLAHASSEE,2,2013-12-21 19:44,2013-12-21 19:46,2013-12-21 19:54,2013-12-21 20:25,2,,2,BODMIN MOOR DR,3351,,,,,,,,8,3,1,1,4,1,1,1,,10,2,1,1,1,,,1,,,1,,,,,701,OFFICER,,,,,TALLAHASSEE POLICE DEPARTMENT,2,2013-12-23 12:20,,,,,,,,,,,,,,,,,,,,,,,,,,,,,,,,,,,,,,,,,,,,,,,,,,,,,,,,,,,,,,
12747102,2013,2013-12-08 14:55,2013-12-08 00:00,13120087,L,1,2,0,13,40,LEON,FLORIDA STATE UNIVERSITY,2,2013-12-08 14:55,2013-12-08 14:56,2013-12-08 15:01,2013-12-08 15:45,2,,1,WEST CALL STREET,,,,,,,HONORS WAY,,5,3,3,1,1,1,1,1,3,10,1,1,1,1,,,1,,,1,,,,,443,OFFICER,JACK,,DEGRAW,,FLORIDA STATE UNIV POLICE,3,2014-01-14 22:28,,,,,,,,,,,,,,,,,,,,,,,,,,,,,,,,,,,,,,,,,,,,,,,,,,,,,,,,,,,,,,
83255948,2013,2013-12-04 21:22,2014-02-14 09:42,FHPH13OFF039560,U,1,2,0,13,,LEON,,1,2013-12-04 21:22,2013-12-04 21:22,2013-12-04 21:22,2013-12-05 00:45,2,,2,US HIGHWAY 90,,30.4644721915087,-84.2160308790658,243,,W,BUCK LAKE ROAD,,2,3,1,2,5,2,1,1,77,10,1,1,1,1,,,1,,,1,,,,,2577,CORPORAL,,,,,FLORIDA HIGHWAY PATROL,1,2014-02-17 12:23,,,,,,,,,,,,,,,,,,,,,,,,,,,,,,,,,,,,,,,,,,,,,,,,,,,,,,,,,,,,,,
83463927,2013,2013-11-05 07:30,2014-02-13 09:33,130522599,U,1,2,0,13,0,LEON,UNINCORPORATED,1,2013-11-05 18:56,2013-11-05 19:26,2013-11-05 19:38,2013-11-05 21:37,,FURTHER INTERVIEWS POSSIBLY NEEDED,2,MARCY'S WAY,,,,0,,,SISTRUNK CIRCLE,,5,2,77,,1,1,1,1,77,10,2,1,77,7,77,,77,,,1,,,,,10228,Dep.,,,,,Leon County Sheriff's Office,3,2014-02-19 12:25,,,,,,,,,,,,,,,,,,,,,,,,,,,,,,,,,,,,,,,,,,,,,,,,,,,,,,,,,,,,,,
83659046,2013,2013-10-05 20:07,2014-05-02 11:09,FHPH13OFF031240,U,1,2,0,13,0,LEON,UNINCORPORATED,1,2013-10-05 20:07,2013-10-05 20:16,2013-10-05 20:34,2013-10-06 00:10,2,,2,OLD BAINBRIDGE ROAD (CNTY ROAD 0361),,30.5153685662395,-84.3521528676113,,0.6,N,PERKINS ROAD,,4,2,1,2,5,1,1,1,77,10,1,1,1,1,,,1,,,1,,,,,2757,TROOPER,,,,,FLORIDA HIGHWAY PATROL,1,2014-05-03 12:06,,,,,,,,,,,,,,,,,,,,,,,,,,,,,,,,,,,,,,,,,,,,,,,,,,,,,,,,,,,,,,
84311592,2013,2013-10-16 12:24,2014-03-28 00:00,13026734,U,1,2,0,13,50,LEON,TALLAHASSEE,2,2013-10-16 12:24,2013-10-16 12:24,2013-10-16 12:29,2013-10-16 13:51,2,,2,PAT THOMAS BLVD,,,,184,,N,W TENNESSEE ST,,2,3,1,2,1,1,1,1,,10,1,1,1,1,,,1,,,1,,,,,321,OFFICER,,,,,TALLAHASSEE POLICE DEPARTMENT,2,2014-06-04 12:08,,,,,,,,,,,,,,,,,,,,,,,,,,,,,,,,,,,,,,,,,,,,,,,,,,,,,,,,,,,,,,
84198982,2013,2013-12-04 11:07,2014-06-16 14:52,130533621,U,1,2,0,13,50,LEON,Tallahassee,2,2013-12-04 11:07,2013-12-04 11:07,2013-12-04 11:07,2013-12-04 11:36,2,,2,GOVERNOR'S SQUARE BOULEVARD,1491,,,0,,,,,9,3,1,,1,2,1,1,77,10,1,1,1,1,,,1,,,1,,,,,,Dep.,,,,,Leon County Sheriff's Office,3,2014-06-22 12:15,,,,,,,,,,,,,,,,,,,,,,,,,,,,,,,,,,,,,,,,,,,,,,,,,,,,,,,,,,,,,,
84311854,2013,2013-10-24 21:59,2014-06-20 00:00,13027701,U,2,5,0,13,50,LEON,TALLAHASSEE,2,2013-10-24 21:59,2013-10-24 22:01,2013-10-24 22:01,2013-10-24 01:00,1,TRAFFIC HOMICIDE INVESTIGATION,2,MONROE ST N,,,,,,,CALLAWAY RD,,2,3,2,2,5,1,1,1,,10,1,1,1,1,,,1,,,1,,,,,773,INV,,,,,TALLAHASSEE POLICE DEPARTMENT,2,2014-06-22 12:15,,,,,,,,,,,,,,,,,,,,,,,,,,,,,,,,,,,,,,,,,,,,,,,,,,,,,,,,,,,,,,
84572028,2014,2014-01-10 17:12,2014-01-10 00:00,14000913,L,1,2,0,13,50,LEON,TALLAHASSEE,2,2014-01-10 17:12,2014-01-10 17:12,2014-01-10 17:12,2014-01-10 18:24,2,,2,THARPE ST W,,,,,,,DEVRA DR,,5,3,2,1,1,3,2,1,,10,1,1,1,1,,,2,,,1,,,,,338,OFFICER,,,,,TALLAHASSEE POLICE DEPARTMENT,2,2014-01-12 12:07,,,,,,,,,,,,,,,,,,,,,,,,,,,,,,,,,,,,,,,,,,,,,,,,,,,,,,,,,,,,,,
84572119,2014,2014-01-14 11:03,2014-02-21 00:00,14001280,U,1,1,0,13,50,LEON,TALLAHASSEE,2,2014-01-14 11:03,2014-01-14 11:03,2014-01-14 11:08,2014-01-14 11:45,1,HIT AND RUN,2,PENSACOLA ST W,,,,,,,CACTUS ST,,2,3,3,1,1,1,1,1,,10,1,1,1,1,,,1,,,1,,,,,661,INVESTIGATOR,,,,,TALLAHASSEE POLICE DEPARTMENT,2,2014-02-23 12:02,,,,,,,,,,,,,,,,,,,,,,,,,,,,,,,,,,,,,,,,,,,,,,,,,,,,,,,,,,,,,,
84572422,2014,2014-01-28 15:33,2014-01-28 00:00,14002675,L,1,2,0,13,50,LEON,TALLAHASSEE,2,2014-01-28 15:33,2014-01-28 15:34,2014-01-28 15:36,2014-01-28 16:58,2,,2,CAPITAL CIR NE,,,,400,,N,MAHAN DR,,2,3,1,1,1,2,1,3,,10,1,1,1,1,,,1,,,1,,,,,772,PATROL OFFICER,,,,,TALLAHASSEE POLICE DEPARTMENT,2,2014-02-02 12:08,,,,,,,,,,,,,,,,,,,,,,,,,,,,,,,,,,,,,,,,,,,,,,,,,,,,,,,,,,,,,,
12746846,2014,2014-01-15 19:20,2014-01-15 00:00,14010124,L,1,2,0,13,40,LEON,FLORIDA STATE UNIVERSITY,2,2014-01-15 20:14,2014-01-15 20:15,2014-01-15 20:17,2014-01-15 20:55,2,,1,GRAY STREET,,,,,,,UNIVERSIT WAT,,5,1,1,1,4,1,1,1,77,10,1,1,1,1,,,1,,,1,,,,,442,OFC,UNKNOWN,,BORDEN,,FLORIDA STATE UNIV POLICE,3,2014-02-17 22:28,,,,,,,,,,,,,,,,,,,,,,,,,,,,,,,,,,,,,,,,,,,,,,,,,,,,,,,,,,,,,,
84199405,2014,2014-02-06 18:34,2014-02-06 19:26,140014247,L,1,2,0,13,50,LEON,Tallahassee,2,2014-02-06 18:34,2014-02-06 18:34,2014-02-06 18:34,2014-02-06 19:30,2,,2,JACKSON BLUFF ROAD,,,,0,,,PRINCE STREET,,5,3,3,,4,1,2,1,77,10,1,1,1,1,,,1,,,1,,,,,11507,Dep.,,,,,Leon County Sheriff's Office,3,2014-02-16 12:15,,,,,,,,,,,,,,,,,,,,,,,,,,,,,,,,,,,,,,,,,,,,,,,,,,,,,,,,,,,,,,
84572788,2014,2014-02-11 09:00,2014-10-22 00:00,14004143,U,1,2,0,13,50,LEON,TALLAHASSEE,2,2014-02-11 09:31,2014-02-11 09:35,2014-02-11 09:44,2014-02-11 10:00,2,,2,HOLTON ST,,,,300,,S,PALM BEACH ST,,5,1,1,1,1,2,1,1,,10,1,1,1,88,,,1,,,1,,,,,972,OFF. MARK MEADOWS,,,,,TALLAHASSEE POLICE DEPARTMENT,2,2014-10-24 12:12,,,,,,,,,,,,,,,,,,,,,,,,,,,,,,,,,,,,,,,,,,,,,,,,,,,,,,,,,,,,,,
82196967,2014,2014-02-12 09:55,2014-02-21 10:06,14-5075,U,1,2,0,13,50,LEON,Tallahassee,2,2014-02-12 10:02,2014-02-12 10:02,2014-02-12 10:02,2014-02-12 10:10,,WILL ATTEMPT TO IDENTIFY VEHICLE 1 / DRIVER.,2,444 APPLEYARD DRIVE,,,,500,,E,PROGRESS DRIVE AND CENTURY PARK CIRCLE,,9,1,1,,1,3,2,1,77,10,1,1,1,1,,,1,,,1,,,,,121,Off.,,,,,Tallahassee Community College PD,2,2014-03-02 12:15,,,,,,,,,,,,,,,,,,,,,,,,,,,,,,,,,,,,,,,,,,,,,,,,,,,,,,,,,,,,,,
84199806,2014,2014-03-09 08:24,2014-03-09 12:11,140026690,L,1,2,0,13,50,LEON,Tallahassee,2,2014-03-09 08:24,2014-03-09 08:24,2014-03-09 08:24,2014-03-09 09:30,2,,1,KERRY FOREST PKWY,,,,0,,,US 319,,4,1,2,2,1,1,1,1,77,10,1,1,2,1,,,4,,,1,,,,,11774,Dep.,,,,,Leon County Sheriff's Office,3,2014-03-15 12:12,,,,,,,,,,,,,,,,,,,,,,,,,,,,,,,,,,,,,,,,,,,,,,,,,,,,,,,,,,,,,,
12746557,2014,2014-02-28 17:15,2014-03-01 00:00,14020330,L,1,2,0,13,40,LEON,FLORIDA STATE UNIVERSITY,2,2014-02-28 17:16,2014-02-28 17:16,2014-02-28 17:17,2014-02-28 17:50,2,,1,UNIVERSITY WAY,,,,,,W,GRAY ST,,4,1,3,1,1,1,1,1,77,10,1,1,2,1,,,1,,,1,,,,,446,OFFICER,UNKNOWN,,HORNSBY,,FLORIDA STATE UNIV POLICE,3,2014-03-13 22:31,,,,,,,,,,,,,,,,,,,,,,,,,,,,,,,,,,,,,,,,,,,,,,,,,,,,,,,,,,,,,,