report_number,crash_year,crash_date_time,report_date_time,investigating_agency_rep_num,form_type,total_number_of_vehicles,total_number_of_persons,total_number_of_narratives,county_code,city_code,county_name,city_name,rural_or_urban,notified_time,dispatched_time,arrived_time,cleared_time,completed_flag,reason_not_completed,notified_by,on_street_road_highway,street_address_number,latitude,longitude,feet_from_intersection,miles_from_intersection,direction_from_intersection,from_intersection_of,from_milepost_number,road_system_identifier,type_of_shoulder,type_of_intersection,photos_taken_flag,light_condition,weather_condition,road_surface_condition,school_bus_related_code,type_of_impact,first_harmful_event,harmful_event_location,interchange_flag,junction_flag,road_circumstances_1,road_circumstances_2,road_circumstances_3,environment_circumstances_1,environment_circumstances_2,environment_circumstances_3,work_zone_related_flag,location_within_zone,type_of_work_zone,workers_present,law_enforcement_present,investigator_id,investigator_rank,investigator_first_name,investigator_middle_name,investigator_last_name,investigator_suffix,investigating_agency_name,investigating_agency_type,load_dt90838674,,,,,,,,,,,,,,,,,,,,,,,,,,,,,,5,2,1,1,88,1,1,1,1,32,2,88,1,1,,,1,,,1,,,,,217,DEPUTY,,,EPLHASE,,LEON COUNTY,2,2011-03-08 15:54
12747138,2014,2014-02-03 15:06,2014-02-03 00:00,14020038,L,1,2,0,13,40,LEON,FLORIDA STATE UNIVERSITY,2,2014-02-03 15:06,2014-02-03 15:09,2014-02-03 15:12,2014-02-03 15:47,2,,2,SOUTH COPELAND ST,,,,,,,SOUTH COPELAND ST AND WEST COLLEGE AVE,,5,3,3,1,1,1,1,1,77,10,1,1,1,1,,,1,,,1,,,,,444,OFFICER,ANDREW,L,JOHNSON,,FLORIDA STATE UNIV POLICE,3,2014-03-13 22:31,,,,,,,,,,,,,,,,,,,,,,,,,,,,,,,,,,,,,,,,,,,,,,,,,,,,,,,,,,,,,,
85040358,2014,2014-10-18 22:32,2014-10-30 00:00,14029748,U,1,3,0,13,50,LEON,TALLAHASSEE,2,2014-10-18 22:34,2014-10-18 22:35,2014-10-18 22:36,2014-10-18 03:02,2,,2,LAFAYETTE ST E,1105,,,300,,E,SEMINOLE DR,,4,1,1,2,4,1,1,1,,10,1,1,1,1,,,1,,,1,,,,,301,INVESTIGATOR,,,,,TALLAHASSEE POLICE DEPARTMENT,2,2014-11-02 12:24,,,,,,,,,,,,,,,,,,,,,,,,,,,,,,,,,,,,,,,,,,,,,,,,,,,,,,,,,,,,,,
84573440,2014,2014-03-10 08:41,2014-03-27 00:00,14006720,U,1,3,0,13,50,LEON,TALLAHASSEE,2,2014-03-10 08:41,2014-03-10 08:42,2014-03-10 08:45,2014-03-10 10:15,2,,2,NORTH POINT BLVD,,,,5,,S,NORTHPOINT LN,,5,2,1,2,1,1,1,1,,10,1,1,1,1,,,1,,,1,,,,,301,INVESTIGATOR,,,,,TALLAHASSEE POLICE DEPARTMENT,2,2014-03-29 12:08,,,,,,,,,,,,,,,,,,,,,,,,,,,,,,,,,,,,,,,,,,,,,,,,,,,,,,,,,,,,,,
84573705,2014,2014-03-24 06:57,2014-04-30 00:00,14008005,U,1,2,0,13,50,LEON,TALLAHASSEE,2,2014-03-24 06:57,2014-03-24 06:59,2014-03-24 07:02,2014-03-24 10:29,2,,2,CAPITAL CIR NE,,,,,,,CENTERVILLE RD,,5,3,2,2,4,1,1,1,,10,1,1,1,1,,,1,,,1,,,,,334,OFC,,,,,TALLAHASSEE POLICE DEPARTMENT,2,2014-05-08 12:21,,,,,,,,,,,,,,,,,,,,,,,,,,,,,,,,,,,,,,,,,,,,,,,,,,,,,,,,,,,,,,
84573441,2014,2014-03-10 09:49,2014-03-10 00:00,14006722,L,1,2,0,13,50,LEON,TALLAHASSEE,2,2014-03-10 09:49,2014-03-10 09:51,2014-03-10 09:58,2014-03-10 10:47,2,,2,BLAIR STONE RD S,,,,115,,N,GOVERNERS SQUARE BLVD,,5,3,1,1,1,1,1,1,,10,1,1,1,14,1,,1,,,2,4,3,2,1,617,OFFICER,,,,,TALLAHASSEE POLICE DEPARTMENT,2,2014-03-11 12:33,,,,,,,,,,,,,,,,,,,,,,,,,,,,,,,,,,,,,,,,,,,,,,,,,,,,,,,,,,,,,,
84199635,2014,2014-03-20 03:08,2014-03-20 19:29,140030943,L,1,2,0,13,50,LEON,Tallahassee,2,2014-03-20 03:10,2014-03-20 03:10,2014-03-20 03:10,2014-03-20 03:48,2,,2,WHITE DRIVE,,,,150,,N,WEST TENNESSEE STREET,,5,3,1,,4,1,1,1,77,10,1,1,1,1,,,1,,,1,,,,,,Dep.,,,,,Leon County Sheriff's Office,3,2014-03-26 12:33,,,,,,,,,,,,,,,,,,,,,,,,,,,,,,,,,,,,,,,,,,,,,,,,,,,,,,,,,,,,,,
84199808,2014,2014-03-27 11:40,2014-03-27 18:02,140033851,L,1,2,0,13,50,LEON,Tallahassee,2,2014-03-27 11:40,2014-03-27 11:40,2014-03-27 11:40,2014-03-27 12:15,2,,2,SR 263,,,,50,,S,INTERSTATE 10,,3,1,2,2,1,1,1,1,77,10,1,1,2,1,,,1,,,1,,,,,11774,Dep.,,,,,Leon County Sheriff's Office,3,2014-04-02 12:26,,,,,,,,,,,,,,,,,,,,,,,,,,,,,,,,,,,,,,,,,,,,,,,,,,,,,,,,,,,,,,
84711100,2014,2014-04-24 10:12,2014-04-24 00:00,14011163,L,1,2,0,13,50,LEON,TALLAHASSEE,2,2014-04-24 10:12,2014-04-24 10:13,2014-04-24 10:17,2014-04-24 11:39,2,,2,STADIUM DR,,,,,,,HENDRY ST,,5,3,2,1,1,1,1,1,,10,1,1,1,1,,,1,,,1,,,,,780,OFC.,,,,,TALLAHASSEE POLICE DEPARTMENT,2,2014-04-25 12:10,,,,,,,,,,,,,,,,,,,,,,,,,,,,,,,,,,,,,,,,,,,,,,,,,,,,,,,,,,,,,,
12746261,2014,2014-03-28 17:23,2014-03-28 00:00,14030252,L,1,2,0,13,40,LEON,FLORIDA STATE UNIVERSITY,2,2014-03-28 17:23,2014-03-28 17:23,2014-03-28 17:34,2014-03-28 18:22,2,,1,W PENSACOLA ST,505,,,,,,,,5,1,1,1,1,3,2,1,3,10,1,1,1,1,,,1,,,1,,,,,434,OFC,MICHALE,,PALUSZEK,,FLORIDA STATE UNIV POLICE,3,2014-04-11 22:35,,,,,,,,,,,,,,,,,,,,,,,,,,,,,,,,,,,,,,,,,,,,,,,,,,,,,,,,,,,,,,
84573444,2014,2014-03-08 15:30,2014-03-10 00:00,14006746,L,1,2,0,13,50,LEON,TALLAHASSEE,2,2014-03-08 14:16,2014-03-08 15:01,2014-03-08 15:09,2014-03-08 16:00,1,HIT AND RUN,2,TEXAS ST,2525,,,,,,,,9,3,1,1,1,1,1,1,,10,1,1,1,1,,,1,,,1,,,,,558,OFFICER,,,,,TALLAHASSEE POLICE DEPARTMENT,2,2014-03-13 12:26,,,,,,,,,,,,,,,,,,,,,,,,,,,,,,,,,,,,,,,,,,,,,,,,,,,,,,,,,,,,,,
84712022,2014,2014-06-03 18:32,2014-06-03 00:00,14015182,L,1,3,0,13,50,LEON,TALLAHASSEE,2,2014-06-03 18:32,2014-06-03 18:34,2014-06-03 18:37,2014-06-03 19:05,2,,2,MONROE ST N,1700,,,20,,N,LAKE ELLA DR,,5,3,77,1,1,1,1,1,,10,10,1,1,1,,,1,,,1,,,,,303,OFFICER,,,,,TALLAHASSEE POLICE DEPARTMENT,2,2014-06-06 12:07,,,,,,,,,,,,,,,,,,,,,,,,,,,,,,,,,,,,,,,,,,,,,,,,,,,,,,,,,,,,,,
84199877,2014,2014-04-26 21:30,2014-05-04 10:30,140045406,U,1,2,0,13,0,LEON,UNINCORPORATED,1,2014-04-26 21:32,2014-04-26 21:32,2014-04-26 21:37,2014-04-26 12:31,2,TRAFFIC UNIT FOLLOWUP,1,CLARA KEE BLVD,2528,,,0,,,,,5,2,1,2,5,1,1,1,4,10,3,1,1,1,,,1,,,1,,,,,10568,Dep.,,,,,Leon County Sheriff's Office,3,2014-08-05 12:33,,,,,,,,,,,,,,,,,,,,,,,,,,,,,,,,,,,,,,,,,,,,,,,,,,,,,,,,,,,,,,
84674961,2014,2014-05-18 22:30,2014-05-20 16:23,140054895,L,1,2,0,13,0,LEON,UNINCORPORATED,1,2014-05-18 14:05,2014-05-18 14:07,2014-05-18 14:20,2014-05-18 15:27,2,,2,SHADY OAKS DR,1921,,,0,,,,,4,1,1,,4,1,1,1,77,10,8,1,4,1,1,1,1,1,1,1,,,,,11107,Dep.,,,,,Leon County Sheriff's Office,3,2014-05-26 12:14,,,,,,,,,,,,,,,,,,,,,,,,,,,,,,,,,,,,,,,,,,,,,,,,,,,,,,,,,,,,,,
84199878,2014,2014-04-28 20:15,2014-04-28 01:46,140045951,L,1,2,0,13,50,LEON,Tallahassee,2,2014-04-28 22:30,2014-04-28 22:37,2014-04-28 22:50,2014-04-28 23:45,,TRAFFIC UNIT FOLLOW UP,1,WEST 4TH AVE,450,,,0,,,,,9,3,1,2,1,1,1,1,77,10,8,1,1,1,,,1,,,1,,,,,,Dep.,,,,,Leon County Sheriff's Office,3,2014-05-03 12:07,,,,,,,,,,,,,,,,,,,,,,,,,,,,,,,,,,,,,,,,,,,,,,,,,,,,,,,,,,,,,,
12747090,2014,2014-04-19 23:30,2014-04-19 00:00,14040222,S,1,2,0,13,40,LEON,FLORIDA STATE UNIVERSITY,2,2014-04-19 23:30,2014-04-19 23:30,2014-04-19 23:30,2014-04-19 23:30,2,,2,UNIVERITY WAY AND COVACATION WAY,,,,,,,UNKNOWN,,5,1,3,1,4,3,2,1,77,10,1,1,77,1,,,1,,,1,,,,,446,OFFICER,UNKNOWN,,HORNSBY,,FLORIDA STATE UNIV POLICE,3,2014-05-05 22:46,,,,,,,,,,,,,,,,,,,,,,,,,,,,,,,,,,,,,,,,,,,,,,,,,,,,,,,,,,,,,,
84675033,2014,2014-05-25 14:10,2014-05-25 15:55,14005607,L,1,2,0,13,50,LEON,Tallahassee,1,2014-05-25 14:10,2014-05-25 14:11,2014-05-25 14:24,2014-05-25 14:57,2,,2,WOODVILLE HWY,8120,,,0,,,,,9,3,77,,1,1,1,1,77,10,8,1,1,1,,,1,,,1,,,,,10735,Dep.,,,,,Leon County Sheriff's Office,3,2014-05-31 12:09,,,,,,,,,,,,,,,,,,,,,,,,,,,,,,,,,,,,,,,,,,,,,,,,,,,,,,,,,,,,,,
84711505,2014,2014-05-08 14:47,2014-05-08 00:00,14012596,L,1,2,0,13,50,LEON,TALLAHASSEE,2,2014-05-08 14:47,2014-05-08 14:51,2014-05-08 15:00,2014-05-08 15:23,2,,2,1900 BLOCK CAPITAL CIRCLE NE,,,,150,,N,CAPITAL MEDICAL BLVD,,2,3,1,1,1,1,1,1,,10,2,1,1,1,,,1,,,1,,,,,507,OFFICER,,,,,TALLAHASSEE POLICE DEPARTMENT,2,2014-05-11 12:13,,,,,,,,,,,,,,,,,,,,,,,,,,,,,,,,,,,,,,,,,,,,,,,,,,,,,,,,,,,,,,
84712183,2014,2014-06-11 15:47,2014-06-12 00:00,14015940,L,1,2,0,13,50,LEON,TALLAHASSEE,2,2014-06-11 15:49,2014-06-11 15:50,2014-06-11 15:55,2014-06-11 16:19,2,,2,TENNESSEE ST W,,,,,,,BRONOUGH ST N,,5,3,2,1,1,1,1,1,,10,1,1,2,1,,,1,,,1,,,,,781,POLICE OFFICER,,,,,TALLAHASSEE POLICE DEPARTMENT,2,2014-06-13 12:13,,,,,,,,,,,,,,,,,,,,,,,,,,,,,,,,,,,,,,,,,,,,,,,,,,,,,,,,,,,,,,
84712049,2014,2014-06-05 16:04,2014-06-05 00:00,14015373,L,1,3,0,13,50,LEON,TALLAHASSEE,2,2014-06-05 16:05,2014-06-05 16:06,2014-06-05 16:09,2014-06-05 17:05,2,,2,WADSWORTH ST,,,,5,,N,TENN ST W,,5,3,3,1,1,1,1,1,,10,1,1,3,1,,,1,,,1,,,,,744,OFC,,,,,TALLAHASSEE POLICE DEPARTMENT,2,2014-06-11 12:18,,,,,,,,,,,,,,,,,,,,,,,,,,,,,,,,,,,,,,,,,,,,,,,,,,,,,,,,,,,,,,
84712216,2014,2014-06-13 09:40,2014-06-13 00:00,14016152,L,1,3,0,13,50,LEON,TALLAHASSEE,2,2014-06-13 09:45,2014-06-13 09:46,2014-06-13 09:50,2014-06-13 11:00,2,,2,CALL ST,,,,,,,MONROE ST N,,5,3,2,1,1,2,1,1,,10,1,1,2,1,,,1,,,1,,,,,548,OFC,,,,,TALLAHASSEE POLICE DEPARTMENT,2,2014-06-14 12:04,,,,,,,,,,,,,,,,,,,,,,,,,,,,,,,,,,,,,,,,,,,,,,,,,,,,,,,,,,,,,,
12746369,2014,2014-05-18 20:15,2014-05-18 00:00,14050136,L,1,3,0,13,40,LEON,FLORIDA STATE UNIVERSITY,2,2014-05-18 20:16,2014-05-18 20:16,2014-05-18 20:17,2014-05-18 21:30,1,SENT TO FSUPD INVESTIGATIONS FOR FURTHER INVESTIGATION,1,PRKING LOT,,,,300,,S,PARK AVE AND COPELAND STREET,,9,2,1,1,2,1,6,1,77,10,8,1,77,1,,,1,,,1,,,,,436,OFFICER,DANIEL,,CUTCHINS,,FLORIDA STATE UNIV POLICE,3,2014-06-16 22:32,,,,,,,,,,,,,,,,,,,,,,,,,,,,,,,,,,,,,,,,,,,,,,,,,,,,,,,,,,,,,,
84712583,2014,2014-07-01 10:51,2014-07-01 00:00,14018025,L,1,2,0,13,50,LEON,TALLAHASSEE,2,2014-07-01 10:51,2014-07-01 10:52,2014-07-01 11:03,2014-07-01 11:54,2,,2,MONROE ST S,,,,100,,S,TRAM RD,,2,3,3,2,1,2,1,1,,10,1,2,2,1,,,1,,,1,,,,,676,OFFICER,,,,,TALLAHASSEE POLICE DEPARTMENT,2,2014-07-04 12:07,,,,,,,,,,,,,,,,,,,,,,,,,,,,,,,,,,,,,,,,,,,,,,,,,,,,,,,,,,,,,,
84675346,2014,2014-06-02 21:20,2014-06-02 00:50,140059419,L,1,2,0,13,0,LEON,UNINCORPORATED,1,2014-06-02 21:24,2014-06-02 21:24,2014-06-02 21:32,2014-06-02 23:15,2,,2,HWY 27,,,,700,,S,SESSIONS ROAD,,2,3,2,2,4,1,1,1,77,10,1,1,2,1,,,1,,,1,,,,,11653,Dep.,,,,,Leon County Sheriff's Office,3,2014-06-08 12:11,,,,,,,,,,,,,,,,,,,,,,,,,,,,,,,,,,,,,,,,,,,,,,,,,,,,,,,,,,,,,,
84841248,2014,2014-07-05 02:54,2014-07-05 00:00,14018461,L,2,4,0,13,50,LEON,TALLAHASSEE,2,2014-07-05 02:54,2014-07-05 02:54,2014-07-05 02:58,2014-07-05 07:41,2,,2,RICHMOND ST,,,,,,N,HANCOCK ST,,5,1,1,2,4,1,1,1,,10,1,1,1,1,,,88,,,1,,,,,324,OFFICER,,,,,TALLAHASSEE POLICE DEPARTMENT,2,2014-07-08 12:30,,,,,,,,,,,,,,,,,,,,,,,,,,,,,,,,,,,,,,,,,,,,,,,,,,,,,,,,,,,,,,
84572897,2014,2014-02-15 01:47,2014-08-01 00:00,14004455,U,1,2,0,13,50,LEON,TALLAHASSEE,2,2014-02-15 01:47,2014-02-15 01:47,2014-02-15 01:47,2014-02-15 05:00,1,HIT AND RUN INVESTIGATION,2,OSCEOLA ST,623,,,100,,,MAIN ST,,5,3,1,2,4,1,1,1,,10,1,1,1,1,,,1,,,1,,,,,301,INVESTIGATOR,,,,,TALLAHASSEE POLICE DEPARTMENT,2,2014-08-03 12:09,,,,,,,,,,,,,,,,,,,,,,,,,,,,,,,,,,,,,,,,,,,,,,,,,,,,,,,,,,,,,,
84841488,2014,2014-07-16 08:00,2014-07-16 00:00,14019591,L,1,2,0,13,50,LEON,TALLAHASSEE,2,2014-07-16 08:06,2014-07-16 08:06,2014-07-16 08:11,2014-07-16 08:45,2,,2,ALABAMA ST,,,,,,,OLD BAINBRIDGE RD,,5,1,3,1,1,1,1,1,,10,1,1,1,1,,,1,,,1,,,,,598,OFFICER,,,,,TALLAHASSEE POLICE DEPARTMENT,2,2014-07-18 12:09,,,,,,,,,,,,,,,,,,,,,,,,,,,,,,,,,,,,,,,,,,,,,,,,,,,,,,,,,,,,,,
84841637,2014,2014-07-22 12:50,2014-11-21 00:00,14020251,U,1,2,0,13,50,LEON,TALLAHASSEE,2,2014-07-22 12:50,2014-07-22 13:10,2014-07-22 13:00,2014-07-22 14:15,2,,2,VIRGINIA ST W,,,,,,,BRONOUGH ST,,5,3,2,1,1,1,1,1,,10,1,2,1,1,,,1,,,1,,,,,972,OFF. MARK MEADOWS,,,,,TALLAHASSEE POLICE DEPARTMENT,2,2014-12-04 12:26,,,,,,,,,,,,,,,,,,,,,,,,,,,,,,,,,,,,,,,,,,,,,,,,,,,,,,,,,,,,,,
84841867,2014,2014-08-02 09:45,2014-08-02 00:00,14021496,L,1,2,0,13,50,LEON,TALLAHASSEE,2,2014-08-02 09:51,2014-08-02 09:58,2014-08-02 10:05,2014-08-02 10:50,2,,2,THARPE ST,,,,500,,W,MONROE ST,,5,3,1,1,1,1,1,1,,10,1,1,1,1,,,1,,,1,,,,,598,OFFICER,,,,,TALLAHASSEE POLICE DEPARTMENT,2,2014-08-04 12:16,,,,,,,,,,,,,,,,,,,,,,,,,,,,,,,,,,,,,,,,,,,,,,,,,,,,,,,,,,,,,,
84712466,2014,2014-06-25 17:33,2014-08-06 00:00,14017423,U,1,4,0,13,50,LEON,TALLAHASSEE,2,2014-06-25 17:40,2014-06-25 17:42,2014-06-25 18:05,2014-06-25 19:00,2,,2,JIM LEE RD,3377,,,,,,PARKING LOT,,5,3,1,2,1,1,1,1,,10,8,1,1,1,,,1,,,1,,,,,566,INVESTIGATOR,,,,,TALLAHASSEE POLICE DEPARTMENT,2,2014-08-09 12:07,,,,,,,,,,,,,,,,,,,,,,,,,,,,,,,,,,,,,,,,,,,,,,,,,,,,,,,,,,,,,,
83812568,2014,2014-08-10 21:25,2014-08-10 22:09,FHPH14OFF025400,L,1,2,0,13,0,LEON,UNINCORPORATED,1,2014-08-10 21:29,2014-08-10 21:31,2014-08-10 21:39,2014-08-10 22:46,2,,2,COUNTY ROAD 0356 (FRED GEORGE ROAD),,30.4928218078916,-84.3454516279559,,0.15,W,NORTH MISSION RD,,4,2,1,1,5,1,1,1,77,10,1,1,1,1,,,1,,,1,,,,,3669,TROOPER,,,,,FLORIDA HIGHWAY PATROL,1,2014-08-18 12:13,,,,,,,,,,,,,,,,,,,,,,,,,,,,,,,,,,,,,,,,,,,,,,,,,,,,,,,,,,,,,,
83305172,2014,2014-06-07 04:53,2014-08-11 10:40,FHPH14OFF021494,U,1,2,0,13,0,LEON,UNINCORPORATED,1,2014-06-07 05:05,2014-06-07 05:09,2014-06-07 05:21,2014-06-07 06:00,2,,2,UNITED STATES 27 (STATE ROAD 63) NB,,30.5498514790088,-84.3790504708886,,0.94,N,FAMILY TREE DRIVE,,2,1,1,2,5,2,2,1,77,10,1,1,1,1,,,1,,,1,,,,,2686,CORPORAL,,,,,FLORIDA HIGHWAY PATROL,1,2014-08-12 12:28,,,,,,,,,,,,,,,,,,,,,,,,,,,,,,,,,,,,,,,,,,,,,,,,,,,,,,,,,,,,,,
84674970,2014,2014-08-26 18:00,2014-08-26 00:00,140095012,L,1,2,0,13,50,LEON,Tallahassee,2,2014-08-26 20:01,2014-08-26 20:02,2014-08-26 20:15,2014-08-26 21:09,2,,1,N MONROE ST,3324,,,0,,,,,9,1,1,,1,1,1,1,77,10,2,1,1,1,,,1,,,1,,,,,,Dep.,,,,,Leon County Sheriff's Office,3,2014-09-03 12:56,,,,,,,,,,,,,,,,,,,,,,,,,,,,,,,,,,,,,,,,,,,,,,,,,,,,,,,,,,,,,,
84842235,2014,2014-08-21 06:38,2014-08-21 00:00,14023451,L,1,2,0,13,50,LEON,TALLAHASSEE,2,2014-08-21 06:39,2014-08-21 06:40,2014-08-21 06:40,2014-08-21 08:10,2,,2,THARPE ST W,,,,,,,HIGH RD,,5,3,2,1,1,1,1,1,,10,1,1,1,1,,,1,,,1,,,,,776,OFFICER,,,,,TALLAHASSEE POLICE DEPARTMENT,2,2014-08-22 12:06,,,,,,,,,,,,,,,,,,,,,,,,,,,,,,,,,,,,,,,,,,,,,,,,,,,,,,,,,,,,,,
84675978,2014,2014-08-02 12:57,2014-08-15 00:00,140084581,L,1,2,0,13,50,LEON,Tallahassee,2,2014-08-02 12:50,2014-08-02 12:57,2014-08-02 12:57,2014-08-02 12:57,2,,2,CAPITAL MEDICAL BLVD,2626,,,0,,,,,9,3,3,,1,1,1,1,77,10,1,1,2,1,,,1,,,1,,,,,11181,Dep.,,,,,Leon County Sheriff's Office,3,2014-08-24 12:17,,,,,,,,,,,,,,,,,,,,,,,,,,,,,,,,,,,,,,,,,,,,,,,,,,,,,,,,,,,,,,
84842652,2014,2014-09-06 02:05,2014-10-02 00:00,14025266,U,1,2,0,13,50,LEON,TALLAHASSEE,2,2014-09-06 02:12,2014-09-06 02:14,2014-09-06 02:15,2014-09-06 02:45,2,,2,TENNESSEE ST W,,,,25,,E,CALIARK ST,,5,3,3,2,4,1,1,1,,10,1,1,1,1,,,1,,,1,,,,,566,INVESTIGATOR,,,,,TALLAHASSEE POLICE DEPARTMENT,2,2014-10-10 12:11,,,,,,,,,,,,,,,,,,,,,,,,,,,,,,,,,,,,,,,,,,,,,,,,,,,,,,,,,,,,,,
84842733,2014,2014-09-09 07:40,2014-09-09 00:00,14025585,L,1,2,0,13,50,LEON,TALLAHASSEE,2,2014-09-09 07:41,2014-09-09 07:42,2014-09-09 07:52,2014-09-09 08:40,2,,2,TENNESSEE ST W,,,,60,,E,MACOMB ST N,,2,3,1,1,1,2,1,1,,10,1,1,1,1,,,1,,,1,,,,,759,OFFICER,,,,,TALLAHASSEE POLICE DEPARTMENT,2,2014-09-12 12:11,,,,,,,,,,,,,,,,,,,,,,,,,,,,,,,,,,,,,,,,,,,,,,,,,,,,,,,,,,,,,,
84676075,2014,2014-09-19 21:30,2014-09-22 00:00,140106100,L,1,2,0,13,50,LEON,Tallahassee,2,2014-09-19 13:57,2014-09-19 13:57,2014-09-19 13:57,2014-09-19 14:23,,HIT AND RUN INVESTIGATION,2,NORTH MERIDIAN ROAD,3000,,,0,,,,,9,2,1,,4,1,1,1,77,10,8,1,16,1,,,1,,,1,,,,,,Dep.,,,,,Leon County Sheriff's Office,3,2014-09-28 12:25,,,,,,,,,,,,,,,,,,,,,,,,,,,,,,,,,,,,,,,,,,,,,,,,,,,,,,,,,,,,,,
84675944,2014,2014-09-20 01:45,2014-09-20 00:00,1400105404,L,1,2,0,13,0,LEON,UNINCORPORATED,1,2014-09-20 01:47,2014-09-20 01:51,2014-09-20 02:10,2014-09-20 02:48,1,FORWARD TO TRAFFIC UNIT FOR FOLLOW UP,2,CONSTELLATION,3220,,,0,,,,,5,1,1,,4,1,1,1,77,10,1,1,1,1,,,1,,,1,,,,,11852,Dep.,,,,,Leon County Sheriff's Office,3,2014-09-26 12:14,,,,,,,,,,,,,,,,,,,,,,,,,,,,,,,,,,,,,,,,,,,,,,,,,,,,,,,,,,,,,,
84675268,2014,2014-07-22 15:40,2014-07-22 18:13,140079846,U,1,2,0,13,0,LEON,UNINCORPORATED,2,2014-07-22 15:41,2014-07-22 15:42,2014-07-22 15:47,2014-07-22 17:00,1,IDENTITY OF PEDESTRIAN UNKNOWN,2,JACKSON BLUFF,,,,50,,E,SAND ROAD,,5,3,1,,1,2,1,1,77,10,1,1,1,1,,,1,,,1,,,,,11527,Dep.,,,,,Leon County Sheriff's Office,3,2014-10-06 12:19,,,,,,,,,,,,,,,,,,,,,,,,,,,,,,,,,,,,,,,,,,,,,,,,,,,,,,,,,,,,,,
85039978,2014,2014-10-06 20:00,2014-10-14 00:00,14028546,U,1,2,0,13,50,LEON,TALLAHASSEE,2,2014-10-06 20:01,2014-10-06 20:02,2014-10-06 20:05,2014-10-06 23:40,1,SBI INVESTIGATION,2,TENNESSEE ST W,538,,,150,,E,COPELAND ST,,2,3,1,1,4,1,1,1,,10,1,1,1,1,,,1,,,1,,,,,724,INVESTIGATOR,,,,,TALLAHASSEE POLICE DEPARTMENT,2,2014-10-24 12:12,,,,,,,,,,,,,,,,,,,,,,,,,,,,,,,,,,,,,,,,,,,,,,,,,,,,,,,,,,,,,,
83589121,2014,2014-10-09 10:40,2014-10-09 00:00,1410-0116,L,1,2,0,13,40,LEON,FLORIDA STATE UNIV.,2,2014-10-09 10:45,2014-10-09 10:46,2014-10-09 10:50,2014-10-09 11:26,2,,2,WALKER STREET FSU P6,414,,,,,,,,9,1,1,1,1,1,1,1,,10,2,1,4,1,,,77,,,1,,,,,411,OFFICER,,,,,FSU POLICE DEPARTMENT,2,2014-10-10 12:11,,,,,,,,,,,,,,,,,,,,,,,,,,,,,,,,,,,,,,,,,,,,,,,,,,,,,,,,,,,,,,
85040067,2014,2014-10-09 09:05,2014-10-09 00:00,14028802,L,1,2,0,13,50,LEON,TALLAHASSEE,2,2014-10-09 09:05,2014-10-09 09:06,2014-10-09 09:10,2014-10-09 09:30,2,,2,ORANGE AVE E,,,,,,,MERIDIAN ST S,,5,3,2,1,1,1,1,1,,10,1,1,1,1,,,1,,,1,,,,,523,OFFICER,,,,,TALLAHASSEE POLICE DEPARTMENT,2,2014-10-20 12:25,,,,,,,,,,,,,,,,,,,,,,,,,,,,,,,,,,,,,,,,,,,,,,,,,,,,,,,,,,,,,,
84843052,2014,2014-09-21 03:22,2014-12-16 00:00,14026923,U,1,5,0,13,50,LEON,TALLAHASSEE,2,2014-09-21 03:22,2014-09-21 03:24,2014-09-21 03:26,2014-09-21 05:30,1,THI,2,TENN ST W,,,,100,,W,BREVARD ST W,,5,3,1,2,4,1,1,1,,10,1,1,1,1,,,1,,,1,,,,,724,INVESTIGATOR,,,,,TALLAHASSEE POLICE DEPARTMENT,2,2014-12-26 11:50,,,,,,,,,,,,,,,,,,,,,,,,,,,,,,,,,,,,,,,,,,,,,,,,,,,,,,,,,,,,,,
85040181,2014,2014-10-13 11:00,2014-10-13 00:00,14029281,L,1,2,0,13,50,LEON,TALLAHASSEE,2,2014-10-13 18:28,2014-10-13 18:28,2014-10-13 18:28,2014-10-13 19:00,1,HIT AND RUN,2,TENNESSEE ST W,,,,150,,W,COPELAND ST N,,5,3,1,1,1,1,1,1,,10,1,1,1,1,,,1,,,1,,,,,569,OFFICER,,,,,TALLAHASSEE POLICE DEPARTMENT,2,2014-10-14 12:40,,,,,,,,,,,,,,,,,,,,,,,,,,,,,,,,,,,,,,,,,,,,,,,,,,,,,,,,,,,,,,
85040182,2014,2014-10-13 19:46,2014-10-13 00:00,14029288,L,1,2,0,13,50,LEON,TALLAHASSEE,2,2014-10-13 19:46,2014-10-13 19:48,2014-10-13 19:56,2014-10-13 20:26,1,HIT & RUN,2,PULLEN RD,,,,100,,W,FRED SMITH RD,,5,2,1,1,4,3,2,1,,10,2,1,1,1,,,1,,,1,,,,,557,OFFICER,,,,,TALLAHASSEE POLICE DEPARTMENT,2,2014-10-14 12:40,,,,,,,,,,,,,,,,,,,,,,,,,,,,,,,,,,,,,,,,,,,,,,,,,,,,,,,,,,,,,,