report_number,crash_year,crash_date_time,report_date_time,investigating_agency_rep_num,form_type,total_number_of_vehicles,total_number_of_persons,total_number_of_narratives,county_code,city_code,county_name,city_name,rural_or_urban,notified_time,dispatched_time,arrived_time,cleared_time,completed_flag,reason_not_completed,notified_by,on_street_road_highway,street_address_number,latitude,longitude,feet_from_intersection,miles_from_intersection,direction_from_intersection,from_intersection_of,from_milepost_number,road_system_identifier,type_of_shoulder,type_of_intersection,photos_taken_flag,light_condition,weather_condition,road_surface_condition,school_bus_related_code,type_of_impact,first_harmful_event,harmful_event_location,interchange_flag,junction_flag,road_circumstances_1,road_circumstances_2,road_circumstances_3,environment_circumstances_1,environment_circumstances_2,environment_circumstances_3,work_zone_related_flag,location_within_zone,type_of_work_zone,workers_present,law_enforcement_present,investigator_id,investigator_rank,investigator_first_name,investigator_middle_name,investigator_last_name,investigator_suffix,investigating_agency_name,investigating_agency_type,load_dt90838674,,,,,,,,,,,,,,,,,,,,,,,,,,,,,,5,2,1,1,88,1,1,1,1,32,2,88,1,1,,,1,,,1,,,,,217,DEPUTY,,,EPLHASE,,LEON COUNTY,2,2011-03-08 15:54
84675502,2014,2014-10-06 07:15,2014-10-07 00:00,140111718,L,1,2,0,13,50,LEON,Tallahassee,2,2014-10-06 07:32,2014-10-06 07:32,2014-10-06 07:32,2014-10-06 10:00,,TRAFFIC FOLLOW-UP,2,W THARPE ST,1505,,,0,,,,,5,3,1,,4,1,1,1,3,10,1,1,1,1,,,1,,,1,,,,,11471,Dep.,,,,,Leon County Sheriff's Office,3,2014-10-14 12:40,,,,,,,,,,,,,,,,,,,,,,,,,,,,,,,,,,,,,,,,,,,,,,,,,,,,,,,,,,,,,,
83589141,2014,2014-10-19 00:00,2014-10-19 00:00,1410-0259,L,1,4,0,13,40,LEON,FLORIDA STATE UNIV.,2,2014-10-19 00:03,2014-10-19 00:06,2014-10-19 00:20,2014-10-19 01:26,2,,2,W ST AUGSTINE RD,1001,,,,,,,,9,2,1,2,4,1,77,1,,10,8,1,1,1,,,1,,,1,,,,,440,OFC.,,,,,FSU POLICE DEPARTMENT,2,2014-10-21 12:41,,,,,,,,,,,,,,,,,,,,,,,,,,,,,,,,,,,,,,,,,,,,,,,,,,,,,,,,,,,,,,
85040152,2014,2014-10-12 00:35,2014-10-12 00:00,14029134,L,1,2,0,13,50,LEON,TALLAHASSEE,2,2014-10-12 00:35,2014-10-12 00:35,2014-10-12 00:35,2014-10-12 02:32,2,,2,MACOMB ST,,,,,,,COLLEGE AVE W,,5,3,2,2,4,1,1,1,,10,1,1,1,1,,,1,,,1,,,,,565,OFFICER,,,,,TALLAHASSEE POLICE DEPARTMENT,2,2014-10-14 12:40,,,,,,,,,,,,,,,,,,,,,,,,,,,,,,,,,,,,,,,,,,,,,,,,,,,,,,,,,,,,,,
84676335,2014,2014-10-17 06:05,2014-10-17 00:00,140116587,U,1,2,0,13,0,LEON,UNINCORPORATED,1,2014-10-17 06:29,2014-10-17 06:29,2014-10-17 06:41,2014-10-17 07:45,2,SEE NARRATIVE,2,SILVER LAKE RD,2008,,,0,,,,,4,2,1,,5,1,1,1,5,10,1,1,1,1,,,1,,,1,,,,,11122,Dep.,,,,,Leon County Sheriff's Office,3,2014-11-03 12:26,,,,,,,,,,,,,,,,,,,,,,,,,,,,,,,,,,,,,,,,,,,,,,,,,,,,,,,,,,,,,,
85040466,2014,2014-10-23 16:24,2014-10-23 00:00,14030369,L,1,2,0,13,50,LEON,TALLAHASSEE,2,2014-10-23 16:24,2014-10-23 16:25,2014-10-23 16:29,2014-10-23 17:30,2,,2,PAUL RUSSELL RD,700,,,200,,W,ZILLAH ST,,5,2,1,1,1,1,1,1,,10,1,1,1,1,,,1,,,1,,,,,349,OFFICER,,,,,TALLAHASSEE POLICE DEPARTMENT,2,2014-10-26 11:56,,,,,,,,,,,,,,,,,,,,,,,,,,,,,,,,,,,,,,,,,,,,,,,,,,,,,,,,,,,,,,
84675648,2014,2014-09-25 12:30,2014-09-25 00:00,140107528,U,1,1,0,13,50,LEON,Tallahassee,2,2014-09-25 13:00,2014-09-25 13:00,2014-09-25 13:00,2014-09-25 13:00,1,HIT AND RUN,2,MABRY ROAD,300,,,0,,,,,5,3,1,,1,1,1,1,77,10,1,1,4,1,,,1,,,1,,,,,11507,Dep.,,,,,Leon County Sheriff's Office,3,2014-10-21 12:41,,,,,,,,,,,,,,,,,,,,,,,,,,,,,,,,,,,,,,,,,,,,,,,,,,,,,,,,,,,,,,
83589163,2014,2014-11-03 09:45,2014-11-03 00:00,1411-0028,L,1,2,0,13,40,LEON,FLORIDA STATE UNIV.,2,2014-11-03 09:45,2014-11-03 09:48,2014-11-03 09:49,2014-11-03 10:06,2,,2,STADIUM DR.,319,,,,,,,,9,1,1,1,1,1,1,1,,10,10,1,16,1,,,1,,,1,,,,,447,OFFICER,,,,,FSU POLICE DEPARTMENT,2,2014-11-04 12:51,,,,,,,,,,,,,,,,,,,,,,,,,,,,,,,,,,,,,,,,,,,,,,,,,,,,,,,,,,,,,,
85040834,2014,2014-11-03 08:05,2014-11-03 00:00,14031548,L,1,2,0,13,50,LEON,TALLAHASSEE,2,2014-11-03 08:07,2014-11-03 08:08,2014-11-03 08:12,2014-11-03 08:45,2,,2,THARPE ST W,,,,,,,COLORADO ST,,4,3,2,1,3,1,1,1,,10,1,1,1,1,,,1,,,1,,,,,759,OFFICER,,,,,TALLAHASSEE POLICE DEPARTMENT,2,2014-11-06 12:36,,,,,,,,,,,,,,,,,,,,,,,,,,,,,,,,,,,,,,,,,,,,,,,,,,,,,,,,,,,,,,
83589123,2014,2014-10-10 12:09,2014-10-10 00:00,1410-0127,L,1,2,0,13,40,LEON,FLORIDA STATE UNIV.,2,2014-10-10 12:09,2014-10-10 12:09,2014-10-10 12:09,2014-10-10 12:45,2,,2,W. CALL STREET,644,,,50,,E,DEWEY STREET,,5,1,1,1,1,1,1,1,,10,1,1,1,1,,,1,,,1,,,,,421,OFFICER,,,,,FSU POLICE DEPARTMENT,2,2014-10-13 12:17,,,,,,,,,,,,,,,,,,,,,,,,,,,,,,,,,,,,,,,,,,,,,,,,,,,,,,,,,,,,,,
85040733,2014,2014-11-01 15:52,2014-11-01 00:00,14031200,L,1,2,0,13,50,LEON,TALLAHASSEE,2,2014-11-01 15:52,2014-11-01 15:53,2014-11-01 15:55,2014-11-01 16:30,2,,2,OCALA RD,,,,5,,S,HERITAGE GROVE CIR,,5,3,2,1,1,1,1,1,,10,1,1,3,1,,,1,,,1,,,,,744,OFC,,,,,TALLAHASSEE POLICE DEPARTMENT,2,2014-11-03 12:26,,,,,,,,,,,,,,,,,,,,,,,,,,,,,,,,,,,,,,,,,,,,,,,,,,,,,,,,,,,,,,
84572720,2014,2014-02-08 09:00,2014-10-23 00:00,14003806,U,1,2,0,13,50,LEON,TALLAHASSEE,2,2014-02-08 13:05,2014-02-08 13:36,2014-02-08 13:45,2014-02-08 14:15,1,HIT AND RUN,2,ST AUGUSTINE RD,,,,,,,MIDYETTE DR,,5,2,2,1,1,2,2,1,,10,1,1,1,1,,,1,,,1,,,,,972,OFF. MARK MEADOWS,,,,,TALLAHASSEE POLICE DEPARTMENT,2,2014-10-29 12:09,,,,,,,,,,,,,,,,,,,,,,,,,,,,,,,,,,,,,,,,,,,,,,,,,,,,,,,,,,,,,,
85040194,2014,2014-10-13 23:36,2014-10-14 00:00,14029308,L,1,2,0,13,50,LEON,TALLAHASSEE,2,2014-10-13 23:36,2014-10-13 23:40,2014-10-13 23:41,2014-10-13 00:23,2,,2,WOODWARD AVE,,,,,,,MADISON ST,,5,1,3,1,4,1,1,1,,10,1,1,1,1,,,1,,,1,,,,,782,OFFICER,,,,,TALLAHASSEE POLICE DEPARTMENT,2,2014-10-16 12:32,,,,,,,,,,,,,,,,,,,,,,,,,,,,,,,,,,,,,,,,,,,,,,,,,,,,,,,,,,,,,,
85041098,2014,2014-11-14 17:47,2014-11-15 00:00,14032729,L,1,2,0,13,50,LEON,TALLAHASSEE,2,2014-11-14 17:47,2014-11-14 17:47,2014-11-14 17:54,2014-11-14 18:35,2,,2,PRESTON ST,1029,,,100,,E,ABRAHAM ST,,5,3,1,1,1,1,1,1,,10,1,1,1,1,,,1,,,1,,,,,702,POLICE OFFICER,,,,,TALLAHASSEE POLICE DEPARTMENT,2,2014-11-16 12:19,,,,,,,,,,,,,,,,,,,,,,,,,,,,,,,,,,,,,,,,,,,,,,,,,,,,,,,,,,,,,,
85091771,2014,2014-11-13 16:10,2014-11-13 00:00,140127015,L,1,2,0,13,0,LEON,UNINCORPORATED,1,2014-11-13 16:15,2014-11-13 16:15,2014-11-13 16:15,2014-11-13 16:41,2,,2,NORTH MONROE ST,,,,0,,,SESSIONS ROAD,,3,1,2,,1,1,1,1,77,10,1,2,2,1,1,1,1,1,1,1,,,,,11107,Dep.,,,,,Leon County Sheriff's Office,3,2014-11-19 12:38,,,,,,,,,,,,,,,,,,,,,,,,,,,,,,,,,,,,,,,,,,,,,,,,,,,,,,,,,,,,,,
85676875,2014,2014-12-14 10:13,2014-12-14 00:00,14035667,L,1,3,0,13,50,LEON,TALLAHASSEE,2,2014-12-14 10:13,2014-12-14 10:14,2014-12-14 10:17,2014-12-14 10:52,2,,2,MONROE ST N,,,,,,,6TH AVE E,,5,3,2,1,1,1,1,1,,10,1,1,1,1,,,4,,,1,,,,,507,OFFICER,,,,,TALLAHASSEE POLICE DEPARTMENT,2,2015-01-22 12:25,,,,,,,,,,,,,,,,,,,,,,,,,,,,,,,,,,,,,,,,,,,,,,,,,,,,,,,,,,,,,,
85041316,2014,2014-11-23 00:12,2014-11-23 00:00,14033561,L,1,2,0,13,50,LEON,TALLAHASSEE,2,2014-11-23 00:14,2014-11-23 00:15,2014-11-23 00:18,2014-11-23 01:00,2,,2,MERIDIAN ST S,,,,100,,N,POLK DR,,5,1,1,1,5,3,2,1,,10,1,1,1,10,,,2,,,1,,,,,771,OFC,,,,,TALLAHASSEE POLICE DEPARTMENT,2,2014-11-25 12:42,,,,,,,,,,,,,,,,,,,,,,,,,,,,,,,,,,,,,,,,,,,,,,,,,,,,,,,,,,,,,,
85041460,2014,2014-11-26 13:47,2014-11-26 00:00,14033910,S,1,2,0,13,50,LEON,TALLAHASSEE,2,2014-11-26 13:48,,,,,,2,BLOUNTSTOWN ST,,,,10,,N,TENN ST W,,3,,2,1,1,1,1,,,10,1,,3,,,,,,,1,,,,,744,OFC,,,,,TALLAHASSEE POLICE DEPARTMENT,2,2014-11-28 12:02,,,,,,,,,,,,,,,,,,,,,,,,,,,,,,,,,,,,,,,,,,,,,,,,,,,,,,,,,,,,,,
84676153,2014,2014-11-01 03:47,2014-11-01 00:00,140122583,U,1,6,0,13,0,LEON,UNINCORPORATED,1,2014-11-01 03:47,2014-11-01 03:47,2014-11-01 03:52,2014-11-01 05:10,2,TRAFFIC UNIT FOLLOW-UP,1,WIGGINGTON RD,3807,,,0,,,,,77,2,1,2,5,1,1,1,77,10,2,1,1,1,,,77,,,1,,,,,11384,Dep.,,,,,Leon County Sheriff's Office,3,2014-11-27 12:25,,,,,,,,,,,,,,,,,,,,,,,,,,,,,,,,,,,,,,,,,,,,,,,,,,,,,,,,,,,,,,
85041557,2014,2014-12-01 16:25,2014-12-01 00:00,14034369,L,1,2,0,13,50,LEON,TALLAHASSEE,2,2014-12-01 16:25,2014-12-01 16:25,2014-12-01 16:30,2014-12-01 17:08,2,,2,CAPITAL CIR NE,3110,,,,,,,,8,3,1,1,1,1,1,1,,10,1,1,1,1,,,77,,,1,,,,,338,OFFICER,,,,,TALLAHASSEE POLICE DEPARTMENT,2,2014-12-03 12:37,,,,,,,,,,,,,,,,,,,,,,,,,,,,,,,,,,,,,,,,,,,,,,,,,,,,,,,,,,,,,,
84676521,2014,2014-12-04 00:30,2014-12-04 00:00,140134958,L,1,2,0,13,0,LEON,UNINCORPORATED,1,2014-12-04 00:37,2014-12-04 00:37,2014-12-04 00:39,2014-12-04 01:14,2,,2,NORTH MONROE STREET,4035,,,0,,,,,2,2,1,2,5,1,1,1,77,10,1,1,1,1,,,1,,,1,,,,,11759,Dep.,,,,,Leon County Sheriff's Office,3,2014-12-09 12:57,,,,,,,,,,,,,,,,,,,,,,,,,,,,,,,,,,,,,,,,,,,,,,,,,,,,,,,,,,,,,,
84842131,2014,2014-08-15 16:00,2014-12-02 00:00,14022910,U,1,2,0,13,50,LEON,TALLAHASSEE,2,2014-08-15 16:55,2014-08-15 17:02,2014-08-15 17:02,2014-08-15 17:37,2,,2,MERIDIAN ST S,,,,200,,N,ORANGE AVE,,5,3,1,1,1,2,1,1,,10,1,1,1,1,,,1,,,1,,,,,972,OFF. MARK MEADOWS,,,,,TALLAHASSEE POLICE DEPARTMENT,2,2014-12-04 12:26,,,,,,,,,,,,,,,,,,,,,,,,,,,,,,,,,,,,,,,,,,,,,,,,,,,,,,,,,,,,,,
85091941,2014,2014-11-21 07:30,2014-12-02 00:00,140133745,L,1,2,0,13,50,LEON,Tallahassee,2,2014-11-21 07:40,2014-11-21 07:40,2014-11-21 07:45,2014-11-21 08:10,2,,2,MERIDIAN  RD,,,,5,,N,TENNESSEE ST.,,4,3,2,,1,1,1,1,77,10,1,1,1,1,,,1,,,1,,,,,10633,Dep.,,,,,Leon County Sheriff's Office,3,2014-12-08 12:41,,,,,,,,,,,,,,,,,,,,,,,,,,,,,,,,,,,,,,,,,,,,,,,,,,,,,,,,,,,,,,
84676405,2014,2014-11-26 10:30,2014-11-27 00:00,140132381,L,1,3,0,13,0,LEON,UNINCORPORATED,1,2014-11-26 13:53,2014-11-26 13:56,2014-11-26 14:15,2014-11-26 15:32,,NO CONTACT WITH THE INVOLVED DRIVER.,2,MAHAN DR.,6615,,,0,,,,,9,1,3,2,1,3,2,1,77,10,1,2,2,1,,,88,,,1,,,,,10449,Dep.,,,,,Leon County Sheriff's Office,3,2014-12-03 12:37,,,,,,,,,,,,,,,,,,,,,,,,,,,,,,,,,,,,,,,,,,,,,,,,,,,,,,,,,,,,,,
85091770,2014,2014-12-16 22:30,2014-12-16 00:00,140139550,L,1,2,0,13,50,LEON,Tallahassee,1,2014-12-16 22:36,2014-12-16 22:38,2014-12-16 22:40,2014-12-16 22:57,2,,2,AENON CHURCH ROAD,,,,20,,S,AENON CHURCH TRAIL,,5,2,2,,5,1,1,1,77,10,1,1,1,1,,,1,,,1,,,,,11717,Dep.,,,,,Leon County Sheriff's Office,3,2014-12-21 12:21,,,,,,,,,,,,,,,,,,,,,,,,,,,,,,,,,,,,,,,,,,,,,,,,,,,,,,,,,,,,,,
84676567,2014,2014-12-12 19:10,2014-12-12 00:00,140138628,U,1,2,0,13,0,LEON,UNINCORPORATED,1,2014-12-12 19:10,2014-12-12 19:10,2014-12-12 19:32,2014-12-12 20:17,2,TRAFFIC UNIT FOLLOW-UP,2,BLOUNTSTOWN HIGHWAY,7530,,,0,,,,,3,2,1,2,5,1,6,1,77,10,2,1,1,1,,,1,,,1,,,,,11507,Dep.,,,,,Leon County Sheriff's Office,3,2015-02-04 12:43,,,,,,,,,,,,,,,,,,,,,,,,,,,,,,,,,,,,,,,,,,,,,,,,,,,,,,,,,,,,,,
85676926,2014,2014-12-16 16:47,2014-12-16 00:00,14035903,L,1,2,0,13,50,LEON,TALLAHASSEE,2,2014-12-16 16:48,2014-12-16 16:48,2014-12-16 16:51,2014-12-16 18:45,2,,2,ADAMS ST S,3433,,,,,,MONROE ST S,,5,3,1,2,1,1,1,1,,10,10,1,1,1,,,1,,,1,,,,,353,OFFICER,,,,,TALLAHASSEE POLICE DEPARTMENT,2,2014-12-25 12:01,,,,,,,,,,,,,,,,,,,,,,,,,,,,,,,,,,,,,,,,,,,,,,,,,,,,,,,,,,,,,,
85677075,2014,2014-12-22 23:05,2014-12-23 00:00,14036509,L,1,7,0,13,50,LEON,TALLAHASSEE,2,2014-12-22 23:05,2014-12-22 23:06,2014-12-22 23:13,2014-12-22 23:45,2,,2,CHIPLEY ST,,,,250,,S,JACKSON BLUFF RD,,5,2,1,2,4,4,2,1,,10,1,1,1,1,,,88,,,1,,,,,561,PATROL OFFICER,,,,,TALLAHASSEE POLICE DEPARTMENT,2,2014-12-24 12:37,,,,,,,,,,,,,,,,,,,,,,,,,,,,,,,,,,,,,,,,,,,,,,,,,,,,,,,,,,,,,,
85676879,2014,2014-12-14 22:20,2014-12-14 00:00,14035722,L,1,2,0,13,50,LEON,TALLAHASSEE,2,2014-12-14 22:20,2014-12-14 22:30,2014-12-14 22:35,2014-12-14 00:00,1,HIT AND RUN,2,MAGNOLIA DR E,953,,,300,,W,OLD FORT DR,,5,2,1,1,4,1,1,1,,10,1,1,1,1,,,1,,,1,,,,,782,OFFICER,,,,,TALLAHASSEE POLICE DEPARTMENT,2,2014-12-16 12:49,,,,,,,,,,,,,,,,,,,,,,,,,,,,,,,,,,,,,,,,,,,,,,,,,,,,,,,,,,,,,,
83766054,2014,2014-09-27 21:55,2015-01-14 08:43,FHPH14OFF028131,U,1,3,0,13,0,LEON,UNINCORPORATED,1,2014-09-27 22:06,2014-09-27 22:09,2014-09-27 22:25,2014-09-28 01:28,2,,2,COUNTY ROAD 1543 (CHAIRES CROSS ROAD),,30.4283821685775,-84.1176703085827,100,,N,HENRY MOSS CIRCLE,,4,2,1,2,5,2,1,1,77,10,1,1,1,1,,,1,,,1,,,,,2577,CORPORAL,,,,,FLORIDA HIGHWAY PATROL,1,2015-01-15 12:41,,,,,,,,,,,,,,,,,,,,,,,,,,,,,,,,,,,,,,,,,,,,,,,,,,,,,,,,,,,,,,
85677112,2014,2014-12-24 13:15,2015-01-07 00:00,14036629,U,1,2,0,13,50,LEON,TALLAHASSEE,2,2014-12-24 13:46,2014-12-24 13:48,2014-12-24 14:11,2014-12-24 14:45,2,,2,BLAIR STONE RD S,3551,,,,,,,,9,3,1,1,1,2,2,1,,10,8,1,1,1,,,1,,,1,,,,,972,OFF. MARK MEADOWS,,,,,TALLAHASSEE POLICE DEPARTMENT,2,2015-01-10 12:16,,,,,,,,,,,,,,,,,,,,,,,,,,,,,,,,,,,,,,,,,,,,,,,,,,,,,,,,,,,,,,
84675961,2014,2014-09-08 20:30,2014-09-09 00:00,140100276,U,1,1,0,13,0,LEON,UNINCORPORATED,1,2014-09-08 20:49,2014-09-08 20:50,2014-09-08 21:00,2014-09-08 21:06,,TRAFFIC FOLLOW-UP   -   HIT & RUN,2,TILLIE RD,,,,0,,,DAWSON RD,,5,2,2,,5,3,2,1,77,10,1,1,1,1,,,1,,,1,,,,,11527,Dep.,,,,,Leon County Sheriff's Office,3,2015-02-17 14:01,,,,,,,,,,,,,,,,,,,,,,,,,,,,,,,,,,,,,,,,,,,,,,,,,,,,,,,,,,,,,,
83682433,2014,2014-09-15 12:08,2015-02-11 08:51,FHPH14OFF027425,U,3,3,0,13,50,LEON,TALLAHASSEE,2,2014-09-15 12:09,2014-09-15 12:11,2014-09-15 12:15,2014-09-15 15:38,1,THI INVESTIGATION,2,INTERSTATE-10 EB 197MM,,30.47811075708,-84.3394299955255,,0.3,E,MISSION RD,,1,1,1,2,1,3,2,1,4,10,3,1,1,1,,,1,,,1,,,,,1666,SERGEANT,,,,,FLORIDA HIGHWAY PATROL,1,2015-02-14 12:25,,,,,,,,,,,,,,,,,,,,,,,,,,,,,,,,,,,,,,,,,,,,,,,,,,,,,,,,,,,,,,
85677298,2015,2015-01-06 11:46,2015-01-06 00:00,15000513,L,1,2,0,13,50,LEON,TALLAHASSEE,2,2015-01-06 11:46,2015-01-06 11:47,2015-01-06 11:58,2015-01-06 12:48,2,,2,APALACHEE PKWY,3535,,,,,,,,9,3,1,2,1,1,1,1,,10,8,1,1,1,,,1,,,1,,,,,676,OFFICER,,,,,TALLAHASSEE POLICE DEPARTMENT,2,2015-01-08 12:32,,,,,,,,,,,,,,,,,,,,,,,,,,,,,,,,,,,,,,,,,,,,,,,,,,,,,,,,,,,,,,
84676480,2015,2015-01-05 13:13,2015-01-05 00:00,150001102,L,1,2,0,13,0,LEON,UNINCORPORATED,1,2015-01-05 13:13,2015-01-05 13:13,2015-01-05 13:24,2015-01-05 13:48,2,,1,MAHAN DR,6615,,,0,,,,,5,1,1,,1,1,1,1,77,10,8,1,1,1,,,1,,,1,,,,,10173,Dep.,,,,,Leon County Sheriff's Office,3,2015-01-12 12:24,,,,,,,,,,,,,,,,,,,,,,,,,,,,,,,,,,,,,,,,,,,,,,,,,,,,,,,,,,,,,,
85677483,2015,2015-01-14 10:00,2015-01-15 00:00,15001412,L,1,3,0,13,50,LEON,TALLAHASSEE,2,2015-01-14 11:11,2015-01-14 11:13,2015-01-14 11:32,2015-01-14 12:15,2,,2,OLD ST AUGUSTINE RD,1689,,,,,,,,9,2,1,1,1,2,1,1,,10,1,1,1,1,,,1,,,1,,,,,733,OFFICER,,,,,TALLAHASSEE POLICE DEPARTMENT,2,2015-01-16 12:22,,,,,,,,,,,,,,,,,,,,,,,,,,,,,,,,,,,,,,,,,,,,,,,,,,,,,,,,,,,,,,
85677478,2015,2015-01-15 12:20,2015-01-15 00:00,15001377,L,1,4,0,13,50,LEON,TALLAHASSEE,2,2015-01-15 12:20,2015-01-15 12:21,2015-01-15 12:24,2015-01-15 02:00,2,,2,STONE RD,,,,10,,E,WREN HOLLOW DR,,5,2,1,1,4,1,1,1,,10,1,1,1,1,,,1,,,1,,,,,511,OFFICER,,,,,TALLAHASSEE POLICE DEPARTMENT,2,2015-01-17 12:13,,,,,,,,,,,,,,,,,,,,,,,,,,,,,,,,,,,,,,,,,,,,,,,,,,,,,,,,,,,,,,
85677584,2015,2015-01-20 13:45,2015-01-20 00:00,15001935,L,1,2,0,13,50,LEON,TALLAHASSEE,2,2015-01-20 14:00,2015-01-20 14:02,2015-01-20 14:10,2015-01-20 14:15,1,HIT AND RUN,2,ORANGE AVE E,205,,,100,,E,MONROE ST S,,5,3,1,1,1,1,1,1,,10,10,1,1,1,,,1,,,1,,,,,740,OFFICER,,,,,TALLAHASSEE POLICE DEPARTMENT,2,2015-01-22 12:25,,,,,,,,,,,,,,,,,,,,,,,,,,,,,,,,,,,,,,,,,,,,,,,,,,,,,,,,,,,,,,
85092152,2015,2015-01-18 15:55,2015-01-18 00:00,150006151,L,1,3,0,13,50,LEON,Tallahassee,2,2015-01-18 15:57,2015-01-18 16:05,2015-01-18 18:08,2015-01-18 17:13,2,,2,WEST PENSACOLA ST,,,,0,,,MABRY ST,,3,3,3,,1,1,1,1,77,10,1,2,1,1,1,1,1,1,1,1,,,,,11601,Dep.,,,,,Leon County Sheriff's Office,3,2015-01-24 12:37,,,,,,,,,,,,,,,,,,,,,,,,,,,,,,,,,,,,,,,,,,,,,,,,,,,,,,,,,,,,,,
85840744,2015,2015-03-04 17:35,2015-05-20 00:00,15006754,U,1,2,0,13,50,LEON,TALLAHASSEE,2,2015-03-04 17:37,2015-03-04 17:37,2015-03-04 17:41,2015-03-04 19:46,2,,2,PULLEN RD,,,,40,,W,FRED SMITH RD,,5,1,1,2,1,1,1,1,,10,1,1,1,1,,,1,,,1,,,,,773,INV,,,,,TALLAHASSEE POLICE DEPARTMENT,2,2015-05-22 11:34,,,,,,,,,,,,,,,,,,,,,,,,,,,,,,,,,,,,,,,,,,,,,,,,,,,,,,,,,,,,,,
85677976,2015,2015-02-04 14:11,2015-02-04 00:00,15003747,L,1,2,0,13,50,LEON,TALLAHASSEE,2,2015-02-04 14:11,2015-02-04 14:20,2015-02-04 14:29,2015-02-04 15:30,2,,2,APALACHEE PKWY,2990,,,,,,,,9,1,1,1,1,3,2,1,,10,8,1,1,1,,,77,,,1,,,,,523,OFFICER,,,,,TALLAHASSEE POLICE DEPARTMENT,2,2015-02-05 12:28,,,,,,,,,,,,,,,,,,,,,,,,,,,,,,,,,,,,,,,,,,,,,,,,,,,,,,,,,,,,,,
85091899,2015,2015-01-23 18:57,2015-01-23 00:00,150008626,U,1,2,0,13,50,LEON,Tallahassee,2,2015-01-23 18:57,2015-01-23 18:58,2015-01-23 18:59,2015-01-23 21:11,,TURNED OVER TO THI,2,WOODVILLE HIGHWAY,,,,0,,,GAILE AVE,,2,3,2,,4,2,2,1,77,10,1,1,1,1,,,1,,,1,,,,,,Dep.,,,,,Leon County Sheriff's Office,3,2015-04-21 12:34,,,,,,,,,,,,,,,,,,,,,,,,,,,,,,,,,,,,,,,,,,,,,,,,,,,,,,,,,,,,,,
85092307,2015,2015-01-23 16:37,2015-01-23 00:00,150008569,L,1,3,0,13,0,LEON,UNINCORPORATED,1,2015-01-23 16:37,2015-01-23 16:40,2015-01-23 16:44,2015-01-23 17:38,2,,1,BALKIN   RD,1630,,,0,,,,,5,2,3,,1,2,2,1,3,10,3,2,2,1,,,1,,,1,,,,,10154,Dep.,,,,,Leon County Sheriff's Office,3,2015-01-30 12:21,,,,,,,,,,,,,,,,,,,,,,,,,,,,,,,,,,,,,,,,,,,,,,,,,,,,,,,,,,,,,,
85677852,2015,2015-01-29 15:10,2015-01-29 00:00,15003095,L,1,2,0,13,50,LEON,TALLAHASSEE,2,2015-01-29 15:11,2015-01-29 15:13,2015-01-29 15:18,2015-01-29 15:45,2,,2,STADIUM DR,,,,10,,S,SPIRIT WAY,,5,3,3,1,1,1,1,1,,10,1,1,1,1,,,4,,,1,,,,,653,OFFICER,,,,,TALLAHASSEE POLICE DEPARTMENT,2,2015-02-03 12:40,,,,,,,,,,,,,,,,,,,,,,,,,,,,,,,,,,,,,,,,,,,,,,,,,,,,,,,,,,,,,,
85677736,2015,2015-01-25 18:27,2015-01-25 00:00,15002633,L,1,3,0,13,50,LEON,TALLAHASSEE,2,2015-01-25 18:27,2015-01-25 18:27,2015-01-25 18:27,2015-01-25 18:45,2,,2,TENNESSEE ST W,,,,100,,W,ADAMS ST,,2,3,1,1,1,1,1,1,,10,1,1,1,1,,,1,,,1,,,,,565,OFFICER,,,,,TALLAHASSEE POLICE DEPARTMENT,2,2015-01-27 12:48,,,,,,,,,,,,,,,,,,,,,,,,,,,,,,,,,,,,,,,,,,,,,,,,,,,,,,,,,,,,,,
83589229,2015,2015-01-20 09:21,2015-01-20 00:00,1501-0152,L,1,2,0,13,40,LEON,FLORIDA STATE UNIV.,2,2015-01-20 09:21,2015-01-20 09:20,2015-01-20 09:24,2015-01-20 10:15,2,,2,STADIUM AND W CALL ST INTERSECTION,,,,,,,STADIUM DRIVE AND WEST CALL STREET,,3,3,2,1,1,1,1,1,,10,1,1,18,1,,,77,1,,1,,,,,428,PTL,,,,,FSU POLICE DEPARTMENT,2,2015-01-26 12:35,,,,,,,,,,,,,,,,,,,,,,,,,,,,,,,,,,,,,,,,,,,,,,,,,,,,,,,,,,,,,,
85677962,2015,2015-02-03 21:31,2015-02-03 00:00,15003676,L,1,2,0,13,50,LEON,TALLAHASSEE,2,2015-02-03 21:31,2015-02-03 21:32,2015-02-03 21:34,2015-02-03 23:00,2,,2,PENSACOLA ST W,,,,,,,WHITE DR,,5,1,2,1,4,1,1,1,,10,1,1,1,1,,,1,,,1,,,,,333,OFFICER,,,,,TALLAHASSEE POLICE DEPARTMENT,2,2015-02-06 12:28,,,,,,,,,,,,,,,,,,,,,,,,,,,,,,,,,,,,,,,,,,,,,,,,,,,,,,,,,,,,,,