report_number,crash_year,crash_date_time,report_date_time,investigating_agency_rep_num,form_type,total_number_of_vehicles,total_number_of_persons,total_number_of_narratives,county_code,city_code,county_name,city_name,rural_or_urban,notified_time,dispatched_time,arrived_time,cleared_time,completed_flag,reason_not_completed,notified_by,on_street_road_highway,street_address_number,latitude,longitude,feet_from_intersection,miles_from_intersection,direction_from_intersection,from_intersection_of,from_milepost_number,road_system_identifier,type_of_shoulder,type_of_intersection,photos_taken_flag,light_condition,weather_condition,road_surface_condition,school_bus_related_code,type_of_impact,first_harmful_event,harmful_event_location,interchange_flag,junction_flag,road_circumstances_1,road_circumstances_2,road_circumstances_3,environment_circumstances_1,environment_circumstances_2,environment_circumstances_3,work_zone_related_flag,location_within_zone,type_of_work_zone,workers_present,law_enforcement_present,investigator_id,investigator_rank,investigator_first_name,investigator_middle_name,investigator_last_name,investigator_suffix,investigating_agency_name,investigating_agency_type,load_dt90838674,,,,,,,,,,,,,,,,,,,,,,,,,,,,,,5,2,1,1,88,1,1,1,1,32,2,88,1,1,,,1,,,1,,,,,217,DEPUTY,,,EPLHASE,,LEON COUNTY,2,2011-03-08 15:54
85091750,2015,2015-01-10 00:14,2015-01-10 00:00,150003188,L,1,2,0,13,50,LEON,Tallahassee,2,2015-01-10 00:19,2015-01-10 00:20,2015-01-10 00:20,2015-01-10 03:17,2,,2,W TENNESSEE ST,1939,,,0,,,,,2,3,1,2,4,1,1,1,77,10,1,1,1,1,,,1,,,1,,,,,11527,Dep.,,,,,Leon County Sheriff's Office,3,2015-01-18 12:24,,,,,,,,,,,,,,,,,,,,,,,,,,,,,,,,,,,,,,,,,,,,,,,,,,,,,,,,,,,,,,
85092004,2015,2015-02-01 18:40,2015-02-01 00:00,150011894,L,1,2,0,13,0,LEON,UNINCORPORATED,1,2015-02-01 18:46,2015-02-01 18:49,2015-02-01 19:10,2015-02-01 19:20,2,,2,NATURAL BRIDGE ROAD,1997,,,0,,,,,4,2,1,,2,3,2,1,77,10,1,1,1,1,,,1,,,1,,,,,11758,,,,,,Leon County Sheriff's Office,3,2015-02-09 13:02,,,,,,,,,,,,,,,,,,,,,,,,,,,,,,,,,,,,,,,,,,,,,,,,,,,,,,,,,,,,,,
85678152,2015,2015-02-10 13:26,2015-02-10 00:00,15004374,L,1,2,0,13,50,LEON,TALLAHASSEE,2,2015-02-10 13:27,2015-02-10 13:29,2015-02-10 13:32,2015-02-10 14:00,2,,2,MARTIN LUTHER KING BLVD N,,,,300,,N,THARPE ST W,,4,3,1,1,1,1,1,1,,10,1,1,1,1,,,1,,,1,,,,,325,OFFICER,,,,,TALLAHASSEE POLICE DEPARTMENT,2,2015-02-12 12:37,,,,,,,,,,,,,,,,,,,,,,,,,,,,,,,,,,,,,,,,,,,,,,,,,,,,,,,,,,,,,,
85092497,2015,2015-02-16 14:10,2015-02-16 00:00,150017885,L,1,2,0,13,50,LEON,TALLAHASSEE,2,2015-02-16 14:14,2015-02-16 14:15,2015-02-16 14:25,2015-02-16 15:40,2,UNKNOWN EXTENT OF INJURIES,1,WEST TENNESSEE STREET,1775,,,0,,E,,,2,1,1,2,1,1,1,1,77,10,1,1,1,1,,,1,,,1,,,,,11507,Dep.,,,,,Leon County Sheriff's Office,3,2015-02-26 13:01,,,,,,,,,,,,,,,,,,,,,,,,,,,,,,,,,,,,,,,,,,,,,,,,,,,,,,,,,,,,,,
85842090,2015,2015-04-22 14:15,2015-04-24 00:00,15012032,U,2,3,0,13,50,LEON,TALLAHASSEE,2,2015-04-22 15:14,2015-04-22 15:15,2015-04-22 15:29,2015-04-22 17:00,2,,2,HEMLOCK ST,,,,100,,W,MAGNOLIA DR,,5,3,1,1,1,1,1,1,,10,1,1,1,1,,,1,,,1,,,,,566,INVESTIGATOR,,,,,TALLAHASSEE POLICE DEPARTMENT,2,2015-04-29 12:03,,,,,,,,,,,,,,,,,,,,,,,,,,,,,,,,,,,,,,,,,,,,,,,,,,,,,,,,,,,,,,
85678196,2015,2015-02-12 07:30,2015-02-18 00:00,15004573,U,1,2,0,13,50,LEON,TALLAHASSEE,2,2015-02-12 08:18,2015-02-12 08:20,2015-02-12 08:24,2015-02-12 09:00,2,,2,THARPE ST W,1625,,,200,,E,HIGH RD,,77,3,1,1,1,1,1,1,,10,10,1,1,1,,,88,1,,1,,,,,566,INVESTIGATOR,,,,,TALLAHASSEE POLICE DEPARTMENT,2,2015-02-21 12:43,,,,,,,,,,,,,,,,,,,,,,,,,,,,,,,,,,,,,,,,,,,,,,,,,,,,,,,,,,,,,,
85092196,2015,2015-03-06 13:00,2015-03-06 00:00,150025570,L,1,2,0,13,50,LEON,Tallahassee,2,2015-03-06 15:40,2015-03-06 15:41,2015-03-06 15:50,2015-03-06 16:25,,HIT AND RUN,1,BRITTANY BLVD,,,,0,,,CHALMETTE BLVD,,5,1,77,,1,1,1,1,77,10,1,1,3,1,,,1,,,1,,,,,11708,Dep.,,,,,Leon County Sheriff's Office,3,2015-03-14 13:17,,,,,,,,,,,,,,,,,,,,,,,,,,,,,,,,,,,,,,,,,,,,,,,,,,,,,,,,,,,,,,
85678002,2015,2015-02-04 21:52,2015-03-16 00:00,15003805,U,1,2,0,13,50,LEON,TALLAHASSEE,2,2015-02-04 21:53,2015-02-04 21:54,2015-02-04 21:55,2015-02-04 22:30,2,,2,TENNESSEE ST E,,,,,,,MONROE ST N,,2,3,2,1,4,3,2,1,,10,1,1,1,1,,,1,,,1,,,,,301,INVESTIGATOR,,,,,TALLAHASSEE POLICE DEPARTMENT,2,2015-03-26 12:34,,,,,,,,,,,,,,,,,,,,,,,,,,,,,,,,,,,,,,,,,,,,,,,,,,,,,,,,,,,,,,
85840891,2015,2015-03-11 08:54,2015-03-24 00:00,15007398,U,1,2,0,13,50,LEON,TALLAHASSEE,2,2015-03-11 08:54,2015-03-11 08:57,2015-03-11 09:05,2015-03-11 10:20,2,,2,TENNESSEE ST W,,,,200,,E,DEWEY ST,,2,1,1,2,1,1,1,1,,10,1,1,1,1,,,77,,,1,,,,,334,OFC,,,,,TALLAHASSEE POLICE DEPARTMENT,2,2015-03-26 12:35,,,,,,,,,,,,,,,,,,,,,,,,,,,,,,,,,,,,,,,,,,,,,,,,,,,,,,,,,,,,,,
85092552,2015,2015-03-13 10:00,2015-03-13 00:00,150028287,L,1,2,0,13,0,LEON,UNINCORPORATED,1,2015-03-13 10:04,2015-03-13 10:05,2015-03-13 10:15,2015-03-13 10:35,2,,2,GRENVILLE ROAD,7012,,,0,,,,,5,1,1,,1,1,1,1,77,10,1,1,1,4,,,1,,,2,4,77,2,1,11181,Dep.,,,,,Leon County Sheriff's Office,3,2015-03-19 12:41,,,,,,,,,,,,,,,,,,,,,,,,,,,,,,,,,,,,,,,,,,,,,,,,,,,,,,,,,,,,,,
85841270,2015,2015-03-26 18:47,2015-03-26 00:00,15009021,L,1,3,0,13,50,LEON,TALLAHASSEE,2,2015-03-26 18:47,2015-03-26 18:48,2015-03-26 18:56,2015-03-26 19:20,2,,2,TENNESSEE ST W,2009,,,,,,,,9,3,1,1,1,2,2,1,,10,1,1,1,1,,,1,,,1,,,,,565,OFFICER,,,,,TALLAHASSEE POLICE DEPARTMENT,2,2015-03-28 12:13,,,,,,,,,,,,,,,,,,,,,,,,,,,,,,,,,,,,,,,,,,,,,,,,,,,,,,,,,,,,,,
83589284,2015,2015-03-19 14:13,2015-03-19 00:00,1503-0188,L,1,2,0,13,40,LEON,FLORIDA STATE UNIV.,2,2015-03-19 14:13,2015-03-19 14:13,2015-03-19 14:14,2015-03-19 14:42,2,,2,W CALL ST,1115,,,300,,E,MURPHREE ST,,5,1,1,1,1,1,1,1,,10,1,1,1,1,,,1,,,1,,,,,432,OFFICER,,,,,FSU POLICE DEPARTMENT,2,2015-03-25 12:48,,,,,,,,,,,,,,,,,,,,,,,,,,,,,,,,,,,,,,,,,,,,,,,,,,,,,,,,,,,,,,
85858711,2015,2015-03-14 22:00,2015-03-15 02:41,150028854,L,2,4,0,13,0,LEON,Unincorporated - Leon County,1,2015-03-14 22:26,2015-03-14 22:26,2015-03-14 22:45,2015-03-14 23:45,2,,1,APALACHICOLA NATIONAL FOREST ROAD 301,,,,0,,,APALACHICOLA NATIONAL FOREST ROAD 301,,7,2,1,1,5,1,7,1,6,10,2,1,1,88,,,1,,,1,,,,,11717,,,,,,LEON CO SO,3,2015-03-16 12:50,,,,,,,,,,,,,,,,,,,,,,,,,,,,,,,,,,,,,,,,,,,,,,,,,,,,,,,,,,,,,,
85841659,2015,2015-04-08 15:14,2015-04-08 00:00,15010527,L,1,7,0,13,50,LEON,TALLAHASSEE,2,2015-04-08 17:14,2015-04-08 17:16,2015-04-08 17:19,2015-04-08 17:59,2,,2,EDDIE RD,,,,,,,TUDOR RD,,5,2,3,1,1,1,1,1,,10,1,1,1,1,,,1,,,1,,,,,366,OFFICER,,,,,TALLAHASSEE POLICE DEPARTMENT,2,2015-04-10 11:38,,,,,,,,,,,,,,,,,,,,,,,,,,,,,,,,,,,,,,,,,,,,,,,,,,,,,,,,,,,,,,
83589305,2015,2015-03-26 11:20,2015-04-03 00:00,1503-0267,L,1,3,0,13,40,LEON,FLORIDA STATE UNIV.,2,2015-03-26 11:26,2015-03-26 11:27,2015-03-26 11:28,2015-03-26 11:53,2,,2,MADISON ST,,,,,,E,MARTIN LUTHER KING JR BLVD,,5,3,2,1,4,1,1,1,,10,1,1,1,1,,,1,,,1,,,,,440,OFC,,,,,FSU POLICE DEPARTMENT,2,2015-04-05 12:00,,,,,,,,,,,,,,,,,,,,,,,,,,,,,,,,,,,,,,,,,,,,,,,,,,,,,,,,,,,,,,
85842082,2015,2015-04-22 17:49,2015-05-05 00:00,15012066,U,1,2,0,13,50,LEON,TALLAHASSEE,2,2015-04-22 17:50,2015-04-22 17:51,2015-04-22 17:51,2015-04-22 19:30,2,,2,MONROE ST N,,,,120,,N,LAKESHORE DR,,3,3,1,2,1,1,1,1,,10,1,1,1,1,,,1,,,1,,,,,638,INVESTIGATOR,,,,,TALLAHASSEE POLICE DEPARTMENT,2,2015-05-08 11:40,,,,,,,,,,,,,,,,,,,,,,,,,,,,,,,,,,,,,,,,,,,,,,,,,,,,,,,,,,,,,,
85092533,2015,2015-04-14 06:20,2015-04-14 00:00,150040894,L,1,2,0,13,0,LEON,UNINCORPORATED,1,2015-04-14 06:20,2015-04-14 06:30,2015-04-14 06:38,2015-04-14 07:52,2,,1,CONESTOGA RD,,,,30,,E,CRUMP RD,,5,2,1,,5,2,1,2,77,10,1,1,1,1,,,88,,,1,,,,,10173,Dep.,,,,,Leon County Sheriff's Office,3,2015-04-21 12:33,,,,,,,,,,,,,,,,,,,,,,,,,,,,,,,,,,,,,,,,,,,,,,,,,,,,,,,,,,,,,,
85842025,2015,2015-04-20 07:05,2015-04-20 00:00,15011840,L,1,2,0,13,50,LEON,TALLAHASSEE,2,2015-04-20 12:33,2015-04-20 15:28,2015-04-20 15:47,2015-04-20 16:15,2,,2,SHALLOW BROOK,,,,30,,E,BLAIR STONE RD,,8,3,3,1,88,3,2,1,,10,1,1,1,1,,,77,1,,1,,,,,728,OFFICER,,,,,TALLAHASSEE POLICE DEPARTMENT,2,2015-04-24 11:40,,,,,,,,,,,,,,,,,,,,,,,,,,,,,,,,,,,,,,,,,,,,,,,,,,,,,,,,,,,,,,
83796428,2015,2015-05-06 20:53,2015-05-06 21:18,FHPH15OFF007117,L,1,2,0,13,0,LEON,UNINCORPORATED,1,2015-05-06 20:56,2015-05-06 20:58,2015-05-06 21:08,2015-05-06 22:10,2,,2,US HIGHWAY 90 (STATE ROAD 10),,30.4671067851738,-84.2084085470652,500,,E,DEMPSEY MAYO ROAD,,2,3,1,1,5,1,1,1,77,10,1,1,1,1,,,1,,,1,,,,,3704,TROOPER,,,,,FLORIDA HIGHWAY PATROL,1,2015-05-12 12:00,,,,,,,,,,,,,,,,,,,,,,,,,,,,,,,,,,,,,,,,,,,,,,,,,,,,,,,,,,,,,,
85842229,2015,2015-04-28 10:32,2015-04-28 00:00,15012684,L,1,4,0,13,50,LEON,TALLAHASSEE,2,2015-04-28 10:32,2015-04-28 10:33,2015-04-28 10:37,2015-04-28 12:29,2,,2,HARTSFIELD RD,,,,,,W,CAPITAL CIR NW,,5,3,2,1,1,2,1,1,,10,1,1,15,1,,,1,,,1,,,,,691,OFC,,,,,TALLAHASSEE POLICE DEPARTMENT,2,2015-04-30 11:52,,,,,,,,,,,,,,,,,,,,,,,,,,,,,,,,,,,,,,,,,,,,,,,,,,,,,,,,,,,,,,
85858736,2015,2015-04-30 20:15,2015-04-30 23:44,150047805,L,1,2,0,13,0,LEON,Unincorporated - Leon County,1,2015-04-30 20:16,2015-04-30 20:16,2015-04-30 20:18,2015-04-30 20:37,2,,2,OAK RIDGE RD E,2063,,,0,,,,,4,2,1,1,1,1,1,1,77,10,2,1,1,1,,,1,,,1,,,,,11758,,,,,,LEON CO SO,3,2015-05-02 11:33,,,,,,,,,,,,,,,,,,,,,,,,,,,,,,,,,,,,,,,,,,,,,,,,,,,,,,,,,,,,,,
85093495,2015,2015-06-02 21:10,2015-06-02 00:00,150061404,L,2,2,0,13,0,LEON,UNINCORPORATED,1,2015-06-02 21:19,2015-06-02 21:20,2015-06-02 21:25,2015-06-02 23:06,2,,2,BLOUNTSTOWN HIGHWAY,,,,0,,,MAIGE RD,,3,2,3,,5,1,2,1,1,10,1,1,1,1,,,77,,,1,,,,,11768,Dep.,,,,,Leon County Sheriff's Office,3,2015-06-09 12:00,,,,,,,,,,,,,,,,,,,,,,,,,,,,,,,,,,,,,,,,,,,,,,,,,,,,,,,,,,,,,,
85858876,2015,2015-04-22 16:29,2015-07-10 15:09,150063865,U,1,2,0,13,50,LEON,Tallahassee,1,2015-06-08 13:42,2015-06-08 13:42,2015-06-08 13:42,2015-06-08 13:47,2,,2,MAHAN DR,9002,,,0,,,,,9,2,1,1,1,77,88,1,77,10,2,1,1,1,,,1,,,1,,,,,11507,,,,,,LEON CO SO,3,2015-07-11 11:31,,,,,,,,,,,,,,,,,,,,,,,,,,,,,,,,,,,,,,,,,,,,,,,,,,,,,,,,,,,,,,
85955729,2015,2015-07-02 14:00,2015-07-02 00:00,15020054,L,1,2,0,13,50,LEON,TALLAHASSEE,2,2015-07-02 16:43,2015-07-02 16:45,2015-07-02 17:08,2015-07-02 17:38,1,HIT & RUN,2,CAPITAL CIR NW,,,,600,,N,TENNESSEE ST W,,3,3,1,1,1,2,2,1,,10,1,1,1,1,,,1,,,1,,,,,557,OFFICER,,,,,TALLAHASSEE POLICE DEPARTMENT,2,2015-07-04 11:17,,,,,,,,,,,,,,,,,,,,,,,,,,,,,,,,,,,,,,,,,,,,,,,,,,,,,,,,,,,,,,
85955483,2015,2015-06-22 15:17,2015-06-22 00:00,15018810,L,1,2,0,13,50,LEON,TALLAHASSEE,2,2015-06-22 15:18,2015-06-22 15:20,2015-06-22 15:25,2015-06-22 16:00,2,,2,HARRISON ST W,,,,100,,E,ML KING BLVD S,,5,3,1,2,1,3,2,1,,10,1,1,1,1,,,1,,,1,,,,,699,OFFICER,,,,,TALLAHASSEE POLICE DEPARTMENT,2,2015-06-26 11:28,,,,,,,,,,,,,,,,,,,,,,,,,,,,,,,,,,,,,,,,,,,,,,,,,,,,,,,,,,,,,,
85859042,2015,2015-07-14 17:12,2015-07-15 00:26,150079126,L,1,2,0,13,0,LEON,Unincorporated - Leon County,1,2015-07-14 17:14,2015-07-14 17:15,2015-07-14 17:16,2015-07-14 18:24,2,,2,MAHAN DR,9003,,,0,,,,,5,3,1,1,1,3,2,1,77,10,8,1,1,1,,,2,,,1,,,,,11880,,,,,,LEON CO SO,3,2015-07-16 11:44,,,,,,,,,,,,,,,,,,,,,,,,,,,,,,,,,,,,,,,,,,,,,,,,,,,,,,,,,,,,,,
85955759,2015,2015-07-03 21:32,2015-07-03 00:00,15020217,L,1,2,0,13,50,LEON,TALLAHASSEE,2,2015-07-03 21:32,2015-07-03 21:33,2015-07-03 21:34,2015-07-03 23:19,2,,2,BLAIR STONE RD N,,,,150,,N,MICCOSUKEE RD,,5,3,1,1,4,1,1,1,,10,1,1,1,1,,,1,,,1,,,,,324,OFFICER,,,,,TALLAHASSEE POLICE DEPARTMENT,2,2015-07-05 11:13,,,,,,,,,,,,,,,,,,,,,,,,,,,,,,,,,,,,,,,,,,,,,,,,,,,,,,,,,,,,,,
85956247,2015,2015-07-27 00:30,2015-12-04 00:00,15022831,U,1,2,0,13,50,LEON,TALLAHASSEE,2,2015-07-27 00:30,2015-07-27 00:31,2015-07-27 00:34,2015-07-27 01:00,2,,2,THARPE ST W,1505,,,,,,,,9,1,1,1,4,1,1,1,,10,8,1,1,1,,,1,,,1,,,,,516,OFFICER,,,,,TALLAHASSEE POLICE DEPARTMENT,2,2015-12-31 13:57,,,,,,,,,,,,,,,,,,,,,,,,,,,,,,,,,,,,,,,,,,,,,,,,,,,,,,,,,,,,,,
85859140,2015,2015-07-29 01:04,2015-07-30 04:40,150085207,L,1,2,0,13,50,LEON,Tallahassee,2,2015-07-29 01:04,2015-07-29 01:05,2015-07-29 01:24,2015-07-29 01:58,2,,2,TENNESSEE ST W,,,,1013,,W,CAPITAL CIR NW,,2,3,1,1,4,1,1,1,2,10,1,1,1,1,,,1,,,1,,,,,11911,,,,,,LEON CO SO,3,2015-07-31 11:58,,,,,,,,,,,,,,,,,,,,,,,,,,,,,,,,,,,,,,,,,,,,,,,,,,,,,,,,,,,,,,
85956523,2015,2015-08-06 16:22,2015-08-07 00:00,15024085,L,1,2,0,13,50,LEON,TALLAHASSEE,2,2015-08-06 16:23,2015-08-06 16:23,2015-08-06 16:23,2015-08-06 17:15,1,HIT AND RUN,2,CR 1555,,,,100,,W,LORENE ST,,4,3,1,2,1,1,1,1,,10,1,1,1,1,,,1,,,1,,,,,595,OFFICER,,,,,TALLAHASSEE POLICE DEPARTMENT,2,2015-08-11 11:59,,,,,,,,,,,,,,,,,,,,,,,,,,,,,,,,,,,,,,,,,,,,,,,,,,,,,,,,,,,,,,
85859095,2015,2015-07-09 19:00,2015-07-22 20:49,150077267,L,1,4,0,13,0,LEON,Unincorporated - Leon County,1,2015-07-09 19:13,2015-07-09 19:45,2015-07-09 20:00,2015-07-09 20:40,2,,2,CAPITAL CIR SW,,,,0,,,BLOUNTSTOWN HWY,,5,2,2,1,1,1,1,1,77,10,1,1,1,1,,,1,,,1,,,,,11543,,,,,,LEON CO SO,3,2015-07-23 12:00,,,,,,,,,,,,,,,,,,,,,,,,,,,,,,,,,,,,,,,,,,,,,,,,,,,,,,,,,,,,,,
85956231,2015,2015-07-25 19:14,2015-10-08 00:00,15022749,U,1,2,0,13,50,LEON,TALLAHASSEE,2,2015-07-25 19:14,2015-07-25 19:18,2015-07-25 19:23,2015-07-25 19:55,2,,2,MONROE ST N,1401,,,,,,SIDEWALK IN FRONT OF CIRCLE K,,77,3,77,1,1,1,1,1,,10,10,1,1,1,,,1,,,1,,,,,661,INVESTIGATOR,,,,,TALLAHASSEE POLICE DEPARTMENT,2,2015-10-11 11:57,,,,,,,,,,,,,,,,,,,,,,,,,,,,,,,,,,,,,,,,,,,,,,,,,,,,,,,,,,,,,,
85859224,2015,2015-08-10 17:02,2015-08-12 02:22,150090597,L,1,3,0,13,50,LEON,Tallahassee,2,2015-08-10 17:02,2015-08-10 17:12,2015-08-10 17:02,2015-08-11 19:10,1,TURNED OVER TO THI,2,APALACHEE PKWY,,,,191,,W,IDLEWILD DR,,2,1,1,2,1,1,1,1,2,10,1,1,1,1,,,1,,,1,,,,,11911,,,,,,LEON CO SO,3,2015-08-18 13:02,,,,,,,,,,,,,,,,,,,,,,,,,,,,,,,,,,,,,,,,,,,,,,,,,,,,,,,,,,,,,,
86211553,2015,2015-08-21 08:45,2015-08-21 00:00,15025730,L,1,2,0,13,50,LEON,TALLAHASSEE,2,2015-08-21 08:53,2015-08-21 08:55,2015-08-21 08:58,2015-08-21 09:39,2,,2,TENNESSEE ST W,1617,,,,,,P LOT,,5,3,1,1,1,1,1,1,,10,1,1,1,1,,,1,,,1,,,,,312,OFFICER,,,,,TALLAHASSEE POLICE DEPARTMENT,2,2015-08-25 12:08,,,,,,,,,,,,,,,,,,,,,,,,,,,,,,,,,,,,,,,,,,,,,,,,,,,,,,,,,,,,,,
85859311,2015,2015-08-23 18:45,2015-08-24 03:06,150096534,L,1,2,0,13,50,LEON,Tallahassee,2,2015-08-23 18:59,2015-08-23 19:01,2015-08-23 19:15,2015-08-23 19:50,2,,2,NORTH BRONOUGH STREET,,,,0,,,10TH AVE W,,5,3,2,1,1,2,2,1,5,10,1,1,1,1,,,1,,,1,,,,,11902,,,,,,LEON CO SO,3,2015-08-25 12:08,,,,,,,,,,,,,,,,,,,,,,,,,,,,,,,,,,,,,,,,,,,,,,,,,,,,,,,,,,,,,,
85859439,2015,2015-08-10 17:02,2015-10-14 11:01,150090597,U,1,3,0,13,50,LEON,Tallahassee,1,2015-08-10 17:02,2015-08-10 17:02,2015-08-10 17:02,2015-08-10 19:10,2,,2,APALACHEE PKWY,,,,41,,W,IDLEWILD DR,,2,2,2,2,1,1,1,1,2,10,1,1,1,1,,,1,,,1,,,,,11527,,,,,,LEON CO SO,3,2015-10-15 12:16,,,,,,,,,,,,,,,,,,,,,,,,,,,,,,,,,,,,,,,,,,,,,,,,,,,,,,,,,,,,,,
85859259,2015,2015-08-16 21:03,2015-08-17 03:23,150093184,L,1,2,0,13,0,LEON,Unincorporated - Leon County,1,2015-08-16 21:04,2015-08-16 21:05,2015-08-16 21:06,2015-08-16 22:06,2,,2,MONROE ST N,,,,300,,N,SESSION RD,,2,2,2,2,5,1,1,1,77,10,1,1,1,1,,,1,,,1,,,,,11775,,,,,,LEON CO SO,3,2015-08-18 13:02,,,,,,,,,,,,,,,,,,,,,,,,,,,,,,,,,,,,,,,,,,,,,,,,,,,,,,,,,,,,,,
85842636,2015,2015-05-14 14:48,2015-09-02 00:00,15014438,U,1,2,0,13,50,LEON,TALLAHASSEE,2,2015-05-14 14:53,2015-05-14 14:55,2015-05-14 14:59,2015-05-14 15:20,2,,2,TENNESSEE ST W,,,,,,,BLOUNTSTOWN ST,,5,3,2,1,1,3,2,1,,10,1,2,2,1,,,1,,,1,,,,,705,OFFICER,,,,,TALLAHASSEE POLICE DEPARTMENT,2,2015-09-04 11:52,,,,,,,,,,,,,,,,,,,,,,,,,,,,,,,,,,,,,,,,,,,,,,,,,,,,,,,,,,,,,,
86211875,2015,2015-09-01 06:50,2015-09-01 00:00,15027145,L,1,2,0,13,50,LEON,TALLAHASSEE,2,2015-09-01 10:28,2015-09-01 10:30,2015-09-01 10:47,2015-09-01 11:18,2,,2,SUWANNEE ST,605,,,,,,,,9,3,1,1,2,1,1,1,,10,1,1,1,1,,,1,,,1,,,,,589,OFC,,,,,TALLAHASSEE POLICE DEPARTMENT,2,2015-09-04 11:52,,,,,,,,,,,,,,,,,,,,,,,,,,,,,,,,,,,,,,,,,,,,,,,,,,,,,,,,,,,,,,
85678687,2015,2015-03-02 18:27,2015-09-24 00:00,15006521,U,1,3,0,13,50,LEON,TALLAHASSEE,2,2015-03-02 18:27,2015-03-02 18:27,2015-03-02 18:31,2015-03-02 22:36,2,,2,CAPITAL CIR NE,1747,,,,,,,,9,3,1,1,2,1,1,1,,10,8,2,1,1,,,1,,,1,,,,,773,INV,,,,,TALLAHASSEE POLICE DEPARTMENT,2,2015-09-27 11:45,,,,,,,,,,,,,,,,,,,,,,,,,,,,,,,,,,,,,,,,,,,,,,,,,,,,,,,,,,,,,,
85859330,2015,2015-08-25 21:00,2015-08-26 02:48,150097543,L,1,2,0,13,0,LEON,Unincorporated - Leon County,1,2015-08-25 21:28,2015-08-25 21:28,2015-08-25 21:28,2015-08-25 22:32,2,,2,SILVER SADDLE DR,,,,75,,N,WAGON TRAIL LN,,5,2,1,2,5,1,1,1,77,10,1,1,1,1,,,77,,,1,,,,,11717,,,,,,LEON CO SO,3,2015-08-27 11:55,,,,,,,,,,,,,,,,,,,,,,,,,,,,,,,,,,,,,,,,,,,,,,,,,,,,,,,,,,,,,,
82197173,2015,2015-09-02 10:45,2015-09-02 00:00,15-10247,L,1,2,0,13,45,LEON,TALLAHASSEE COMM. COLLEGE,2,2015-09-02 10:53,2015-09-02 10:54,2015-09-02 11:00,2015-09-02 11:30,1,HIT AND RUN,1,APPLEYARD DR.,444,,,0,,,,,9,1,1,2,1,1,1,1,77,10,8,1,77,1,,,1,,,1,,,,,128,Off.,,,,,Tallahassee Community College PD,2,2015-09-09 12:44,,,,,,,,,,,,,,,,,,,,,,,,,,,,,,,,,,,,,,,,,,,,,,,,,,,,,,,,,,,,,,
83589422,2015,2015-09-05 20:27,2015-09-06 00:00,1509-0095,L,1,2,0,13,40,LEON,FLORIDA STATE UNIV.,2,2015-09-05 20:28,2015-09-05 20:30,2015-09-05 20:31,2015-09-05 20:53,2,,2,ST AUGUSTINE,1001,,,,,,,,9,2,1,1,4,3,6,1,,10,8,1,1,1,,,1,,,1,,,,,440,OFC,,,,,FSU POLICE DEPARTMENT,2,2015-09-12 11:50,,,,,,,,,,,,,,,,,,,,,,,,,,,,,,,,,,,,,,,,,,,,,,,,,,,,,,,,,,,,,,
86212252,2015,2015-09-14 12:00,2015-09-14 00:00,15028722,L,1,2,0,13,50,LEON,TALLAHASSEE,2,2015-09-14 12:17,2015-09-14 12:19,2015-09-14 12:25,2015-09-14 12:50,1,HIT AND RUN,2,TENN ST W,1819,,,,,,,,9,3,1,1,1,1,1,1,,10,2,1,1,1,,,1,,,1,,,,,744,OFC,,,,,TALLAHASSEE POLICE DEPARTMENT,2,2015-09-16 12:44,,,,,,,,,,,,,,,,,,,,,,,,,,,,,,,,,,,,,,,,,,,,,,,,,,,,,,,,,,,,,,
83589423,2015,2015-09-09 14:35,2015-09-09 00:00,1509-0145,L,1,2,0,13,40,LEON,FLORIDA STATE UNIV.,2,2015-09-09 14:38,2015-09-09 14:38,2015-09-09 14:40,2015-09-09 15:45,2,,2,JEFFERSON STREET,700 BLOCK,,,300,,E,LORENE STREET,,5,3,1,2,1,1,1,1,,10,1,1,1,1,,,3,,,1,,,,,411,OFFICER,,,,,FSU POLICE DEPARTMENT,2,2015-09-15 11:57,,,,,,,,,,,,,,,,,,,,,,,,,,,,,,,,,,,,,,,,,,,,,,,,,,,,,,,,,,,,,,
86212283,2015,2015-09-15 17:21,2015-09-15 00:00,15028858,L,1,2,0,13,50,LEON,TALLAHASSEE,2,2015-09-15 17:21,2015-09-15 17:21,2015-09-15 17:22,2015-09-15 18:22,2,,2,OLD BAINBRIDGE RD,,,,100,,S,7TH AVE W,,4,3,1,1,1,1,1,1,,10,2,1,1,1,,,1,,,1,,,,,557,OFFICER,,,,,TALLAHASSEE POLICE DEPARTMENT,2,2015-09-16 12:44,,,,,,,,,,,,,,,,,,,,,,,,,,,,,,,,,,,,,,,,,,,,,,,,,,,,,,,,,,,,,,