report_number,crash_year,crash_date_time,report_date_time,investigating_agency_rep_num,form_type,total_number_of_vehicles,total_number_of_persons,total_number_of_narratives,county_code,city_code,county_name,city_name,rural_or_urban,notified_time,dispatched_time,arrived_time,cleared_time,completed_flag,reason_not_completed,notified_by,on_street_road_highway,street_address_number,latitude,longitude,feet_from_intersection,miles_from_intersection,direction_from_intersection,from_intersection_of,from_milepost_number,road_system_identifier,type_of_shoulder,type_of_intersection,photos_taken_flag,light_condition,weather_condition,road_surface_condition,school_bus_related_code,type_of_impact,first_harmful_event,harmful_event_location,interchange_flag,junction_flag,road_circumstances_1,road_circumstances_2,road_circumstances_3,environment_circumstances_1,environment_circumstances_2,environment_circumstances_3,work_zone_related_flag,location_within_zone,type_of_work_zone,workers_present,law_enforcement_present,investigator_id,investigator_rank,investigator_first_name,investigator_middle_name,investigator_last_name,investigator_suffix,investigating_agency_name,investigating_agency_type,load_dt90838674,,,,,,,,,,,,,,,,,,,,,,,,,,,,,,5,2,1,1,88,1,1,1,1,32,2,88,1,1,,,1,,,1,,,,,217,DEPUTY,,,EPLHASE,,LEON COUNTY,2,2011-03-08 15:54
86212238,2015,2015-09-13 18:17,2015-09-13 00:00,15028661,L,1,2,0,13,50,LEON,TALLAHASSEE,2,2015-09-13 18:17,2015-09-13 18:21,2015-09-13 18:24,2015-09-13 19:03,2,,2,OLD BAINBRIDGE RD,,,,30,,N,THARPE ST W,,4,1,1,1,1,1,1,1,,10,1,1,1,1,,,1,,,1,,,,,786,PATROL NW AFTERNOON,,,,,TALLAHASSEE POLICE DEPARTMENT,2,2015-09-19 12:00,,,,,,,,,,,,,,,,,,,,,,,,,,,,,,,,,,,,,,,,,,,,,,,,,,,,,,,,,,,,,,
85859535,2015,2015-09-21 20:00,2015-10-02 03:08,150110458,U,1,2,0,13,0,LEON,Unincorporated - Leon County,1,2015-09-21 20:00,2015-09-21 20:55,2015-09-21 21:20,2015-09-21 23:06,2,,2,RUTHENIA RD,4711,,,0,,,,,8,2,1,2,5,1,1,1,77,10,2,1,4,1,,,1,,,1,,,,,11637,,,,,,LEON CO SO,3,2015-10-04 12:04,,,,,,,,,,,,,,,,,,,,,,,,,,,,,,,,,,,,,,,,,,,,,,,,,,,,,,,,,,,,,,
86212776,2015,2015-10-03 06:02,2015-10-03 00:00,15030911,L,1,2,0,13,50,LEON,TALLAHASSEE,2,2015-10-03 06:02,2015-10-03 06:04,2015-10-03 06:15,2015-10-03 06:51,2,,2,MONROE ST S,,,,5,,S,MAGNOLIA DR,,5,3,2,1,4,3,2,1,,10,1,1,1,1,,,2,,,1,,,,,706,OFFICER,,,,,TALLAHASSEE POLICE DEPARTMENT,2,2015-10-05 12:09,,,,,,,,,,,,,,,,,,,,,,,,,,,,,,,,,,,,,,,,,,,,,,,,,,,,,,,,,,,,,,
83589454,2015,2015-10-06 12:27,2015-10-06 00:00,1510-0067,L,1,3,0,13,40,LEON,FLORIDA STATE UNIV.,2,2015-10-06 12:27,2015-10-06 12:28,2015-10-06 12:29,2015-10-06 12:53,2,,2,CHAMPIONS WAY,285,,,,,,,,9,1,1,1,1,1,1,1,,10,8,1,1,1,,,1,,,1,,,,,437,OFC,,,,,FSU POLICE DEPARTMENT,2,2015-10-07 12:30,,,,,,,,,,,,,,,,,,,,,,,,,,,,,,,,,,,,,,,,,,,,,,,,,,,,,,,,,,,,,,
85859609,2015,2015-10-01 21:48,2015-10-06 12:22,150115395,U,1,2,0,13,50,LEON,Tallahassee,1,2015-10-01 21:48,2015-10-01 21:48,2015-10-01 21:48,2015-10-01 23:13,1,HIT AND RUN,2,CAPITAL CIR SW,,,,250,,N,SHULER RD,,5,3,1,2,5,1,1,1,77,10,1,1,1,1,,,1,,,1,,,,,11907,,,,,,LEON CO SO,3,2015-10-08 12:21,,,,,,,,,,,,,,,,,,,,,,,,,,,,,,,,,,,,,,,,,,,,,,,,,,,,,,,,,,,,,,
85859651,2015,2015-10-06 20:40,2015-10-07 04:16,150117595,L,1,3,0,13,0,LEON,Unincorporated - Leon County,1,2015-10-06 20:41,2015-10-06 20:42,2015-10-06 20:45,2015-10-06 22:18,2,,2,MISTY GARDEN WAY,,,,0,,,LANG DR,,5,2,3,2,4,1,1,1,3,10,1,1,2,1,,,1,,,1,,,,,11406,,,,,,LEON CO SO,3,2015-10-08 12:21,,,,,,,,,,,,,,,,,,,,,,,,,,,,,,,,,,,,,,,,,,,,,,,,,,,,,,,,,,,,,,
85859351,2015,2015-08-28 07:15,2015-10-14 11:01,150098799,U,1,3,0,13,50,LEON,Tallahassee,2,2015-08-28 07:23,2015-08-28 07:31,2015-08-28 07:36,2015-08-28 00:00,2,,2,COUGAR LN,,,,0,,,THARPE ST,,77,3,3,1,3,1,1,1,77,10,1,1,1,1,,,1,,,1,,,,,10798,,,,,,LEON CO SO,3,2015-10-15 12:16,,,,,,,,,,,,,,,,,,,,,,,,,,,,,,,,,,,,,,,,,,,,,,,,,,,,,,,,,,,,,,
86214286,2015,2015-11-20 11:45,2015-11-20 00:00,15036806,L,1,2,0,13,50,LEON,TALLAHASSEE,2,2015-11-20 11:45,2015-11-20 11:46,2015-11-20 11:48,2015-11-20 12:30,2,,2,THOMASVILLE RD,3521,,,,,,,,9,3,1,1,1,1,1,1,,10,8,1,1,1,,,1,,,1,,,,,545,OFFICER,,,,,TALLAHASSEE POLICE DEPARTMENT,2,2015-11-22 13:59,,,,,,,,,,,,,,,,,,,,,,,,,,,,,,,,,,,,,,,,,,,,,,,,,,,,,,,,,,,,,,
85859900,2015,2015-10-31 20:05,2015-11-09 12:02,150129430,L,1,3,0,13,0,LEON,Unincorporated - Leon County,1,2015-10-31 20:06,2015-10-31 20:07,2015-10-31 20:20,2015-11-01 00:00,2,,2,ARGYLE LN,,,,1056,,S,MICCOSUKEE RD,,5,2,1,2,5,1,1,1,77,10,1,1,1,1,,,1,,,1,,,,,11507,,,,,,LEON CO SO,3,2015-11-11 14:05,,,,,,,,,,,,,,,,,,,,,,,,,,,,,,,,,,,,,,,,,,,,,,,,,,,,,,,,,,,,,,
83589476,2015,2015-10-19 09:09,2015-10-19 00:00,1015-0283,L,1,2,0,13,40,LEON,FLORIDA STATE UNIV.,2,2015-10-19 09:09,2015-10-19 09:09,2015-10-19 09:10,2015-10-19 09:33,2,,2,CHIEFTAN WAY AND CALL STREET,,,,2,,S,CHIEFTAN WAY AND CALL STREET,,5,1,3,1,1,1,1,1,,10,1,1,1,1,,,1,,,1,,,,,420,OFFICER,,,,,FSU POLICE DEPARTMENT,2,2015-10-20 12:26,,,,,,,,,,,,,,,,,,,,,,,,,,,,,,,,,,,,,,,,,,,,,,,,,,,,,,,,,,,,,,
86213303,2015,2015-10-18 18:45,2015-10-18 00:00,15032926,L,1,2,0,13,50,LEON,TALLAHASSEE,2,2015-10-18 18:45,2015-10-18 18:48,2015-10-18 18:49,2015-10-18 19:30,2,,2,ALLEN RD,2711,,,,,,,,9,1,1,1,1,1,1,1,,10,8,1,1,88,,,1,,,1,,,,,786,PATROL NW AFTERNOON,,,,,TALLAHASSEE POLICE DEPARTMENT,2,2015-10-20 12:26,,,,,,,,,,,,,,,,,,,,,,,,,,,,,,,,,,,,,,,,,,,,,,,,,,,,,,,,,,,,,,
85859817,2015,2015-10-28 07:10,2015-10-30 07:47,150127731,L,1,4,0,13,50,LEON,Tallahassee,2,2015-10-28 07:20,2015-10-28 07:30,2015-10-28 07:40,2015-10-28 08:00,2,,2,MICCOSUKEE RD,,,,0,,,GEORGIA ST E,,4,3,2,1,5,2,2,1,2,10,1,1,1,1,,,1,,,1,,,,,10633,,,,,,LEON CO SO,3,2015-10-31 13:06,,,,,,,,,,,,,,,,,,,,,,,,,,,,,,,,,,,,,,,,,,,,,,,,,,,,,,,,,,,,,,
86213645,2015,2015-10-30 03:07,2015-10-30 00:00,15034280,L,1,2,0,13,50,LEON,TALLAHASSEE,2,2015-10-30 03:07,2015-10-30 03:09,2015-10-30 03:09,2015-10-30 06:00,2,,2,TENN ST W,1900,,,250,,E,OCALA RD,,2,2,2,2,4,2,1,1,,10,1,1,1,77,1,,1,,,1,,,,,542,OFFICER,,,,,TALLAHASSEE POLICE DEPARTMENT,2,2015-11-03 13:12,,,,,,,,,,,,,,,,,,,,,,,,,,,,,,,,,,,,,,,,,,,,,,,,,,,,,,,,,,,,,,
85859744,2015,2015-10-17 08:08,2016-01-28 15:19,150122695,U,1,2,0,13,0,LEON,Unincorporated - Leon County,1,2015-10-17 08:08,2015-10-17 08:09,2015-10-17 08:20,2015-10-17 09:42,2,,2,TENNESSEE ST W,,,,1500,,E,GEDDIE RD,,2,2,1,2,5,1,1,1,4,10,10,1,1,88,,,88,,,1,,,,,10154,,,,,,LEON CO SO,3,2016-01-29 13:51,,,,,,,,,,,,,,,,,,,,,,,,,,,,,,,,,,,,,,,,,,,,,,,,,,,,,,,,,,,,,,
86213593,2015,2015-10-28 07:40,2015-10-28 00:00,15034044,L,1,2,0,13,50,LEON,TALLAHASSEE,2,2015-10-28 07:45,2015-10-28 07:46,2015-10-28 07:58,2015-10-28 08:30,2,,2,ORANGE AVE W,,,,,,,PASCO ST,,4,3,2,1,1,2,2,1,,10,1,1,1,1,,,1,,,1,,,,,589,OFC,,,,,TALLAHASSEE POLICE DEPARTMENT,2,2015-10-29 13:25,,,,,,,,,,,,,,,,,,,,,,,,,,,,,,,,,,,,,,,,,,,,,,,,,,,,,,,,,,,,,,
86213519,2015,2015-10-26 08:15,2015-10-27 00:00,15033811,U,1,1,0,13,50,LEON,TALLAHASSEE,2,2015-10-26 09:26,2015-10-26 09:16,2015-10-26 09:40,2015-10-26 10:15,1,HIT AND RUN,2,VILLAGE SQUARE BLVD,,,,,,,THOMASVILLE RD,,5,3,2,1,1,2,1,1,,10,1,1,1,1,,,1,,,1,,,,,545,OFFICER,,,,,TALLAHASSEE POLICE DEPARTMENT,2,2015-10-30 13:12,,,,,,,,,,,,,,,,,,,,,,,,,,,,,,,,,,,,,,,,,,,,,,,,,,,,,,,,,,,,,,
86214183,2015,2015-11-18 15:21,2016-01-27 00:00,15036567,U,1,3,0,13,50,LEON,TALLAHASSEE,2,2015-11-18 16:00,2015-11-18 16:00,2015-11-18 16:00,2015-11-18 16:30,2,,2,PENSACOLA ST W,2417,,,,,,,,9,3,1,1,1,2,1,1,,10,8,1,1,1,,,1,,,1,,,,,661,INVESTIGATOR,,,,,TALLAHASSEE POLICE DEPARTMENT,2,2016-02-03 14:01,,,,,,,,,,,,,,,,,,,,,,,,,,,,,,,,,,,,,,,,,,,,,,,,,,,,,,,,,,,,,,
86213792,2015,2015-11-04 11:25,2015-11-04 00:00,15034946,L,1,4,0,13,50,LEON,TALLAHASSEE,2,2015-11-04 11:28,2015-11-04 11:29,2015-11-04 11:32,2015-11-04 12:09,2,,2,ORANGE AVE E,,,,,,,SOUTHWOOD DR,,4,3,1,1,1,1,1,1,,10,1,1,1,1,,,1,,,1,,,,,589,OFC,,,,,TALLAHASSEE POLICE DEPARTMENT,2,2015-11-05 13:14,,,,,,,,,,,,,,,,,,,,,,,,,,,,,,,,,,,,,,,,,,,,,,,,,,,,,,,,,,,,,,
83589501,2015,2015-11-10 13:05,2015-11-10 00:00,1511-0131,L,1,2,0,13,40,LEON,FLORIDA STATE UNIV.,2,2015-11-10 13:10,2015-11-10 13:10,2015-11-10 13:11,2015-11-10 13:45,2,,2,UNIVERSITY WAY,,,,,,,GRAY STREET,,5,3,4,1,1,1,1,1,,10,1,2,2,1,,,1,,,1,,,,,411,OFFICER,,,,,FSU POLICE DEPARTMENT,2,2015-11-11 14:05,,,,,,,,,,,,,,,,,,,,,,,,,,,,,,,,,,,,,,,,,,,,,,,,,,,,,,,,,,,,,,
85859763,2015,2015-10-20 17:00,2015-11-12 11:07,150124189,U,1,2,0,13,50,LEON,Tallahassee,2,2015-10-20 17:05,2015-10-20 17:07,2015-10-20 17:15,2015-10-20 18:00,2,,2,TENNESSEE ST W,4248,,,0,,,,,9,1,1,1,1,1,1,1,5,10,8,1,1,1,,,1,,,1,,,,,11458,,,,,,LEON CO SO,3,2015-11-13 13:09,,,,,,,,,,,,,,,,,,,,,,,,,,,,,,,,,,,,,,,,,,,,,,,,,,,,,,,,,,,,,,
83182800,2015,2015-08-15 03:42,2015-11-09 09:24,FHPH15OFF013649,U,1,2,0,13,0,LEON,UNINCORPORATED,1,2015-08-15 03:49,2015-08-15 03:50,2015-08-15 04:00,2015-08-15 07:45,2,,2,US 27 (STATE ROAD 63),,30.48829,-84.31981,15,,N,HOMEWOOD ROAD,,3,1,1,2,5,1,1,1,77,10,1,1,1,1,,,1,,,1,,,,,2469,CPL,,,,,FLORIDA HIGHWAY PATROL,1,2015-11-19 14:18,,,,,,,,,,,,,,,,,,,,,,,,,,,,,,,,,,,,,,,,,,,,,,,,,,,,,,,,,,,,,,
86214343,2015,2015-11-22 13:43,2015-11-26 00:00,15037130,U,1,2,0,13,50,LEON,TALLAHASSEE,2,2015-11-22 13:43,2015-11-22 13:44,2015-11-22 13:46,2015-11-22 14:30,2,,2,APALACHEE PKWY,2309,,,,,,,,9,3,1,1,1,1,1,1,,10,8,1,1,1,,,4,,,1,,,,,523,OFFICER,,,,,TALLAHASSEE POLICE DEPARTMENT,2,2015-11-28 13:28,,,,,,,,,,,,,,,,,,,,,,,,,,,,,,,,,,,,,,,,,,,,,,,,,,,,,,,,,,,,,,
86213898,2015,2015-11-07 21:30,2015-11-07 00:00,15035371,L,1,3,0,13,50,LEON,TALLAHASSEE,2,2015-11-07 21:30,2015-11-07 21:30,2015-11-07 21:30,2015-11-07 22:00,2,,2,MICCOSUKEE DR,1444,,,,,,,,8,3,1,1,4,1,1,1,,10,2,1,1,1,,,1,,,1,,,,,782,OFFICER,,,,,TALLAHASSEE POLICE DEPARTMENT,2,2015-11-24 14:12,,,,,,,,,,,,,,,,,,,,,,,,,,,,,,,,,,,,,,,,,,,,,,,,,,,,,,,,,,,,,,
86214432,2015,2015-11-26 18:19,2015-11-26 00:00,15037506,L,1,2,0,13,50,LEON,TALLAHASSEE,2,2015-11-26 18:19,2015-11-26 18:20,2015-11-26 18:24,2015-11-26 18:49,2,,2,SIMPSON AVE,,,,300,,,MAGNOLIA DR S,,5,3,1,1,5,1,1,1,,10,1,1,1,1,,,1,,,1,,,,,565,OFFICER,,,,,TALLAHASSEE POLICE DEPARTMENT,2,2015-12-03 13:43,,,,,,,,,,,,,,,,,,,,,,,,,,,,,,,,,,,,,,,,,,,,,,,,,,,,,,,,,,,,,,
86214562,2015,2015-12-02 17:45,2015-12-02 00:00,15038108,L,1,2,0,13,50,LEON,TALLAHASSEE,2,2015-12-02 17:45,2015-12-02 17:45,2015-12-02 17:45,2015-12-02 18:24,2,,2,MACOMB ST,,,,20,,N,VIRGINIA ST,,5,3,1,2,4,2,2,1,,10,1,1,1,1,,,1,,,1,,,,,565,OFFICER,,,,,TALLAHASSEE POLICE DEPARTMENT,2,2015-12-04 13:55,,,,,,,,,,,,,,,,,,,,,,,,,,,,,,,,,,,,,,,,,,,,,,,,,,,,,,,,,,,,,,
85913809,2015,2015-11-18 20:22,2015-11-18 00:00,2015-1031,L,1,2,0,13,30,LEON,FLORIDA A&M UNIVERSI,2,2015-11-18 20:22,2015-11-18 20:22,2015-11-18 20:23,2015-11-18 20:55,2,,2,WAHNISH WAY,1800,,,100,,N,KISSIMMEE ST,,5,3,1,2,4,3,2,1,,10,1,1,1,10,,,2,,,1,,,,,39,OFFICER,,,,,FAMU POLICE DEPARTMENT,2,2015-12-03 13:41,,,,,,,,,,,,,,,,,,,,,,,,,,,,,,,,,,,,,,,,,,,,,,,,,,,,,,,,,,,,,,
86214625,2015,2015-12-03 18:00,2015-12-04 00:00,15038237,L,1,2,0,13,50,LEON,TALLAHASSEE,2,2015-12-03 18:11,2015-12-03 18:13,2015-12-03 18:14,2015-12-03 18:30,1,HIT AND RUN,2,LEGION ST,,,,200,,S,LAKE ELLA DR,,5,2,1,1,4,2,1,1,,10,1,1,1,1,,,1,,,1,,,,,377,OFC,,,,,TALLAHASSEE POLICE DEPARTMENT,2,2015-12-05 13:54,,,,,,,,,,,,,,,,,,,,,,,,,,,,,,,,,,,,,,,,,,,,,,,,,,,,,,,,,,,,,,
85860211,2015,2015-12-17 12:00,2016-01-05 08:27,150149656,U,1,2,0,13,0,LEON,Unincorporated - Leon County,1,2015-12-17 16:20,2015-12-17 16:20,2015-12-17 16:20,2015-12-18 12:30,1,THI INVESTIGATION,2,US 27 NORTH,,,,,1.25,N,CARTER TRL,,4,1,3,2,77,77,2,1,88,10,88,1,88,88,,,88,,,1,,,,,11384,,,,,,LEON CO SO,3,2016-01-06 14:06,,,,,,,,,,,,,,,,,,,,,,,,,,,,,,,,,,,,,,,,,,,,,,,,,,,,,,,,,,,,,,
86214857,2015,2015-12-12 18:20,2015-12-12 00:00,15039316,L,1,4,0,13,50,LEON,TALLAHASSEE,2,2015-12-12 18:20,2015-12-12 18:21,2015-12-12 18:24,2015-12-12 18:58,2,,2,MONROE ST N,,,,150,,S,LAKE ELLA DR,,2,3,1,1,4,1,1,1,,10,1,1,1,1,,,1,,,1,,,,,565,OFFICER,,,,,TALLAHASSEE POLICE DEPARTMENT,2,2015-12-14 13:23,,,,,,,,,,,,,,,,,,,,,,,,,,,,,,,,,,,,,,,,,,,,,,,,,,,,,,,,,,,,,,
85860186,2015,2015-12-09 02:07,2016-01-11 08:15,150145684,U,1,2,0,13,0,LEON,Unincorporated - Leon County,1,2015-12-09 02:07,2015-12-09 02:08,2015-12-09 02:14,2015-12-09 05:07,2,,2,CRAWFORDVILLE HWY,,,,123,,S,REHWINKLE DR,,3,3,1,2,5,1,1,1,77,10,1,1,1,1,,,1,,,1,,,,,11944,,,,,,LEON CO SO,3,2016-01-12 14:30,,,,,,,,,,,,,,,,,,,,,,,,,,,,,,,,,,,,,,,,,,,,,,,,,,,,,,,,,,,,,,
84494438,2015,2015-12-06 19:00,2016-05-31 10:55,FHPH15OFF020210,U,1,3,0,13,0,LEON,UNINCORPORATED,1,2015-12-06 19:26,2015-12-06 19:31,2015-12-06 19:45,2015-12-06 21:56,1,PENDING THI INVESTIGATION,2,US HIGHWAY 90 WB (STATE ROAD 10),,30.45628,-84.37178,1800,,W,NASHVILLE DRIVE,,2,2,1,1,5,1,1,1,77,10,3,1,1,1,,,1,,,1,,,,,2577,CORPORAL,,,,,FLORIDA HIGHWAY PATROL,1,2016-09-10 14:40,,,,,,,,,,,,,,,,,,,,,,,,,,,,,,,,,,,,,,,,,,,,,,,,,,,,,,,,,,,,,,
85179743,2015,2015-11-21 19:40,2016-01-25 16:37,FHPH15OFF019271,U,1,2,0,13,0,LEON,UNINCORPORATED,1,2015-11-21 19:43,2015-11-21 19:51,2015-11-21 20:01,2015-11-21 23:15,2,,2,STATE ROAD 263,,30.5307423485738,-84.3622030896947,,0.1,S,UNITED STATES 27 (SR-63),,3,2,1,2,4,2,1,1,77,10,1,1,4,1,,,1,,,1,,,,,1214,CORPORAL,,,,,FLORIDA HIGHWAY PATROL,1,2016-01-28 13:32,,,,,,,,,,,,,,,,,,,,,,,,,,,,,,,,,,,,,,,,,,,,,,,,,,,,,,,,,,,,,,
85860026,2015,2015-11-24 15:50,2016-03-09 15:44,150139900,U,1,2,0,13,50,LEON,Tallahassee,2,2015-11-24 15:52,2015-11-24 15:53,2015-11-24 15:57,2015-11-24 16:14,2,,2,CAPITAL CIR NW,,,,900,,N,TENNESSEE ST W,,3,3,1,1,1,1,1,1,77,10,1,1,1,1,,,1,,,1,,,,,11574,,,,,,LEON CO SO,3,2016-03-10 14:45,,,,,,,,,,,,,,,,,,,,,,,,,,,,,,,,,,,,,,,,,,,,,,,,,,,,,,,,,,,,,,
83182804,2015,2015-08-28 05:30,2016-05-02 22:39,FHPH15OFF014331,U,1,1,0,13,50,LEON,TALLAHASSEE,2,2015-08-28 05:31,2015-08-28 05:33,2015-08-28 05:45,2015-08-28 06:07,2,,2,INTERSTATE 10 (STATE ROAD 8),,30.48144,-84.31368,500,,E,US 27,,1,1,1,1,4,1,1,1,77,10,3,1,1,1,,,1,,,1,,,,,1413,CORPORAL,,,,,FLORIDA HIGHWAY PATROL,1,2016-05-04 15:03,,,,,,,,,,,,,,,,,,,,,,,,,,,,,,,,,,,,,,,,,,,,,,,,,,,,,,,,,,,,,,
86215496,2016,2016-01-12 19:35,2016-01-12 00:00,16001317,L,1,2,0,13,50,LEON,TALLAHASSEE,2,2016-01-12 19:37,2016-01-12 19:38,2016-01-12 19:43,2016-01-12 20:29,2,,2,APALACHEE PKWY,,,,100,,W,CAPITAL CIR SE,,2,3,1,1,4,1,1,1,,10,1,1,3,1,,,1,,,1,,,,,632,OFFICER,,,,,TALLAHASSEE POLICE DEPARTMENT,2,2016-01-14 19:22,,,,,,,,,,,,,,,,,,,,,,,,,,,,,,,,,,,,,,,,,,,,,,,,,,,,,,,,,,,,,,
86502820,2016,2016-04-01 05:25,2016-04-01 15:49,160046293,L,1,3,0,13,0,LEON,Unincorporated - Leon County,1,2016-04-01 05:30,2016-04-01 05:30,2016-04-01 05:33,2016-04-01 06:37,2,,2,OLD BAINBRIDGE RD,,,,0,,,GRANDVIEW CT,,5,1,3,1,5,2,2,1,77,10,1,1,2,1,,,1,,,1,,,,,11708,,,,,,LEON CO SO,3,2016-04-02 14:27,,,,,,,,,,,,,,,,,,,,,,,,,,,,,,,,,,,,,,,,,,,,,,,,,,,,,,,,,,,,,,
86215662,2016,2016-01-19 12:45,2016-02-11 00:00,16002105,U,1,2,0,13,50,LEON,TALLAHASSEE,2,2016-01-19 12:45,2016-01-19 12:45,2016-01-19 12:45,2016-01-19 13:15,2,,2,GAINES ST E,,,,,,,DUVAL ST S,,5,3,2,1,1,1,1,1,,10,1,1,3,1,,,1,,,1,,,,,365,OFFICER,,,,,TALLAHASSEE POLICE DEPARTMENT,2,2016-02-15 16:22,,,,,,,,,,,,,,,,,,,,,,,,,,,,,,,,,,,,,,,,,,,,,,,,,,,,,,,,,,,,,,
86215754,2016,2016-01-22 17:15,2016-01-22 00:00,16002472,L,1,3,0,13,50,LEON,TALLAHASSEE,2,2016-01-22 17:15,2016-01-22 17:15,2016-01-22 17:17,2016-01-22 17:50,2,,2,MONROE ST N,,,,,,,LAKE ELLA DR,,2,3,3,1,1,2,1,1,,10,1,1,1,1,,,1,,,1,,,,,303,OFFICER,,,,,TALLAHASSEE POLICE DEPARTMENT,2,2016-01-24 13:06,,,,,,,,,,,,,,,,,,,,,,,,,,,,,,,,,,,,,,,,,,,,,,,,,,,,,,,,,,,,,,
86216189,2016,2016-02-07 03:57,2016-02-23 00:00,16004174,U,1,3,0,13,50,LEON,TALLAHASSEE,2,2016-02-07 03:57,2016-02-07 03:58,2016-02-07 04:11,2016-02-07 04:57,2,,2,CAPITAL CIR NW,1459,,,,,,,,9,3,1,1,4,1,1,1,,10,8,1,1,1,,,1,,,1,,,,,718,OFFICER,,,,,TALLAHASSEE POLICE DEPARTMENT,2,2016-02-25 14:44,,,,,,,,,,,,,,,,,,,,,,,,,,,,,,,,,,,,,,,,,,,,,,,,,,,,,,,,,,,,,,
85860388,2016,2016-01-17 01:30,2016-01-29 10:30,160007630,U,1,2,0,13,50,LEON,Tallahassee,2,2016-01-17 02:12,2016-01-17 02:30,2016-01-17 02:41,2016-01-17 02:41,2,,2,JUNIPER DR,,,,150,,S,CRABAPPLE DR,,5,2,1,2,4,3,2,1,77,10,1,1,1,77,,,88,,,1,,,,,11943,,,,,,LEON CO SO,3,2016-01-30 13:32,,,,,,,,,,,,,,,,,,,,,,,,,,,,,,,,,,,,,,,,,,,,,,,,,,,,,,,,,,,,,,
86215453,2016,2016-01-11 17:11,2016-01-25 00:00,16001172,U,1,4,0,13,50,LEON,TALLAHASSEE,2,2016-01-11 17:16,2016-01-11 17:17,2016-01-11 17:22,2016-01-11 18:25,2,,2,FAMU WAY,,,,20,,W,M L KING BLVD S,,5,3,6,2,1,1,1,1,,10,1,1,1,1,,,4,,,1,,,,,679,OFFICER,,,,,TALLAHASSEE POLICE DEPARTMENT,2,2016-01-28 13:33,,,,,,,,,,,,,,,,,,,,,,,,,,,,,,,,,,,,,,,,,,,,,,,,,,,,,,,,,,,,,,
86449661,2016,2016-03-24 08:05,2016-03-24 00:00,16009299,L,1,3,0,13,50,LEON,TALLAHASSEE,2,2016-03-24 08:09,2016-03-24 08:10,2016-03-24 08:12,2016-03-24 08:40,2,,2,THARPE ST W,,,,,,,COLORADO ST,,5,3,2,1,1,1,1,1,,10,1,1,2,1,,,1,,,1,,,,,775,OFFICER,,,,,TALLAHASSEE POLICE DEPARTMENT,2,2016-03-25 14:32,,,,,,,,,,,,,,,,,,,,,,,,,,,,,,,,,,,,,,,,,,,,,,,,,,,,,,,,,,,,,,
84483793,2016,2016-02-10 22:16,2016-02-10 22:30,FHPH16OFF002364,L,1,2,0,13,50,LEON,TALLAHASSEE,1,2016-02-10 22:17,2016-02-10 22:17,2016-02-10 22:17,2016-02-10 22:56,2,,2,RAYMOND DEIHL,,30.5002941952897,-84.2472807542267,10,,E,SR 261,,3,3,2,1,4,1,1,1,77,10,1,1,3,1,,,1,,,1,,,,,3487,TROOPER,,,,,FLORIDA HIGHWAY PATROL,1,2016-02-21 14:22,,,,,,,,,,,,,,,,,,,,,,,,,,,,,,,,,,,,,,,,,,,,,,,,,,,,,,,,,,,,,,
86216113,2016,2016-02-04 13:10,2016-03-21 00:00,16003855,U,1,2,0,13,50,LEON,TALLAHASSEE,2,2016-02-04 13:10,2016-02-04 13:11,2016-02-04 13:13,2016-02-04 15:25,2,,2,ORANGE AVE W,,,,,,,HOLTON ST,,5,3,3,1,1,1,2,1,,10,1,1,1,1,,,1,,,1,,,,,334,OFC,,,,,TALLAHASSEE POLICE DEPARTMENT,2,2016-03-26 14:41,,,,,,,,,,,,,,,,,,,,,,,,,,,,,,,,,,,,,,,,,,,,,,,,,,,,,,,,,,,,,,
86450782,2016,2016-05-03 13:01,2016-05-17 00:00,16014137,U,1,2,0,13,50,LEON,TALLAHASSEE,2,2016-05-03 13:01,2016-05-03 13:05,2016-05-03 13:12,2016-05-03 13:37,2,,2,TENNESSEE ST W,491,,,,,,,,9,3,1,2,1,2,1,1,,10,2,1,4,1,,,1,,,1,,,,,718,OFFICER,,,,,TALLAHASSEE POLICE DEPARTMENT,2,2016-05-19 15:05,,,,,,,,,,,,,,,,,,,,,,,,,,,,,,,,,,,,,,,,,,,,,,,,,,,,,,,,,,,,,,
83589549,2016,2016-01-13 09:20,2016-01-13 00:00,1601-0102,L,1,3,0,13,40,LEON,FLORIDA STATE UNIV.,2,2016-01-13 09:23,2016-01-13 09:23,2016-01-13 09:24,2016-01-13 10:18,2,,2,UNIVERSITY WAY,702,,,,,,GRAY STREET,,5,3,3,1,1,1,1,1,,10,1,1,2,1,,,1,,,1,,,,,407,OFFICER,,,,,FSU POLICE DEPARTMENT,2,2016-01-15 15:06,,,,,,,,,,,,,,,,,,,,,,,,,,,,,,,,,,,,,,,,,,,,,,,,,,,,,,,,,,,,,,
86448996,2016,2016-02-27 07:48,2016-02-27 00:00,16006515,L,1,2,0,13,50,LEON,TALLAHASSEE,2,2016-02-27 07:48,2016-02-27 07:50,2016-02-27 07:53,2016-02-27 08:30,2,,2,TENN ST W,,,,10,,W,BASIN ST,,3,1,2,1,1,1,1,1,,10,1,1,1,77,1,,1,,,1,,,,,630,OFFICER,,,,,TALLAHASSEE POLICE DEPARTMENT,2,2016-02-29 14:04,,,,,,,,,,,,,,,,,,,,,,,,,,,,,,,,,,,,,,,,,,,,,,,,,,,,,,,,,,,,,,