report_number,crash_year,crash_date_time,report_date_time,investigating_agency_rep_num,form_type,total_number_of_vehicles,total_number_of_persons,total_number_of_narratives,county_code,city_code,county_name,city_name,rural_or_urban,notified_time,dispatched_time,arrived_time,cleared_time,completed_flag,reason_not_completed,notified_by,on_street_road_highway,street_address_number,latitude,longitude,feet_from_intersection,miles_from_intersection,direction_from_intersection,from_intersection_of,from_milepost_number,road_system_identifier,type_of_shoulder,type_of_intersection,photos_taken_flag,light_condition,weather_condition,road_surface_condition,school_bus_related_code,type_of_impact,first_harmful_event,harmful_event_location,interchange_flag,junction_flag,road_circumstances_1,road_circumstances_2,road_circumstances_3,environment_circumstances_1,environment_circumstances_2,environment_circumstances_3,work_zone_related_flag,location_within_zone,type_of_work_zone,workers_present,law_enforcement_present,investigator_id,investigator_rank,investigator_first_name,investigator_middle_name,investigator_last_name,investigator_suffix,investigating_agency_name,investigating_agency_type,load_dt90838674,,,,,,,,,,,,,,,,,,,,,,,,,,,,,,5,2,1,1,88,1,1,1,1,32,2,88,1,1,,,1,,,1,,,,,217,DEPUTY,,,EPLHASE,,LEON COUNTY,2,2011-03-08 15:54
87502975,2017,2017-11-23 20:29,2017-11-25 08:03,170171963,L,1,3,0,13,0,LEON,Unincorporated - Leon County,1,2017-11-23 20:29,2017-11-23 20:29,2017-11-23 20:29,2017-11-23 20:55,2,,2,BRADFORDVILLE RD,3700,,,0,,,,,9,3,1,1,4,1,1,1,77,10,8,1,1,1,,,1,,,1,,,,,11946,,,,,,LEON CO SO,3,2017-11-26 14:09,,,,,,,,,,,,,,,,,,,,,,,,,,,,,,,,,,,,,,,,,,,,,,,,,,,,,,,,,,,,,,
85576938,2017,2017-11-22 12:30,2017-11-22 12:55,FHPH17OFF022827,L,1,2,0,13,0,LEON,UNINCORPORATED,1,2017-11-22 12:32,2017-11-22 12:34,2017-11-22 12:45,2017-11-22 12:55,2,,2,STATE ROAD 20,,30.4367640987039,-84.3802867177874,120,,E,GRAM LANE,,3,2,1,1,1,1,1,1,77,10,3,1,1,1,,,1,,,1,,,,,4245,TROOPER,,,,,FLORIDA HIGHWAY PATROL,1,2017-12-02 14:33,,,,,,,,,,,,,,,,,,,,,,,,,,,,,,,,,,,,,,,,,,,,,,,,,,,,,,,,,,,,,,
86962654,2017,2017-11-18 21:09,2017-11-18 00:00,17039230,L,1,3,0,13,50,LEON,TALLAHASSEE,2,2017-11-18 21:09,2017-11-18 21:14,2017-11-18 21:17,2017-11-18 21:46,2,,2,OLD SAINT AUGUSTINE RD,,30.424821,-84.242614,8,,E,CASTELNAU CT,,5,2,1,1,5,1,1,1,,10,1,1,1,1,,,1,,,1,,,,,671,OFFICER,,,,,TALLAHASSEE POLICE DEPARTMENT,2,2017-11-21 14:47,,,,,,,,,,,,,,,,,,,,,,,,,,,,,,,,,,,,,,,,,,,,,,,,,,,,,,,,,,,,,,
87477946,2017,2017-12-11 09:37,2017-12-11 00:00,1712-0127,L,1,2,0,13,40,LEON,FLORIDA STATE UNIV.,2,2017-12-11 09:37,2017-12-11 09:38,2017-12-11 09:40,2017-12-11 10:08,2,,2,CHIEFTAN WAY,269,,,,,,NORTH CIRCUS PARKING LOT,,5,3,3,1,1,1,1,1,,10,10,1,15,1,,,1,,,1,,,,,461,OFFICER,,,,,FSU POLICE DEPARTMENT,2,2017-12-12 14:24,,,,,,,,,,,,,,,,,,,,,,,,,,,,,,,,,,,,,,,,,,,,,,,,,,,,,,,,,,,,,,
86962144,2017,2017-11-01 01:40,2017-12-08 00:00,17037066,U,1,2,0,13,50,LEON,TALLAHASSEE,2,2017-11-01 01:41,2017-11-01 01:42,2017-11-01 01:42,2017-11-01 01:51,2,,2,AIRPORT DR,,30.43341,-84.310706,,,,ATKAMIRE DR,,5,2,2,2,4,1,1,1,,10,1,1,2,1,,,1,,,1,,,,,306,OFFICER,,,,,TALLAHASSEE POLICE DEPARTMENT,2,2017-12-14 14:38,,,,,,,,,,,,,,,,,,,,,,,,,,,,,,,,,,,,,,,,,,,,,,,,,,,,,,,,,,,,,,
86963400,2017,2017-12-15 14:00,2017-12-15 00:00,17042313,L,1,2,0,13,50,LEON,TALLAHASSEE,2,2017-12-15 14:15,2017-12-15 14:29,2017-12-15 14:39,2017-12-15 15:00,2,,2,THOMASVILLE RD,1122,30.454565,-84.278876,,,,,,9,3,1,1,1,1,1,1,,10,8,1,1,1,,,1,,,1,,,,,699,OFC,,,,,TALLAHASSEE POLICE DEPARTMENT,2,2017-12-18 13:53,,,,,,,,,,,,,,,,,,,,,,,,,,,,,,,,,,,,,,,,,,,,,,,,,,,,,,,,,,,,,,
85520236,2017,2017-12-23 19:00,2017-12-23 19:37,FHPH17OFF025048,L,1,2,0,13,50,LEON,TALLAHASSEE,1,2017-12-23 19:05,2017-12-23 19:11,2017-12-23 19:19,2017-12-23 21:04,2,,2,US HIGHWAY 319,,30.54453,-84.22717,100,,N,KERRY FORREST ROAD,,2,3,1,1,4,1,1,1,77,10,1,1,1,1,,,1,,,1,,,,,3602,TROOPER,,,,,FLORIDA HIGHWAY PATROL,1,2017-12-25 13:57,,,,,,,,,,,,,,,,,,,,,,,,,,,,,,,,,,,,,,,,,,,,,,,,,,,,,,,,,,,,,,
85598185,2017,2017-12-23 19:50,2017-12-23 20:38,FHPH17OFF025055,L,1,2,0,13,0,LEON,UNINCORPORATED,1,2017-12-23 19:53,2017-12-23 19:56,2017-12-23 20:12,2017-12-23 21:14,2,,2,STATE ROAD 20 (BLOUNTSTOWN HIGHWAY),,30.38923,-84.6288,10,,N,STATE ROAD 267 (BLOXHAM CUTOFF),,3,2,1,1,5,1,1,1,77,10,3,1,1,1,,,1,,,1,,,,,4181,TROOPER,,,,,FLORIDA HIGHWAY PATROL,1,2018-01-03 14:17,,,,,,,,,,,,,,,,,,,,,,,,,,,,,,,,,,,,,,,,,,,,,,,,,,,,,,,,,,,,,,
87503009,2017,2017-12-03 18:30,2018-01-16 14:43,170176686,U,1,2,0,13,0,LEON,Unincorporated - Leon County,1,2017-12-03 18:43,2017-12-03 18:50,2017-12-03 19:00,2017-12-03 19:42,2,,2,TENNESSEE ST W,3891,,,0,,,,,9,3,1,2,4,2,6,1,77,10,8,1,1,1,,,1,,,1,,,,,11838,,,,,,LEON CO SO,3,2018-01-17 14:53,,,,,,,,,,,,,,,,,,,,,,,,,,,,,,,,,,,,,,,,,,,,,,,,,,,,,,,,,,,,,,
86960853,2017,2017-09-20 20:46,2018-02-12 00:00,17031756,U,1,2,0,13,50,LEON,TALLAHASSEE,2,2017-09-20 20:46,2017-09-20 20:47,2017-09-20 20:51,2017-09-20 01:00,2,,2,MISSION RD,,,,,,,MISSION TRACE BLVD,,5,3,3,2,4,1,1,1,,10,1,1,3,1,,,1,,,1,,,,,549,INV,,,,,TALLAHASSEE POLICE DEPARTMENT,2,2018-02-15 14:30,,,,,,,,,,,,,,,,,,,,,,,,,,,,,,,,,,,,,,,,,,,,,,,,,,,,,,,,,,,,,,
86962143,2017,2017-11-01 00:30,2018-02-14 00:00,17037063,U,1,2,0,13,50,LEON,TALLAHASSEE,2,2017-11-01 01:11,2017-11-01 01:14,2017-11-01 01:30,2017-11-01 03:00,2,,2,COLLEGE AVE,,,,,,,ML KING BLVD,,5,3,2,1,4,1,1,1,,10,1,1,77,1,,,1,,,1,,,,,661,INVESTIGATOR,,,,,TALLAHASSEE POLICE DEPARTMENT,2,2018-02-16 14:41,,,,,,,,,,,,,,,,,,,,,,,,,,,,,,,,,,,,,,,,,,,,,,,,,,,,,,,,,,,,,,
85431853,2017,2017-05-23 20:01,2018-06-11 11:29,FHPH17OFF009286,U,1,2,0,13,0,LEON,UNINCORPORATED,1,2017-05-23 20:06,2017-05-23 20:08,2017-05-23 20:27,2017-05-24 01:19,2,,2,COUNTY ROAD 2203 (SPRINGHILL ROAD),,30.31987904571,-84.3982091546059,,0.19,S,CLINTON HUDSON SR LANE,,4,2,1,2,2,2,1,1,77,10,1,2,16,1,,,1,,,1,,,,,2577,CORPORAL,,,,,FLORIDA HIGHWAY PATROL,1,2018-06-12 14:19,,,,,,,,,,,,,,,,,,,,,,,,,,,,,,,,,,,,,,,,,,,,,,,,,,,,,,,,,,,,,,
86957929,2017,2017-05-21 02:51,2018-07-30 00:00,17017032,U,1,2,0,13,50,LEON,TALLAHASSEE,2,2017-05-21 02:51,2017-05-21 02:53,2017-05-21 02:56,2017-05-21 04:36,2,,2,CAPITAL CIR NW,1414,,,400,,N,TENNESSEE ST W,,3,3,1,2,4,2,1,1,,10,1,1,1,1,,,1,,,1,,,,,301,INVESTIGATOR,,,,,TALLAHASSEE POLICE DEPARTMENT,2,2018-08-02 14:20,,,,,,,,,,,,,,,,,,,,,,,,,,,,,,,,,,,,,,,,,,,,,,,,,,,,,,,,,,,,,,
86960526,2017,2017-09-08 03:35,2018-11-13 00:00,17030247,U,1,2,0,13,50,LEON,TALLAHASSEE,2,2017-09-08 03:40,2017-09-08 03:40,2017-09-08 03:45,2017-09-08 07:18,2,,2,BLAIR STONE RD S,,,,,,N,WINEWOOD BLVD,,5,1,77,2,5,1,1,1,,10,1,1,1,88,,,88,,,1,,,,,381,INVESTIGATOR,,,,,TALLAHASSEE POLICE DEPARTMENT,2,2018-11-18 16:55,,,,,,,,,,,,,,,,,,,,,,,,,,,,,,,,,,,,,,,,,,,,,,,,,,,,,,,,,,,,,,
84475621,2017,2017-08-12 01:20,2019-04-21 11:19,FHPH17OFF015042,U,1,1,0,13,0,LEON,UNINCORPORATED,1,2017-08-12 01:34,2017-08-12 01:38,2017-08-12 01:45,2017-08-12 04:52,2,,2,STATE ROAD 20 (BLOUNTSTOWN HWY),,30.4360332805663,-84.3767008557916,834,,W,COUNTY ROAD 1581 (AENON CHURCH RD),,3,2,1,2,5,2,1,1,77,10,1,1,1,1,,,1,,,1,,,,,1204,SERGEANT,,,,,FLORIDA HIGHWAY PATROL,1,2019-04-23 14:27,,,,,,,,,,,,,,,,,,,,,,,,,,,,,,,,,,,,,,,,,,,,,,,,,,,,,,,,,,,,,,
87477966,2018,2018-01-16 09:05,2018-01-16 00:00,1801-0140,L,1,2,0,13,40,LEON,FLORIDA STATE UNIV.,2,2018-01-16 09:05,2018-01-16 09:14,2018-01-16 09:19,2018-01-16 10:00,2,,2,SPIRIT WAY,,,,5,,E,STADIUM DRIVE,,5,3,1,1,1,1,1,1,,10,1,1,1,1,,,4,,,1,,,,,412,OFFICER,,,,,FSU POLICE DEPARTMENT,2,2018-02-09 15:20,EC2,0,,,,,,,,,,,,,,,,,,,,,,,,,,,,,,,,,,,,,,,,,,,,,,,,,,,,,,,,,,,,
87126064,2018,2018-01-03 17:30,2018-01-03 19:34,FHPH18OFF000267,S,1,2,0,13,0,LEON,UNINCORPORATED,1,2018-01-03 18:54,2018-01-03 19:03,2018-01-03 19:20,2018-01-03 19:50,2,,2,AENON CHURCH RD,,30.44324,-84.37399,100,,S,TRAILS END LANE,,4,2,1,1,2,1,1,1,77,10,1,1,1,11,,,1,,,1,,,,,3655,TROOPER,,,,,FLORIDA HIGHWAY PATROL,1,2018-01-05 14:36,EC2,1,,,,,,,,,,,,,,,,,,,,,,,,,,,,,,,,,,,,,,,,,,,,,,,,,,,,,,,,,,,,
85914118,2018,2018-01-17 09:12,2018-01-17 00:00,2018-0045,L,1,2,0,13,30,LEON,FLORIDA A&M UNIVERSI,2,2018-01-17 09:14,2018-01-17 09:14,2018-01-17 09:17,2018-01-17 09:55,2,,2,PALMER AVE W,,,,,,,M L KING JR BLVD S,,5,3,3,1,1,3,2,1,,10,1,1,2,1,,,1,,,1,,,,,45,OFFICER,,,,,FAMU POLICE DEPARTMENT,2,2018-01-19 14:49,EC2,0,,,,,,,,,,,,,,,,,,,,,,,,,,,,,,,,,,,,,,,,,,,,,,,,,,,,,,,,,,,,
87477962,2018,2018-01-11 15:30,2018-01-11 00:00,1801-0074,L,1,2,0,13,40,LEON,FLORIDA STATE UNIV.,2,2018-01-11 15:39,2018-01-11 15:39,2018-01-11 15:45,2018-01-11 16:00,2,,2,W JEFFERSON ST,,30.439632,-84.294032,,,,GRAY ST,,5,1,2,1,1,2,1,1,,10,1,1,3,1,,,1,,,1,,,,,402,OFFICER,,,,,FSU POLICE DEPARTMENT,2,2018-01-17 14:53,EC2,0,,,,,,,,,,,,,,,,,,,,,,,,,,,,,,,,,,,,,,,,,,,,,,,,,,,,,,,,,,,,
87503143,2018,2018-01-02 18:54,2018-01-03 05:15,180000868,L,1,2,0,13,50,LEON,Tallahassee,2,2018-01-02 18:54,2018-01-02 18:54,2018-01-02 18:54,2018-01-02 19:11,2,,2,CAPITAL CIR NE,,,,0,,,RAYMOND DIEHL RD,,2,3,2,1,4,1,1,1,77,10,1,1,3,1,,,1,,,1,,,,,11946,,,,,,LEON CO SO,3,2018-01-04 14:43,EC2,0,,,,,,,,,,,,,,,,,,,,,,,,,,,,,,,,,,,,,,,,,,,,,,,,,,,,,,,,,,,,
87503433,2018,2018-03-19 13:06,2018-03-20 17:42,180040797,L,1,2,0,13,50,LEON,Tallahassee,2,2018-03-19 13:06,2018-03-19 13:06,2018-03-19 13:08,2018-03-19 13:42,2,,2,APALACHEE PKWY,,,,282,,E,RICHARDSON RD,,5,3,1,1,1,2,1,1,77,10,10,1,1,1,,,1,,,1,,,,,10899,,,,,,LEON CO SO,3,2018-03-22 14:26,EC2,0,,,,,,,,,,,,,,,,,,,,,,,,,,,,,,,,,,,,,,,,,,,,,,,,,,,,,,,,,,,,
86964278,2018,2018-01-25 10:18,2018-01-25 00:00,18002733,L,1,2,0,13,50,LEON,TALLAHASSEE,2,2018-01-25 10:18,2018-01-25 10:18,2018-01-25 10:23,2018-01-25 11:30,2,,2,JEFFERSON ST,,,,25,,W,ADAMS ST,,5,3,1,1,1,1,1,1,,10,1,1,1,1,,,1,,,1,,,,,523,OFFICER,,,,,TALLAHASSEE POLICE DEPARTMENT,2,2018-01-26 16:36,EC2,0,,,,,,,,,,,,,,,,,,,,,,,,,,,,,,,,,,,,,,,,,,,,,,,,,,,,,,,,,,,,
86964323,2018,2018-01-26 21:10,2018-01-26 00:00,18002902,L,1,3,0,13,50,LEON,TALLAHASSEE,2,2018-01-26 21:13,2018-01-26 21:13,2018-01-26 21:15,2018-01-26 21:30,2,,2,VICTORY GARDEN DRIVE,,,,100,,N,COLLINGSFORD RD,,5,2,1,1,4,1,1,1,,10,1,1,1,1,,,1,,,1,,,,,397,OFFICER,,,,,TALLAHASSEE POLICE DEPARTMENT,2,2018-01-30 14:56,EC2,0,,,,,,,,,,,,,,,,,,,,,,,,,,,,,,,,,,,,,,,,,,,,,,,,,,,,,,,,,,,,
86964372,2018,2018-01-28 17:15,2018-01-28 00:00,18003074,L,1,2,0,13,50,LEON,TALLAHASSEE,2,2018-01-28 17:15,2018-01-28 17:16,2018-01-28 17:19,2018-01-28 17:45,2,,2,W TENNESSEE ST,,30.448558,-84.30292,383,,E,W BREVARD ST,,5,3,1,1,1,3,2,1,,10,1,1,1,1,,,1,,,1,,,,,677,OFC,,,,,TALLAHASSEE POLICE DEPARTMENT,2,2018-01-30 14:56,EC2,0,,,,,,,,,,,,,,,,,,,,,,,,,,,,,,,,,,,,,,,,,,,,,,,,,,,,,,,,,,,,
86964347,2018,2018-01-27 16:23,2018-01-27 00:00,18002972,L,1,2,0,13,50,LEON,TALLAHASSEE,2,2018-01-27 16:23,2018-01-27 16:25,2018-01-27 16:32,2018-01-27 16:32,2,,2,ST AUGUSTINE ST W,,,,10,,W,WOODWARD AVE S,,5,3,2,1,1,2,1,1,,10,1,1,2,1,,,1,,,1,,,,,534,OFFICER,,,,,TALLAHASSEE POLICE DEPARTMENT,2,2018-02-02 14:31,EC2,0,,,,,,,,,,,,,,,,,,,,,,,,,,,,,,,,,,,,,,,,,,,,,,,,,,,,,,,,,,,,
87503256,2018,2018-01-30 20:58,2018-01-31 14:09,180015277,L,1,2,0,13,0,LEON,Unincorporated - Leon County,1,2018-01-30 20:59,2018-01-30 20:59,2018-01-30 20:59,2018-01-30 22:00,2,,2,MONROE ST N,,,,300,,S,HARRIET DR,,2,2,1,2,4,1,1,1,4,10,88,1,1,1,,,1,,,1,,,,,11902,,,,,,LEON CO SO,3,2018-02-01 14:36,EC2,0,,,,,,,,,,,,,,,,,,,,,,,,,,,,,,,,,,,,,,,,,,,,,,,,,,,,,,,,,,,,
86963924,2018,2018-01-11 08:03,2018-02-07 00:00,18001061,U,1,2,0,13,50,LEON,TALLAHASSEE,2,2018-01-11 08:15,2018-01-11 08:00,2018-01-11 08:31,2018-01-11 09:45,2,,2,RAMP FROM I-10 E TO N MONROE ST,,30.48158,-84.306968,42,,S,N MONROE ST,,2,1,77,1,1,1,1,1,,10,1,2,14,1,,,1,,,1,,,,,306,OFFICER,,,,,TALLAHASSEE POLICE DEPARTMENT,2,2018-02-09 15:22,EC2,0,,,,,,,,,,,,,,,,,,,,,,,,,,,,,,,,,,,,,,,,,,,,,,,,,,,,,,,,,,,,
86963761,2018,2018-01-04 19:20,2018-02-01 00:00,18000319,U,1,3,0,13,50,LEON,TALLAHASSEE,2,2018-01-04 19:20,2018-01-04 19:21,2018-01-04 19:25,2018-01-04 20:20,2,,2,N CALHOUN ST,,30.444691,-84.279596,,,,E TENNESSEE ST,,5,3,2,1,4,1,1,1,,10,1,1,2,1,,,1,,,1,,,,,524,OFFICER,,,,,TALLAHASSEE POLICE DEPARTMENT,2,2018-02-15 14:30,EC2,0,,,,,,,,,,,,,,,,,,,,,,,,,,,,,,,,,,,,,,,,,,,,,,,,,,,,,,,,,,,,
86964487,2018,2018-02-02 08:36,2018-02-02 00:00,18003583,L,1,34,0,13,50,LEON,TALLAHASSEE,2,2018-02-02 08:38,2018-02-02 08:50,2018-02-02 09:10,2018-02-02 09:45,2,,2,MISSION RD N,,,,,,,GEARHEART RD,,5,3,2,1,1,1,2,2,,10,1,1,2,1,,,1,,,1,,,,,781,POLICE OFFICER,,,,,TALLAHASSEE POLICE DEPARTMENT,2,2018-02-07 14:25,EC2,0,,,,,,,,,,,,,,,,,,,,,,,,,,,,,,,,,,,,,,,,,,,,,,,,,,,,,,,,,,,,
86964352,2018,2018-01-27 23:54,2018-02-15 00:00,18003011,U,1,2,0,13,50,LEON,TALLAHASSEE,2,2018-01-27 23:54,2018-01-27 23:55,2018-01-27 22:56,2018-01-27 22:59,2,,2,JACKSON BLUFF RD,,,,50,,W,MURAT ST,,5,3,2,1,5,1,1,1,,10,1,1,3,1,,,1,,,1,,,,,743,OFFICER,,,,,TALLAHASSEE POLICE DEPARTMENT,2,2018-02-18 14:03,EC2,0,,,,,,,,,,,,,,,,,,,,,,,,,,,,,,,,,,,,,,,,,,,,,,,,,,,,,,,,,,,,
86965026,2018,2018-02-21 17:11,2018-02-21 00:00,18005952,L,1,2,0,13,50,LEON,TALLAHASSEE,2,2018-02-21 17:11,2018-02-21 17:12,2018-02-21 17:18,2018-02-21 18:30,2,,2,TENNESSEE ST W,4400,,,,,,,,9,3,1,2,1,1,1,1,,10,8,1,1,1,,,1,,,1,,,,,308,OFC,,,,,TALLAHASSEE POLICE DEPARTMENT,2,2018-02-28 15:03,EC2,0,,,,,,,,,,,,,,,,,,,,,,,,,,,,,,,,,,,,,,,,,,,,,,,,,,,,,,,,,,,,
86964900,2018,2018-02-16 16:43,2018-02-16 00:00,18005355,L,1,2,0,13,50,LEON,TALLAHASSEE,2,2018-02-16 16:43,2018-02-16 16:44,2018-02-16 16:51,2018-02-16 16:51,2,,2,ORANGE AVE W,,,,,,,WAHNISH WAY,,5,1,2,1,1,1,1,1,,10,1,1,3,1,,,1,,,1,,,,,529,OFFICER,,,,,TALLAHASSEE POLICE DEPARTMENT,2,2018-02-23 14:30,EC2,0,,,,,,,,,,,,,,,,,,,,,,,,,,,,,,,,,,,,,,,,,,,,,,,,,,,,,,,,,,,,
86965301,2018,2018-03-03 01:25,2018-03-03 00:00,18007123,L,1,2,0,13,50,LEON,TALLAHASSEE,2,2018-03-03 01:25,2018-03-03 01:25,2018-03-03 01:30,2018-03-03 02:25,2,,2,W GAINES ST,,30.439705,-84.306505,,,,,,9,3,1,1,4,1,1,1,,10,1,1,1,1,,,1,,,1,,,,,610,OFFICER,,,,,TALLAHASSEE POLICE DEPARTMENT,2,2018-03-05 14:27,EC2,0,,,,,,,,,,,,,,,,,,,,,,,,,,,,,,,,,,,,,,,,,,,,,,,,,,,,,,,,,,,,
86965360,2018,2018-03-05 09:08,2018-03-05 00:00,18007337,L,1,2,0,13,50,LEON,TALLAHASSEE,2,2018-03-05 09:09,2018-03-05 09:11,2018-03-05 09:14,2018-03-05 09:50,2,,2,W PENSACOLA ST,1828,30.441113,-84.311653,,,,,,9,2,1,1,1,1,1,1,,10,2,1,1,1,,,1,,,1,,,,,701,OFFICER,,,,,TALLAHASSEE POLICE DEPARTMENT,2,2018-03-06 14:43,EC2,0,,,,,,,,,,,,,,,,,,,,,,,,,,,,,,,,,,,,,,,,,,,,,,,,,,,,,,,,,,,,
86964474,2018,2018-02-01 20:09,2018-02-01 00:00,18003527,L,1,2,0,13,50,LEON,TALLAHASSEE,2,2018-02-01 20:09,2018-02-01 20:09,2018-02-01 20:10,2018-02-01 21:14,2,,2,W TENNESSEE ST,,30.447909,-84.3018,796,,E,W BREVARD ST,,2,3,1,1,4,1,1,1,,10,1,1,1,1,,,1,,,1,,,,,302,OFC,,,,,TALLAHASSEE POLICE DEPARTMENT,2,2018-03-02 14:29,EC2,0,,,,,,,,,,,,,,,,,,,,,,,,,,,,,,,,,,,,,,,,,,,,,,,,,,,,,,,,,,,,
86964050,2018,2018-01-16 10:15,2018-01-16 00:00,18001674,L,1,2,0,13,50,LEON,TALLAHASSEE,2,2018-01-16 10:15,2018-01-16 10:16,2018-01-16 10:19,2018-01-16 10:50,2,,2,LAKE BRADFORD RD,,30.42219,-84.302239,80,,S,KISSIMMEE ST,,5,3,1,1,1,1,1,1,,10,1,1,1,1,,,1,,,1,,,,,701,OFFICER,,,,,TALLAHASSEE POLICE DEPARTMENT,2,2018-03-02 14:29,EC2,0,,,,,,,,,,,,,,,,,,,,,,,,,,,,,,,,,,,,,,,,,,,,,,,,,,,,,,,,,,,,
86964849,2018,2018-02-14 16:55,2018-02-27 00:00,18005100,U,1,2,0,13,50,LEON,TALLAHASSEE,2,2018-02-14 17:00,2018-02-14 17:00,2018-02-14 17:00,2018-02-14 17:30,2,,2,MACOMB ST N,,30.445183,-84.288533,179,,N,W TENNESSEE ST,,5,1,1,1,1,1,1,1,,10,1,1,1,1,,,1,,,1,,,,,306,OFFICER,,,,,TALLAHASSEE POLICE DEPARTMENT,2,2018-03-03 14:17,EC2,0,,,,,,,,,,,,,,,,,,,,,,,,,,,,,,,,,,,,,,,,,,,,,,,,,,,,,,,,,,,,
87478018,2018,2018-03-01 14:50,2018-03-01 00:00,1803-0011,L,1,2,0,13,40,LEON,FLORIDA STATE UNIV.,2,2018-03-01 19:00,2018-03-01 19:00,2018-03-01 19:00,2018-03-01 19:30,1,UNKNOWN DRIVER AND VEHICLE FOR VEHICLE IN TRANSPORT,2,COLLEGIATE LOOP,109,,,,,,,,8,1,1,1,1,1,1,1,,10,2,1,4,1,,,1,,,1,,,,,455,OFC,,,,,FSU POLICE DEPARTMENT,2,2018-03-03 14:17,EC2,0,,,,,,,,,,,,,,,,,,,,,,,,,,,,,,,,,,,,,,,,,,,,,,,,,,,,,,,,,,,,
87478017,2018,2018-02-28 15:15,2018-02-28 00:00,1802-0364,L,1,1,0,13,40,LEON,FLORIDA STATE UNIV.,2,2018-02-28 15:15,2018-02-28 15:15,2018-02-28 15:17,2018-02-28 15:30,2,,2,HONORS WAY,,,,200,,S,W CALL ST,,5,3,1,1,1,2,1,1,,10,1,1,1,1,,,1,,,1,,,,,409,OFFICER,,,,,FSU POLICE DEPARTMENT,2,2018-03-02 14:29,EC2,0,,,,,,,,,,,,,,,,,,,,,,,,,,,,,,,,,,,,,,,,,,,,,,,,,,,,,,,,,,,,
86964553,2018,2018-02-05 06:35,2018-02-05 00:00,18003941,L,1,3,0,13,50,LEON,TALLAHASSEE,2,2018-02-05 06:39,2018-02-05 06:40,2018-02-05 06:47,2018-02-05 07:10,2,,2,CLAREMONT LN,,30.441112,-84.241126,,,,VICTORY GARDEN DR,,5,2,2,1,3,1,2,1,,10,1,1,2,1,,,1,,,1,,,,,586,OFFICER,,,,,TALLAHASSEE POLICE DEPARTMENT,2,2018-03-02 14:29,EC2,0,,,,,,,,,,,,,,,,,,,,,,,,,,,,,,,,,,,,,,,,,,,,,,,,,,,,,,,,,,,,
87503386,2018,2018-03-05 09:00,2018-03-05 16:56,180033621,L,1,2,0,13,0,LEON,Unincorporated - Leon County,1,2018-03-05 09:04,2018-03-05 09:06,2018-03-05 09:29,2018-03-05 11:29,2,,2,EDGEWATER CT,,,,380,,W,EDGEWATER DR,,8,2,1,2,1,2,7,1,5,10,1,1,1,1,,,1,,,1,,,,,10131,,,,,,LEON CO SO,3,2018-03-07 14:48,EC2,0,,,,,,,,,,,,,,,,,,,,,,,,,,,,,,,,,,,,,,,,,,,,,,,,,,,,,,,,,,,,
86964169,2018,2018-01-20 21:58,2018-03-02 00:00,18002224,U,1,3,0,13,50,LEON,TALLAHASSEE,2,2018-01-20 21:58,2018-01-20 21:59,2018-01-20 22:02,2018-01-20 01:23,2,,2,N MONROE ST,,30.473409,-84.293039,406,,S,ALLEN RD,,5,2,1,2,77,1,1,1,,10,1,1,1,1,,,1,,,1,,,,,661,INVESTIGATOR,,,,,TALLAHASSEE POLICE DEPARTMENT,2,2018-03-07 14:49,EC2,0,,,,,,,,,,,,,,,,,,,,,,,,,,,,,,,,,,,,,,,,,,,,,,,,,,,,,,,,,,,,
86965112,2018,2018-02-24 17:34,2018-02-24 00:00,18006339,L,1,2,0,13,50,LEON,TALLAHASSEE,2,2018-02-24 17:34,2018-02-24 17:36,2018-02-24 17:42,2018-02-24 18:03,2,,2,RIDGE RD N,,30.402623,-84.304038,316,,S,CREEK RD,,5,1,1,2,1,1,1,1,,10,3,1,1,1,,,1,,,1,,,,,560,OFFICER,,,,,TALLAHASSEE POLICE DEPARTMENT,2,2018-02-26 14:03,EC2,0,,,,,,,,,,,,,,,,,,,,,,,,,,,,,,,,,,,,,,,,,,,,,,,,,,,,,,,,,,,,
87503353,2018,2018-02-25 13:00,2018-02-28 13:45,180029303,U,1,2,0,13,0,LEON,Unincorporated - Leon County,1,2018-02-25 13:35,2018-02-25 13:39,2018-02-25 13:49,2018-02-25 16:00,2,,2,BAY CEDAR DR,8477,,,0,,,,,4,2,1,2,1,3,2,1,77,10,8,1,1,1,,,1,,,1,,,,,11384,,,,,,LEON CO SO,3,2018-03-01 14:27,EC2,0,,,,,,,,,,,,,,,,,,,,,,,,,,,,,,,,,,,,,,,,,,,,,,,,,,,,,,,,,,,,