report_number,crash_year,crash_date_time,report_date_time,investigating_agency_rep_num,form_type,total_number_of_vehicles,total_number_of_persons,total_number_of_narratives,county_code,city_code,county_name,city_name,rural_or_urban,notified_time,dispatched_time,arrived_time,cleared_time,completed_flag,reason_not_completed,notified_by,on_street_road_highway,street_address_number,latitude,longitude,feet_from_intersection,miles_from_intersection,direction_from_intersection,from_intersection_of,from_milepost_number,road_system_identifier,type_of_shoulder,type_of_intersection,photos_taken_flag,light_condition,weather_condition,road_surface_condition,school_bus_related_code,type_of_impact,first_harmful_event,harmful_event_location,interchange_flag,junction_flag,road_circumstances_1,road_circumstances_2,road_circumstances_3,environment_circumstances_1,environment_circumstances_2,environment_circumstances_3,work_zone_related_flag,location_within_zone,type_of_work_zone,workers_present,law_enforcement_present,investigator_id,investigator_rank,investigator_first_name,investigator_middle_name,investigator_last_name,investigator_suffix,investigating_agency_name,investigating_agency_type,load_dt90838674,,,,,,,,,,,,,,,,,,,,,,,,,,,,,,5,2,1,1,88,1,1,1,1,32,2,88,1,1,,,1,,,1,,,,,217,DEPUTY,,,EPLHASE,,LEON COUNTY,2,2011-03-08 15:54
86965211,2018,2018-02-28 11:29,2018-02-28 00:00,18006767,L,1,2,0,13,50,LEON,TALLAHASSEE,2,2018-02-28 11:29,2018-02-28 11:30,2018-02-28 11:32,2018-02-28 11:52,2,,2,OCALA RD,800,30.445552,-84.318416,,,,,,9,3,1,1,1,1,1,1,,10,8,1,1,1,,,1,,,1,,,,,303,OFFICER,,,,,TALLAHASSEE POLICE DEPARTMENT,2,2018-03-08 14:33,EC2,0,,,,,,,,,,,,,,,,,,,,,,,,,,,,,,,,,,,,,,,,,,,,,,,,,,,,,,,,,,,,
86965357,2018,2018-03-05 22:25,2018-03-05 00:00,18007322,L,1,2,0,13,50,LEON,TALLAHASSEE,2,2018-03-05 22:26,2018-03-05 22:26,2018-03-05 22:26,2018-03-05 23:00,2,,2,E ORANGE AVE,,30.412638,-84.276934,,,,S MERIDIAN ST,,5,3,2,1,4,1,1,1,,10,1,1,2,1,,,1,,,1,,,,,573,PATROL,,,,,TALLAHASSEE POLICE DEPARTMENT,2,2018-03-13 14:34,EC2,0,,,,,,,,,,,,,,,,,,,,,,,,,,,,,,,,,,,,,,,,,,,,,,,,,,,,,,,,,,,,
87503402,2018,2018-03-07 14:16,2018-03-09 13:25,180035087,L,1,2,0,13,0,LEON,Unincorporated - Leon County,1,2018-03-07 14:17,2018-03-07 14:17,2018-03-07 14:17,2018-03-07 15:10,2,,1,LAWTON CHILES LN,7200,,,0,,,,,9,3,1,1,1,1,1,1,7,10,8,1,1,1,,,1,,,1,,,,,10192,,,,,,LEON CO SO,3,2018-03-10 14:26,EC2,0,,,,,,,,,,,,,,,,,,,,,,,,,,,,,,,,,,,,,,,,,,,,,,,,,,,,,,,,,,,,
86965625,2018,2018-03-16 16:12,2018-03-16 00:00,18008605,L,1,1,0,13,50,LEON,TALLAHASSEE,2,2018-03-16 16:12,2018-03-16 16:12,2018-03-16 16:12,2018-03-16 17:26,2,,2,CAPITAL CIR NW,,30.458693,-84.360852,21,,S,W TENNESSEE ST,,5,1,1,1,1,1,1,1,,10,1,1,2,1,,,1,,,1,,,,,656,OFC.,,,,,TALLAHASSEE POLICE DEPARTMENT,2,2018-03-18 13:57,EC2,0,,,,,,,,,,,,,,,,,,,,,,,,,,,,,,,,,,,,,,,,,,,,,,,,,,,,,,,,,,,,
87835561,2018,2018-03-22 13:56,2018-03-22 00:00,18009202,L,1,2,0,13,50,LEON,TALLAHASSEE,2,2018-03-22 13:56,2018-03-22 13:57,2018-03-22 14:00,2018-03-22 14:50,2,,2,APPLEYARD DR,,30.441496,-84.337846,,,,W PENSACOLA ST,,5,3,2,1,1,1,1,1,,10,1,1,2,1,,,1,,,1,,,,,779,OFFICER,,,,,TALLAHASSEE POLICE DEPARTMENT,2,2018-03-23 15:03,EC2,0,,,,,,,,,,,,,,,,,,,,,,,,,,,,,,,,,,,,,,,,,,,,,,,,,,,,,,,,,,,,
87836290,2018,2018-04-18 08:23,2018-04-18 00:00,18012336,L,1,2,0,13,50,LEON,TALLAHASSEE,2,2018-04-18 08:23,2018-04-18 08:24,2018-04-18 08:26,2018-04-18 09:20,2,,2,E ORANGE AVE,,30.412393,-84.263479,100,,E,JIM LEE RD,,5,1,1,1,1,1,1,1,,10,1,1,1,1,,,4,,,1,,,,,648,OFFICER,,,,,TALLAHASSEE POLICE DEPARTMENT,2,2018-04-19 14:34,EC2,0,,,,,,,,,,,,,,,,,,,,,,,,,,,,,,,,,,,,,,,,,,,,,,,,,,,,,,,,,,,,
87478045,2018,2018-04-03 10:40,2018-04-03 00:00,1804-0026,L,1,2,0,13,40,LEON,FLORIDA STATE UNIV.,2,2018-04-03 10:45,2018-04-03 10:45,2018-04-03 10:50,2018-04-03 11:30,1,UNKNOWN SUSPECT VEHICLE,2,CHEIFTAN WAY,267,,,,,,,,9,1,1,1,1,1,1,1,,10,8,1,1,1,,,1,,,1,,,,,464,OFC,,,,,FSU POLICE DEPARTMENT,2,2018-04-04 14:50,EC2,0,,,,,,,,,,,,,,,,,,,,,,,,,,,,,,,,,,,,,,,,,,,,,,,,,,,,,,,,,,,,
87836060,2018,2018-04-10 02:16,2018-04-10 00:00,18011363,L,1,2,0,13,50,LEON,TALLAHASSEE,2,2018-04-10 02:16,2018-04-10 02:16,2018-04-10 02:16,2018-04-10 02:16,2,,2,PENSACOLA ST W,,,,,,N,CHAPEL DR,,5,3,3,1,4,1,1,1,,10,1,1,3,1,,,1,,,1,,,,,743,OFFICER,,,,,TALLAHASSEE POLICE DEPARTMENT,2,2018-04-11 14:32,EC2,0,,,,,,,,,,,,,,,,,,,,,,,,,,,,,,,,,,,,,,,,,,,,,,,,,,,,,,,,,,,,
87478053,2018,2018-04-09 12:04,2018-04-09 00:00,1804-0093,L,1,2,0,13,40,LEON,FLORIDA STATE UNIV.,2,2018-04-09 12:09,2018-04-09 12:09,2018-04-09 12:14,2018-04-09 12:35,2,,2,N WOODWARD AVE,,30.444757,-84.298151,77,,S,TERRITORY WAY,,5,3,1,1,1,1,1,1,,10,1,1,1,1,,,1,,,1,,,,,412,OFFICER,,,,,FSU POLICE DEPARTMENT,2,2018-04-11 14:32,EC2,0,,,,,,,,,,,,,,,,,,,,,,,,,,,,,,,,,,,,,,,,,,,,,,,,,,,,,,,,,,,,
86964403,2018,2018-01-30 08:07,2018-03-15 00:00,18003225,U,1,2,0,13,50,LEON,TALLAHASSEE,2,2018-01-30 08:07,2018-01-30 08:08,2018-01-30 08:12,2018-01-30 10:08,1,THI INVESTIGATION,2,E BLOXHAM ST,,30.434403,-84.281775,71,,E,S ADAMS ST,,5,3,1,1,1,1,1,1,,10,1,1,1,1,,,4,,,1,,,,,301,INVESTIGATOR,,,,,TALLAHASSEE POLICE DEPARTMENT,2,2018-03-31 14:30,EC2,0,,,,,,,,,,,,,,,,,,,,,,,,,,,,,,,,,,,,,,,,,,,,,,,,,,,,,,,,,,,,
87835766,2018,2018-03-30 06:32,2018-03-30 00:00,18010083,L,1,2,0,13,50,LEON,TALLAHASSEE,2,2018-03-30 06:32,2018-03-30 06:32,2018-03-30 06:32,2018-03-30 07:25,2,,2,MAGNOLIA DR,,,,,,,6TH AVE,,4,3,3,1,4,3,2,1,,10,1,2,2,10,,,2,,,1,,,,,504,OFFICER,,,,,TALLAHASSEE POLICE DEPARTMENT,2,2018-03-31 14:30,EC2,0,,,,,,,,,,,,,,,,,,,,,,,,,,,,,,,,,,,,,,,,,,,,,,,,,,,,,,,,,,,,
87164932,2018,2018-04-10 22:25,2018-04-10 23:20,FHPH18OFF006838,L,1,2,0,13,0,LEON,UNINCORPORATED,1,2018-04-10 22:37,2018-04-10 22:39,2018-04-10 22:44,2018-04-10 23:21,2,,2,US HIGHWAY 27,,30.4289298690856,-84.2054066061974,,0.25,W,CONNER BLVD,,2,2,1,1,5,1,1,1,77,10,3,1,1,1,,,1,,,1,,,,,4245,TROOPER,,,,,FLORIDA HIGHWAY PATROL,1,2018-04-15 13:59,EC2,0,,,,,,,,,,,,,,,,,,,,,,,,,,,,,,,,,,,,,,,,,,,,,,,,,,,,,,,,,,,,
86964573,2018,2018-02-05 20:04,2018-04-04 00:00,18004025,U,1,2,0,13,50,LEON,TALLAHASSEE,2,2018-02-05 20:04,2018-02-05 20:05,2018-02-05 20:12,2018-02-05 20:55,2,,2,OLD SAINT AUGUSTINE RD,,30.431731,-84.253099,160,,N,DACRON DR,,5,2,1,1,5,1,1,1,,10,1,1,1,1,,,1,,,1,,,,,306,OFFICER,,,,,TALLAHASSEE POLICE DEPARTMENT,2,2018-04-08 13:52,EC2,0,,,,,,,,,,,,,,,,,,,,,,,,,,,,,,,,,,,,,,,,,,,,,,,,,,,,,,,,,,,,
86965669,2018,2018-03-19 11:51,2018-03-19 00:00,18008840,L,1,3,0,13,50,LEON,TALLAHASSEE,2,2018-03-19 11:51,2018-03-19 11:51,2018-03-19 11:53,2018-03-19 12:30,2,,2,MONROE ST N,2424,30.471646,-84.292722,,,,,,9,1,1,1,1,2,2,1,,10,2,1,77,1,,,1,,,1,,,,,#783,OFFICER,,,,,TALLAHASSEE POLICE DEPARTMENT,2,2018-03-30 14:28,EC2,0,,,,,,,,,,,,,,,,,,,,,,,,,,,,,,,,,,,,,,,,,,,,,,,,,,,,,,,,,,,,
87835642,2018,2018-03-26 07:10,2018-03-26 00:00,18009596,L,1,3,0,13,50,LEON,TALLAHASSEE,2,2018-03-26 07:10,2018-03-26 07:11,2018-03-26 07:17,2018-03-26 08:35,2,,2,E GEORGIA ST,,30.448213,-84.274425,29,,E,MICCOSUKEE RD,,5,3,2,1,4,2,1,1,,10,1,1,2,1,,,1,,,1,,,,,638,OFFICER,,,,,TALLAHASSEE POLICE DEPARTMENT,2,2018-03-30 14:28,EC2,0,,,,,,,,,,,,,,,,,,,,,,,,,,,,,,,,,,,,,,,,,,,,,,,,,,,,,,,,,,,,
87836577,2018,2018-04-27 21:47,2018-04-27 00:00,18013454,L,1,3,0,13,50,LEON,TALLAHASSEE,2,2018-04-27 21:47,2018-04-27 21:47,2018-04-27 21:47,2018-04-27 22:14,2,,2,W TENNESSEE ST,,30.444718,-84.28843,,,,N MACOMB ST,,2,1,2,1,4,1,1,1,,10,1,2,3,1,,,1,,,1,,,,,336,OFFICER,,,,,TALLAHASSEE POLICE DEPARTMENT,2,2018-04-29 14:03,EC2,0,,,,,,,,,,,,,,,,,,,,,,,,,,,,,,,,,,,,,,,,,,,,,,,,,,,,,,,,,,,,
87836427,2018,2018-04-23 10:40,2018-04-23 00:00,18012915,L,1,2,0,13,50,LEON,TALLAHASSEE,2,2018-04-23 10:40,2018-04-23 10:45,2018-04-23 11:02,2018-04-23 11:23,2,,2,PENSACOLA ST,2020,,,,,,,,9,3,1,1,1,2,1,1,,10,8,1,77,1,,,1,,,1,,,,,#783,OFFICER,,,,,TALLAHASSEE POLICE DEPARTMENT,2,2018-04-26 14:30,EC2,1,,,,,,,,,,,,,,,,,,,,,,,,,,,,,,,,,,,,,,,,,,,,,,,,,,,,,,,,,,,,
87836090,2018,2018-04-10 17:32,2018-04-17 00:00,18011425,U,1,2,0,13,50,LEON,TALLAHASSEE,2,2018-04-10 17:33,2018-04-10 17:36,2018-04-10 17:41,2018-04-10 18:28,2,,2,N M L KING JR BLVD,,30.444789,-84.285721,,,,W TENNESSEE ST,,2,3,2,1,1,1,1,1,,10,1,1,2,1,,,1,,,1,,,,,787,OFFICER,,,,,TALLAHASSEE POLICE DEPARTMENT,2,2018-04-26 14:30,EC2,0,,,,,,,,,,,,,,,,,,,,,,,,,,,,,,,,,,,,,,,,,,,,,,,,,,,,,,,,,,,,
87836781,2018,2018-05-04 19:07,2018-05-04 00:00,18014334,L,1,2,0,13,50,LEON,TALLAHASSEE,2,2018-05-04 19:07,2018-05-04 19:08,2018-05-04 19:10,2018-05-04 19:44,2,,2,TENNESSEE ST W,2675,,,,,,,,9,1,1,1,1,1,1,1,,10,8,1,1,1,,,1,,,1,,,,,308,OFC,,,,,TALLAHASSEE POLICE DEPARTMENT,2,2018-05-08 14:41,EC2,0,,,,,,,,,,,,,,,,,,,,,,,,,,,,,,,,,,,,,,,,,,,,,,,,,,,,,,,,,,,,
87835818,2018,2018-03-31 20:35,2018-05-13 00:00,18010293,U,1,2,0,13,50,LEON,TALLAHASSEE,2,2018-03-31 20:40,2018-03-31 20:40,2018-03-31 20:44,2018-03-31 21:37,1,HIT & RUN OPEN INACTIVE,2,CAPITAL CIR NE,3398,,,,,W,RAYMOND DIEHL RD,,5,1,3,1,4,1,1,1,,10,1,2,3,1,,,1,,,1,,,,,306,OFFICER,,,,,TALLAHASSEE POLICE DEPARTMENT,2,2018-05-16 14:35,EC2,0,,,,,,,,,,,,,,,,,,,,,,,,,,,,,,,,,,,,,,,,,,,,,,,,,,,,,,,,,,,,
87836949,2018,2018-05-12 02:14,2018-05-12 00:00,18015157,L,1,2,0,13,50,LEON,TALLAHASSEE,2,2018-05-12 02:14,2018-05-12 02:16,2018-05-12 02:17,2018-05-12 03:00,2,,2,RAILROAD AVE,,30.435613,-84.289676,,,,W GAINES ST,,5,3,2,1,4,1,1,1,,10,1,1,3,1,,,1,,,1,,,,,330,OFFICER,,,,,TALLAHASSEE POLICE DEPARTMENT,2,2018-05-13 13:54,EC2,0,,,,,,,,,,,,,,,,,,,,,,,,,,,,,,,,,,,,,,,,,,,,,,,,,,,,,,,,,,,,
87836929,2018,2018-05-10 19:26,2018-05-10 00:00,18015011,L,1,2,0,13,50,LEON,TALLAHASSEE,2,2018-05-10 19:26,2018-05-10 19:29,2018-05-10 19:35,2018-05-10 20:04,2,,2,HOLTON ST,2500,,,,,,,,9,3,1,1,1,1,1,1,,10,8,1,1,1,,,1,,,1,,,,,#508,OFFICER,,,,,TALLAHASSEE POLICE DEPARTMENT,2,2018-05-19 14:25,EC2,1,,,,,,,,,,,,,,,,,,,,,,,,,,,,,,,,,,,,,,,,,,,,,,,,,,,,,,,,,,,,
87837401,2018,2018-05-29 10:38,2018-05-29 00:00,18016989,L,1,3,0,13,50,LEON,TALLAHASSEE,2,2018-05-29 10:38,2018-05-29 10:41,2018-05-29 10:58,2018-05-29 13:46,2,,2,PEDRICK RD,1600,,,500,,S,WHISTLER DR,,5,2,1,2,1,2,1,1,,10,1,1,18,1,,,1,,,1,,,,,507,OFFICER,,,,,TALLAHASSEE POLICE DEPARTMENT,2,2018-06-07 14:18,EC2,0,,,,,,,,,,,,,,,,,,,,,,,,,,,,,,,,,,,,,,,,,,,,,,,,,,,,,,,,,,,,
87837332,2018,2018-05-28 22:20,2018-05-28 00:00,18016941,L,1,2,0,13,50,LEON,TALLAHASSEE,2,2018-05-28 22:28,2018-05-28 22:28,2018-05-28 22:37,2018-05-28 23:30,2,,2,BLAIR STONE RD,,,,90,,S,APALACHEE PKWY,,5,3,1,2,4,3,2,1,,10,1,1,1,10,,,1,,,1,,,,,697,OFFICER,,,,,TALLAHASSEE POLICE DEPARTMENT,2,2018-06-02 14:09,EC2,0,,,,,,,,,,,,,,,,,,,,,,,,,,,,,,,,,,,,,,,,,,,,,,,,,,,,,,,,,,,,
87837516,2018,2018-06-05 18:45,2018-06-05 00:00,18017777,L,1,2,0,13,50,LEON,TALLAHASSEE,2,2018-06-05 18:49,2018-06-05 18:50,2018-06-05 18:55,2018-06-05 19:30,2,,2,MONROE ST N,,30.463556,-84.282394,,,,W THARPE ST,,2,1,2,1,1,1,1,1,,10,1,1,2,1,,,1,,,1,,,,,798,OFC.,,,,,TALLAHASSEE POLICE DEPARTMENT,2,2018-06-07 14:18,EC2,0,,,,,,,,,,,,,,,,,,,,,,,,,,,,,,,,,,,,,,,,,,,,,,,,,,,,,,,,,,,,
87503770,2018,2018-06-09 21:00,2018-06-11 04:26,180083649,L,1,2,0,13,0,LEON,Unincorporated - Leon County,1,2018-06-09 21:13,2018-06-09 21:15,2018-06-09 21:32,2018-06-09 22:30,2,,2,CRAWFORDVILLE HWY,5382,,,0,,,,,9,1,1,2,4,3,8,1,4,10,8,1,1,88,,,88,,,1,,,,,12156,,,,,,LEON CO SO,3,2018-06-12 14:20,EC2,0,,,,,,,,,,,,,,,,,,,,,,,,,,,,,,,,,,,,,,,,,,,,,,,,,,,,,,,,,,,,
87837699,2018,2018-06-13 07:47,2018-06-13 00:00,18018554,L,1,2,0,13,50,LEON,TALLAHASSEE,2,2018-06-13 07:49,2018-06-13 07:49,2018-06-13 09:51,2018-06-13 08:30,2,,2,W CALL ST,,30.443627,-84.288459,,,,MACOMB ST N,,4,3,2,1,1,1,1,1,,10,1,1,2,1,,,4,,,1,,,,,321,OFFICER,,,,,TALLAHASSEE POLICE DEPARTMENT,2,2018-06-15 15:17,EC2,0,,,,,,,,,,,,,,,,,,,,,,,,,,,,,,,,,,,,,,,,,,,,,,,,,,,,,,,,,,,,
87837484,2018,2018-06-02 03:04,2018-06-03 00:00,18017426,L,1,2,0,13,50,LEON,TALLAHASSEE,2,2018-06-02 03:05,2018-06-02 03:06,2018-06-02 03:11,2018-06-02 03:40,2,,2,WOODWARD AVE,,,,,,,BREWER ST,,5,1,2,2,5,1,1,1,,10,1,1,3,1,,,1,,,1,,,,,651,OFFICER,,,,,TALLAHASSEE POLICE DEPARTMENT,2,2018-06-12 14:20,EC2,0,,,,,,,,,,,,,,,,,,,,,,,,,,,,,,,,,,,,,,,,,,,,,,,,,,,,,,,,,,,,
87837326,2018,2018-05-28 20:37,2018-06-11 00:00,18016931,U,1,2,0,13,50,LEON,TALLAHASSEE,2,2018-05-28 20:37,2018-05-28 20:38,2018-05-28 20:43,2018-05-28 21:00,2,,2,S BLAIRSTONE RD,,30.441316,-84.249862,,,,,,9,1,1,1,4,3,2,1,,10,8,1,1,1,,,1,,,1,,,,,670,OFC,,,,,TALLAHASSEE POLICE DEPARTMENT,2,2018-06-15 15:16,EC2,0,,,,,,,,,,,,,,,,,,,,,,,,,,,,,,,,,,,,,,,,,,,,,,,,,,,,,,,,,,,,
87836797,2018,2018-05-05 21:17,2018-06-06 00:00,18014444,U,1,2,0,13,50,LEON,TALLAHASSEE,2,2018-05-05 21:17,2018-05-05 21:19,2018-05-05 21:22,2018-05-05 00:00,2,,2,W ORANGE AVE,,30.412534,-84.294226,,,,PASCO ST,,5,3,2,2,1,1,1,1,,10,1,1,2,1,,,1,,,1,,,,,306,OFFICER,,,,,TALLAHASSEE POLICE DEPARTMENT,2,2018-06-15 15:16,EC2,0,,,,,,,,,,,,,,,,,,,,,,,,,,,,,,,,,,,,,,,,,,,,,,,,,,,,,,,,,,,,
87837546,2018,2018-06-07 10:00,2018-06-07 00:00,18017927,L,1,2,0,13,50,LEON,TALLAHASSEE,2,2018-06-07 10:01,2018-06-07 10:02,2018-06-07 10:05,2018-06-07 10:28,2,,2,TENNESSEE ST,,30.444788,-84.283181,5,,W,DUVAL ST,,2,3,2,1,1,1,1,1,,10,1,1,3,1,,,1,,,1,,,,,744,OFC,,,,,TALLAHASSEE POLICE DEPARTMENT,2,2018-06-08 14:14,EC2,1,,,,,,,,,,,,,,,,,,,,,,,,,,,,,,,,,,,,,,,,,,,,,,,,,,,,,,,,,,,,
87837539,2018,2018-06-06 19:45,2018-06-06 00:00,18017888,L,1,2,0,13,50,LEON,TALLAHASSEE,2,2018-06-06 19:45,2018-06-06 19:46,2018-06-06 19:49,2018-06-06 20:20,2,,2,W TENNESSEE ST,,30.444711,-84.285644,,,,N M L KING JR BLVD,,5,3,2,2,1,2,1,1,,10,1,1,3,1,,,1,,,1,,,,,677,OFC,,,,,TALLAHASSEE POLICE DEPARTMENT,2,2018-06-08 14:14,EC2,0,,,,,,,,,,,,,,,,,,,,,,,,,,,,,,,,,,,,,,,,,,,,,,,,,,,,,,,,,,,,
87837836,2018,2018-06-18 17:43,2018-06-18 00:00,18019168,L,1,2,0,13,50,LEON,TALLAHASSEE,2,2018-06-18 17:43,2018-06-18 17:45,2018-06-18 17:53,2018-06-18 18:03,2,,2,THOMASVILLE RD,,,,,,,7TH AVE E,,5,1,2,1,1,1,1,1,,10,2,1,2,1,,,1,,,1,,,,,604,OFFICER,,,,,TALLAHASSEE POLICE DEPARTMENT,2,2018-06-20 15:37,EC2,0,,,,,,,,,,,,,,,,,,,,,,,,,,,,,,,,,,,,,,,,,,,,,,,,,,,,,,,,,,,,
87837725,2018,2018-06-14 13:00,2018-06-14 00:00,18018690,L,1,2,0,13,50,LEON,TALLAHASSEE,2,2018-06-14 13:04,2018-06-14 13:07,2018-06-14 13:14,2018-06-14 14:00,2,,2,VILLAGE SQUARE BLVD,1400,30.512199,-84.248824,,,,,,9,3,1,1,1,2,1,1,,10,8,1,18,1,,,1,,,1,,,,,579,OFC,,,,,TALLAHASSEE POLICE DEPARTMENT,2,2018-06-17 13:44,EC2,0,,,,,,,,,,,,,,,,,,,,,,,,,,,,,,,,,,,,,,,,,,,,,,,,,,,,,,,,,,,,
87837774,2018,2018-06-15 16:04,2018-06-16 00:00,18018823,L,1,2,0,13,50,LEON,TALLAHASSEE,2,2018-06-15 16:04,2018-06-15 16:10,2018-06-15 16:15,2018-06-15 16:52,2,,2,JOHN KNOX RD,,,,40,,W,DELTA WAY,,5,1,3,1,1,1,1,1,,10,1,1,2,1,,,1,,,1,,,,,619,OFFICER,,,,,TALLAHASSEE POLICE DEPARTMENT,2,2018-06-17 13:44,EC2,0,,,,,,,,,,,,,,,,,,,,,,,,,,,,,,,,,,,,,,,,,,,,,,,,,,,,,,,,,,,,
87837810,2018,2018-06-17 23:30,2018-06-18 00:00,18019081,L,1,3,0,13,50,LEON,TALLAHASSEE,2,2018-06-17 23:35,2018-06-17 23:35,2018-06-17 23:38,2018-06-17 02:00,2,,2,W TENNESSEE ST,,30.449115,-84.308101,129,,W,CAMPUS CIR,,2,3,1,2,4,1,1,1,,10,1,1,1,1,,,1,,,1,,,,,302,OFC,,,,,TALLAHASSEE POLICE DEPARTMENT,2,2018-07-11 14:19,EC2,0,,,,,,,,,,,,,,,,,,,,,,,,,,,,,,,,,,,,,,,,,,,,,,,,,,,,,,,,,,,,
87838153,2018,2018-07-01 13:06,2018-07-01 00:00,18020549,L,1,2,0,13,50,LEON,TALLAHASSEE,2,2018-07-01 13:06,2018-07-01 13:08,2018-07-01 13:09,2018-07-01 14:30,2,,2,OLD SAINT AUGUSTINE RD,,30.425221,-84.243936,104,,W,N PAUL RUSSELL RD,,5,3,1,1,1,2,2,1,,10,1,1,1,10,,,1,,,1,,,,,536,OFC,,,,,TALLAHASSEE POLICE DEPARTMENT,2,2018-07-02 13:49,EC2,0,,,,,,,,,,,,,,,,,,,,,,,,,,,,,,,,,,,,,,,,,,,,,,,,,,,,,,,,,,,,
87197103,2018,2018-05-30 13:04,2018-05-30 14:52,FHPH18OFF010366,L,1,1,0,13,0,LEON,UNINCORPORATED,1,2018-05-30 13:05,2018-05-30 13:07,2018-05-30 13:47,2018-05-30 13:55,2,,2,ELGIN ROAD,,30.30685,-84.25824,,,,9693 ELGIN ROAD,,5,2,1,1,1,2,1,1,77,10,1,2,4,1,,,1,,,1,,,,,4256,TROOPER,,,,,FLORIDA HIGHWAY PATROL,1,2018-07-14 15:21,EC2,0,,,,,,,,,,,,,,,,,,,,,,,,,,,,,,,,,,,,,,,,,,,,,,,,,,,,,,,,,,,,
87837986,2018,2018-06-24 09:30,2018-06-24 00:00,18019794,L,1,2,0,13,50,LEON,TALLAHASSEE,2,2018-06-24 09:30,2018-06-24 09:31,2018-06-24 09:32,2018-06-24 09:48,2,,2,FAIRVIEW DR,,30.405358,-84.275695,,,,PAUL RUSSELL RD,,5,2,3,1,1,1,1,1,,10,1,1,2,1,,,1,,,1,,,,,648,OFFICER,,,,,TALLAHASSEE POLICE DEPARTMENT,2,2018-06-26 14:11,EC2,0,,,,,,,,,,,,,,,,,,,,,,,,,,,,,,,,,,,,,,,,,,,,,,,,,,,,,,,,,,,,
87837982,2018,2018-06-23 19:52,2018-06-23 00:00,18019752,L,1,2,0,13,50,LEON,TALLAHASSEE,2,2018-06-23 19:52,2018-06-23 19:53,2018-06-23 19:58,2018-06-23 22:00,2,,2,CAPITAL CIR NE,,,,1000,,S,FCI VILLAGE RD,,5,3,3,2,1,1,1,1,,10,1,1,18,1,,,1,,,1,,,,,542,OFFICER,,,,,TALLAHASSEE POLICE DEPARTMENT,2,2018-06-29 14:42,EC2,0,,,,,,,,,,,,,,,,,,,,,,,,,,,,,,,,,,,,,,,,,,,,,,,,,,,,,,,,,,,,
87838210,2018,2018-07-04 18:30,2018-07-04 00:00,18020882,L,1,2,0,13,50,LEON,TALLAHASSEE,2,2018-07-04 18:39,2018-07-04 18:39,2018-07-04 18:45,2018-07-04 19:00,2,,2,NW CAPITAL CIR,1409,30.461215,-84.359553,,,,,,9,3,1,1,1,1,1,1,,10,1,1,1,1,,,1,,,1,,,,,659,OFF,,,,,TALLAHASSEE POLICE DEPARTMENT,2,2018-07-06 14:24,EC2,0,,,,,,,,,,,,,,,,,,,,,,,,,,,,,,,,,,,,,,,,,,,,,,,,,,,,,,,,,,,,
87838031,2018,2018-06-26 10:26,2018-06-26 00:00,18020007,L,1,2,0,13,50,LEON,TALLAHASSEE,2,2018-06-26 10:27,2018-06-26 10:28,2018-06-26 10:30,2018-06-26 11:15,2,,2,APPLEYARD DR,,30.444841,-84.337854,112,,S,EAGLE PINES CONDOMINIUMS,,5,3,1,1,1,1,1,1,,10,1,1,1,1,,,1,,,1,,,,,667,OFFICER,,,,,TALLAHASSEE POLICE DEPARTMENT,2,2018-06-27 14:24,EC2,0,,,,,,,,,,,,,,,,,,,,,,,,,,,,,,,,,,,,,,,,,,,,,,,,,,,,,,,,,,,,
87838187,2018,2018-07-03 12:02,2018-07-03 00:00,18020734,L,1,2,0,13,50,LEON,TALLAHASSEE,2,2018-07-03 12:02,2018-07-03 12:03,2018-07-03 12:08,2018-07-03 13:30,2,,2,SUNRIDGE RD,,30.396708,-84.296322,475,,E,SUNKISSED RD,,5,2,1,1,1,1,1,1,,10,1,1,1,1,,,1,,,1,,,,,750,OFC,,,,,TALLAHASSEE POLICE DEPARTMENT,2,2018-07-04 14:28,EC2,0,,,,,,,,,,,,,,,,,,,,,,,,,,,,,,,,,,,,,,,,,,,,,,,,,,,,,,,,,,,,
87838527,2018,2018-07-18 21:31,2018-07-18 00:00,18022335,L,1,4,0,13,50,LEON,TALLAHASSEE,2,2018-07-18 21:33,2018-07-18 21:34,2018-07-18 21:35,2018-07-18 22:50,2,,2,W PENSACOLA ST,,30.441215,-84.329647,593,,W,MABRY ST,,5,3,1,2,5,1,1,1,,10,1,1,1,77,,,1,,,1,,,,,552,OFFICER,,,,,TALLAHASSEE POLICE DEPARTMENT,2,2018-07-20 14:24,EC2,0,,,,,,,,,,,,,,,,,,,,,,,,,,,,,,,,,,,,,,,,,,,,,,,,,,,,,,,,,,,,
87838537,2018,2018-07-19 21:01,2018-07-19 00:00,18022437,L,1,3,0,13,50,LEON,TALLAHASSEE,2,2018-07-19 21:01,2018-07-19 21:02,2018-07-19 21:07,2018-07-19 21:38,2,,2,CAPITAL CIR NW,,,,25,,N,TENNESSEE ST W,,5,3,2,1,4,3,2,1,,10,1,1,3,10,,,2,,,1,,,,,357,OFFICER,,,,,TALLAHASSEE POLICE DEPARTMENT,2,2018-07-21 14:12,EC2,0,,,,,,,,,,,,,,,,,,,,,,,,,,,,,,,,,,,,,,,,,,,,,,,,,,,,,,,,,,,,