report_number,crash_year,crash_date_time,report_date_time,investigating_agency_rep_num,form_type,total_number_of_vehicles,total_number_of_persons,total_number_of_narratives,county_code,city_code,county_name,city_name,rural_or_urban,notified_time,dispatched_time,arrived_time,cleared_time,completed_flag,reason_not_completed,notified_by,on_street_road_highway,street_address_number,latitude,longitude,feet_from_intersection,miles_from_intersection,direction_from_intersection,from_intersection_of,from_milepost_number,road_system_identifier,type_of_shoulder,type_of_intersection,photos_taken_flag,light_condition,weather_condition,road_surface_condition,school_bus_related_code,type_of_impact,first_harmful_event,harmful_event_location,interchange_flag,junction_flag,road_circumstances_1,road_circumstances_2,road_circumstances_3,environment_circumstances_1,environment_circumstances_2,environment_circumstances_3,work_zone_related_flag,location_within_zone,type_of_work_zone,workers_present,law_enforcement_present,investigator_id,investigator_rank,investigator_first_name,investigator_middle_name,investigator_last_name,investigator_suffix,investigating_agency_name,investigating_agency_type,load_dt90838674,,,,,,,,,,,,,,,,,,,,,,,,,,,,,,5,2,1,1,88,1,1,1,1,32,2,88,1,1,,,1,,,1,,,,,217,DEPUTY,,,EPLHASE,,LEON COUNTY,2,2011-03-08 15:54
87838731,2018,2018-07-27 23:08,2018-07-27 00:00,18023325,L,1,2,0,13,50,LEON,TALLAHASSEE,2,2018-07-27 23:08,2018-07-27 23:09,2018-07-27 23:11,2018-07-27 23:30,2,,2,W TENNESSEE ST,4220,30.460318,-84.357132,,,,,,9,1,1,2,4,1,1,1,,10,8,1,1,1,,,1,,,1,,,,,602,OFFICER,,,,,TALLAHASSEE POLICE DEPARTMENT,2,2018-07-29 14:04,EC2,0,,,,,,,,,,,,,,,,,,,,,,,,,,,,,,,,,,,,,,,,,,,,,,,,,,,,,,,,,,,,
86964581,2018,2018-02-06 10:42,2018-07-26 00:00,18004074,U,1,2,0,13,50,LEON,TALLAHASSEE,2,2018-02-06 10:45,2018-02-06 10:47,2018-02-06 10:57,2018-02-06 12:00,2,,2,CAPITAL CIRCLE NE,2111,30.480069,-84.234972,,,,,,9,3,1,2,1,1,1,1,,10,2,1,1,1,,,1,,,1,,,,,334,OFC,,,,,TALLAHASSEE POLICE DEPARTMENT,2,2018-07-29 14:04,EC2,0,,,,,,,,,,,,,,,,,,,,,,,,,,,,,,,,,,,,,,,,,,,,,,,,,,,,,,,,,,,,
87511861,2018,2018-07-30 08:56,2018-07-30 11:37,TCPD18OFF000193,L,1,1,0,13,50,LEON,TALLAHASSEE,2,2018-07-30 09:37,2018-07-30 09:37,2018-07-30 09:38,2018-07-30 11:11,2,,2,TCC Parking Lot A,,30.44542,-84.33878,,,,,,9,1,1,1,1,1,1,1,77,10,8,1,1,1,,,1,,,1,,,,,17108,OFFICER,,,,,TALLAHASSEE COMMUNITY COLLEGE POLICE DEPARTMENT,2,2018-07-31 14:09,EC2,0,,,,,,,,,,,,,,,,,,,,,,,,,,,,,,,,,,,,,,,,,,,,,,,,,,,,,,,,,,,,
87503991,2018,2018-08-03 18:45,2018-08-04 00:12,180110201,L,1,2,0,13,50,LEON,Tallahassee,2,2018-08-03 18:49,2018-08-03 18:51,2018-08-03 18:53,2018-08-03 19:10,2,,2,ORANGE AVE E,,,,0,,,BLAIR STONE RD S,,3,3,2,1,1,1,1,1,4,10,1,1,3,1,,,1,,,1,,,,,11901,,,,,,LEON CO SO,3,2018-08-05 13:52,EC2,0,,,,,,,,,,,,,,,,,,,,,,,,,,,,,,,,,,,,,,,,,,,,,,,,,,,,,,,,,,,,
87838757,2018,2018-07-29 18:46,2018-07-29 00:00,18023498,L,1,2,0,13,50,LEON,TALLAHASSEE,2,2018-07-29 18:46,2018-07-29 18:53,2018-07-29 19:02,2018-07-29 19:13,1,HIT AND RUN IN ACTIVE,2,APPLEYARD DR,770,30.450396,-84.338055,27,,S,EAGLES POINT TOWNHOMES,,8,3,1,1,1,2,2,1,,10,1,1,1,1,,,1,,,1,,,,,335,OFFICER,,,,,TALLAHASSEE POLICE DEPARTMENT,2,2018-07-31 14:09,EC2,0,,,,,,,,,,,,,,,,,,,,,,,,,,,,,,,,,,,,,,,,,,,,,,,,,,,,,,,,,,,,
87838016,2018,2018-06-25 15:22,2018-07-12 00:00,18019917,U,1,2,0,13,50,LEON,TALLAHASSEE,2,2018-06-25 15:24,2018-06-25 15:25,2018-06-25 15:50,2018-06-25 16:15,2,,2,OCALA RD,800,30.445522,-84.318311,,,,,,9,3,1,1,1,1,1,1,,10,8,1,1,1,,,1,,,1,,,,,661,INVESTIGATOR,,,,,TALLAHASSEE POLICE DEPARTMENT,2,2018-07-18 14:18,EC2,0,,,,,,,,,,,,,,,,,,,,,,,,,,,,,,,,,,,,,,,,,,,,,,,,,,,,,,,,,,,,
87837837,2018,2018-06-18 15:44,2018-07-13 00:00,18019170,U,1,2,0,13,50,LEON,TALLAHASSEE,2,2018-06-18 17:54,2018-06-18 17:56,2018-06-18 18:02,2018-06-18 18:35,2,,2,APALACHEE PKWY,1355,,,,,,,,9,2,1,1,1,1,1,1,,10,8,1,1,1,,,1,,,1,,,,,579,OFC,,,,,TALLAHASSEE POLICE DEPARTMENT,2,2018-07-18 14:18,EC2,0,,,,,,,,,,,,,,,,,,,,,,,,,,,,,,,,,,,,,,,,,,,,,,,,,,,,,,,,,,,,
87838853,2018,2018-08-02 01:14,2018-08-02 00:00,18023858,L,1,3,0,13,50,LEON,TALLAHASSEE,2,2018-08-02 01:14,2018-08-02 01:16,2018-08-02 01:20,2018-08-02 01:46,2,,2,7TH AVE W,,30.457764,-84.291836,4,,E,GIBBS DR,,5,2,2,1,5,3,2,1,,10,1,2,2,1,,,1,,,1,,,,,763,OFFICER,,,,,TALLAHASSEE POLICE DEPARTMENT,2,2018-08-11 14:17,EC2,0,,,,,,,,,,,,,,,,,,,,,,,,,,,,,,,,,,,,,,,,,,,,,,,,,,,,,,,,,,,,
87839286,2018,2018-08-21 08:10,2018-08-21 00:00,18026003,L,1,2,0,13,50,LEON,TALLAHASSEE,2,2018-08-21 08:12,2018-08-21 08:14,2018-08-21 08:17,2018-08-21 08:45,2,,2,MIDYETTE RD,2074,,,,,,,,9,3,1,1,1,1,1,1,,10,1,1,1,1,,,1,,,1,,,,,721,OFC.,,,,,TALLAHASSEE POLICE DEPARTMENT,2,2018-08-22 14:24,EC2,0,,,,,,,,,,,,,,,,,,,,,,,,,,,,,,,,,,,,,,,,,,,,,,,,,,,,,,,,,,,,
87839223,2018,2018-08-18 23:14,2018-08-22 00:00,18025632,U,1,2,0,13,50,LEON,TALLAHASSEE,2,2018-08-18 23:15,2018-08-18 23:16,2018-08-18 23:17,2018-08-18 02:54,1,TRAFFIC HOMICIDE INVESTIGATION,2,PARK AVE E,,30.441847,-84.234986,314,,W,MEETING ST,,5,3,1,2,4,1,1,1,,10,1,1,1,1,,,1,,,1,,,,,566,INVESTIGATOR,,,,,TALLAHASSEE POLICE DEPARTMENT,2,2018-08-24 14:32,EC2,0,,,,,,,,,,,,,,,,,,,,,,,,,,,,,,,,,,,,,,,,,,,,,,,,,,,,,,,,,,,,
87839336,2018,2018-08-22 04:00,2018-08-22 00:00,18026203,L,1,2,0,13,50,LEON,TALLAHASSEE,2,2018-08-22 18:12,2018-08-22 18:19,2018-08-22 18:33,2018-08-22 07:14,2,,2,SPRINGHILL RD,,30.412515,-84.30342,,,,W ORANGE AVE,,5,3,2,1,1,1,1,1,,10,1,1,77,1,,,1,,,1,,,,,501,PATROL,,,,,TALLAHASSEE POLICE DEPARTMENT,2,2018-08-24 14:32,EC2,0,,,,,,,,,,,,,,,,,,,,,,,,,,,,,,,,,,,,,,,,,,,,,,,,,,,,,,,,,,,,
87839438,2018,2018-08-26 13:00,2018-08-26 00:00,18026656,L,1,4,0,13,50,LEON,TALLAHASSEE,2,2018-08-26 13:00,2018-08-26 13:00,2018-08-26 13:08,2018-08-26 13:41,2,,2,W SAINT AUGUSTINE ST,,30.437614,-84.298033,18,,E,S WOODWARD AVE,,5,3,2,1,1,1,1,1,,10,1,1,2,1,,,1,,,1,,,,,683,OFFICER,,,,,TALLAHASSEE POLICE DEPARTMENT,2,2018-08-31 14:31,EC2,0,,,,,,,,,,,,,,,,,,,,,,,,,,,,,,,,,,,,,,,,,,,,,,,,,,,,,,,,,,,,
87503946,2018,2018-07-25 12:57,2018-08-14 13:05,180104870,L,1,2,0,13,0,LEON,Unincorporated - Leon County,2,2018-07-25 12:58,2018-07-25 12:58,2018-07-25 12:58,2018-07-25 14:00,2,,2,PENSACOLA ST W,,,,200,,E,CACTUS ST,,5,1,1,2,1,1,1,1,77,10,1,1,1,1,,,1,,,1,,,,,11758,,,,,,LEON CO SO,3,2018-08-16 14:10,EC2,0,,,,,,,,,,,,,,,,,,,,,,,,,,,,,,,,,,,,,,,,,,,,,,,,,,,,,,,,,,,,
87839638,2018,2018-08-31 18:07,2018-08-31 00:00,18027375,L,1,2,0,13,50,LEON,TALLAHASSEE,2,2018-08-31 18:07,2018-08-31 18:10,2018-08-31 18:19,2018-08-31 18:40,2,,2,MONROE ST N,,,,100,,N,LAKE ELLA DR,,2,3,1,1,1,2,1,1,,10,1,1,1,1,,,1,,,1,,,,,534,OFFICER,,,,,TALLAHASSEE POLICE DEPARTMENT,2,2018-09-02 13:52,EC2,0,,,,,,,,,,,,,,,,,,,,,,,,,,,,,,,,,,,,,,,,,,,,,,,,,,,,,,,,,,,,
87839483,2018,2018-08-28 07:35,2018-08-28 00:00,18026852,L,1,2,0,13,50,LEON,TALLAHASSEE,2,2018-08-28 07:35,2018-08-28 07:36,2018-08-28 07:38,2018-08-28 08:06,2,,2,PAUL RUSSELL RD,700,,,75,,W,ZILLAH ST,,3,3,1,1,1,1,1,1,,10,1,1,1,1,,,1,,,1,,,,,682,OFFICER,,,,,TALLAHASSEE POLICE DEPARTMENT,2,2018-08-29 14:37,EC2,0,,,,,,,,,,,,,,,,,,,,,,,,,,,,,,,,,,,,,,,,,,,,,,,,,,,,,,,,,,,,
87839407,2018,2018-08-24 21:22,2018-08-24 00:00,18026509,L,1,3,0,13,50,LEON,TALLAHASSEE,2,2018-08-24 21:22,2018-08-24 21:22,2018-08-24 21:26,2018-08-24 22:15,2,,2,MC CASKILL,,30.425533,-84.307099,,,W,HIGHLAND ST,,5,1,77,1,4,3,2,1,,10,1,1,18,10,,,2,,,1,,,,,532,OFC.,,,,,TALLAHASSEE POLICE DEPARTMENT,2,2018-08-26 14:07,EC2,0,,,,,,,,,,,,,,,,,,,,,,,,,,,,,,,,,,,,,,,,,,,,,,,,,,,,,,,,,,,,
87504240,2018,2018-09-10 16:30,2018-09-10 22:36,180130921,L,1,2,0,13,0,LEON,Unincorporated - Leon County,1,2018-09-10 16:30,2018-09-10 17:30,2018-09-10 17:31,2018-09-10 18:08,2,,2,MONROE ST N,1942,,,0,,,,,5,1,1,1,88,1,88,1,77,10,1,1,1,88,,,88,,,1,,,,,12121,,,,,,LEON CO SO,3,2018-09-12 14:29,EC2,0,,,,,,,,,,,,,,,,,,,,,,,,,,,,,,,,,,,,,,,,,,,,,,,,,,,,,,,,,,,,
87840066,2018,2018-09-15 20:19,2018-09-15 00:00,18029210,L,1,3,0,13,50,LEON,TALLAHASSEE,2,2018-09-15 20:19,2018-09-15 20:20,2018-09-15 20:22,2018-09-15 21:00,2,,2,WADSWORTH ST,,,,100,,N,TENNESSEE ST W,,5,2,1,1,4,1,1,1,,10,1,1,1,1,,,1,,,1,,,,,377,OFC,,,,,TALLAHASSEE POLICE DEPARTMENT,2,2018-09-17 18:04,EC2,0,,,,,,,,,,,,,,,,,,,,,,,,,,,,,,,,,,,,,,,,,,,,,,,,,,,,,,,,,,,,
87839981,2018,2018-09-13 07:00,2018-09-13 00:00,18028874,L,1,2,0,13,50,LEON,TALLAHASSEE,2,2018-09-13 07:53,2018-09-13 07:54,2018-09-13 08:10,2018-09-13 09:10,2,,2,WEEMS RD,3600,,,,,,,,8,3,1,1,3,1,1,1,,10,1,1,1,1,,,1,,,1,,,,,652,OFFICER,,,,,TALLAHASSEE POLICE DEPARTMENT,2,2018-09-17 18:01,EC2,0,,,,,,,,,,,,,,,,,,,,,,,,,,,,,,,,,,,,,,,,,,,,,,,,,,,,,,,,,,,,
87504241,2018,2018-09-10 20:50,2018-09-11 03:57,18030999,L,1,2,0,13,0,LEON,Unincorporated - Leon County,2,2018-09-10 20:57,2018-09-10 20:57,2018-09-10 20:57,2018-09-10 21:25,1,HIT AND RUN,2,TENNESSEE ST W,,,,0,,,AENON CHRUCH RD,,5,2,2,2,4,1,1,1,77,10,2,1,1,1,,,1,,,1,,,,,11718,,,,,,LEON CO SO,3,2018-09-17 18:00,EC2,0,,,,,,,,,,,,,,,,,,,,,,,,,,,,,,,,,,,,,,,,,,,,,,,,,,,,,,,,,,,,
87839428,2018,2018-08-26 00:42,2018-09-10 00:00,18026621,U,1,2,0,13,50,LEON,TALLAHASSEE,2,2018-08-26 00:43,2018-08-26 00:44,2018-08-26 00:50,2018-08-26 03:15,2,,2,W GAINES ST,,30.435399,-84.295605,,,,STONE VALLEY WAY,,5,3,2,2,4,1,1,1,,10,1,1,3,1,,,1,,,1,,,,,661,INVESTIGATOR,,,,,TALLAHASSEE POLICE DEPARTMENT,2,2018-09-17 18:00,EC2,0,,,,,,,,,,,,,,,,,,,,,,,,,,,,,,,,,,,,,,,,,,,,,,,,,,,,,,,,,,,,
87839704,2018,2018-09-03 15:57,2018-09-03 00:00,18027701,L,1,7,0,13,50,LEON,TALLAHASSEE,2,2018-09-03 15:57,2018-09-03 15:58,2018-09-03 14:01,2018-09-03 14:30,2,,2,AUSLEY RD,,30.440707,-84.319558,,,,W PENSACOLA ST,,5,3,2,1,1,3,2,1,,10,1,1,2,1,,,1,,,1,,,,,779,OFFICER,,,,,TALLAHASSEE POLICE DEPARTMENT,2,2018-09-04 14:10,EC2,0,,,,,,,,,,,,,,,,,,,,,,,,,,,,,,,,,,,,,,,,,,,,,,,,,,,,,,,,,,,,
87840552,2018,2018-10-01 19:39,2018-10-03 00:00,18031202,U,1,1,0,13,50,LEON,TALLAHASSEE,2,2018-10-01 19:44,2018-10-01 19:45,2018-10-01 19:48,2018-10-01 20:15,2,,2,4TH AVE W,450,,,,,,,,9,1,1,1,4,1,1,1,,10,8,1,1,1,,,1,,,1,,,,,579,OFC,,,,,TALLAHASSEE POLICE DEPARTMENT,2,2018-10-06 14:14,EC2,0,,,,,,,,,,,,,,,,,,,,,,,,,,,,,,,,,,,,,,,,,,,,,,,,,,,,,,,,,,,,
88592666,2018,2018-08-31 10:30,2018-08-31 00:00,1808-0251,L,1,1,0,13,40,LEON,FLORIDA STATE UNIV.,2,2018-08-31 10:33,2018-08-31 10:33,2018-08-31 10:34,2018-08-31 11:15,2,,2,PENSACLOA ST,,,,10,,E,CHIEFTAN WAY,,5,3,3,1,1,1,1,1,,10,1,1,2,1,,,1,,,1,,,,,406,OFFICER,,,,,FSU POLICE DEPARTMENT,2,2018-09-08 14:38,EC2,1,,,,,,,,,,,,,,,,,,,,,,,,,,,,,,,,,,,,,,,,,,,,,,,,,,,,,,,,,,,,
87504198,2018,2018-09-05 15:26,2018-09-06 12:48,180127905,L,1,2,0,13,50,LEON,Tallahassee,2,2018-09-05 15:39,2018-09-05 15:40,2018-09-05 15:55,2018-09-05 16:54,2,,2,MICCOSUKEE COMMONS DR,,,,0,,,MICCOSUKEE RD,,5,3,2,2,1,1,1,1,77,10,1,1,1,1,,,1,,,1,,,,,11909,,,,,,LEON CO SO,3,2018-09-08 14:38,EC2,0,,,,,,,,,,,,,,,,,,,,,,,,,,,,,,,,,,,,,,,,,,,,,,,,,,,,,,,,,,,,
87840303,2018,2018-08-23 15:42,2018-08-23 00:00,18026306,S,1,3,0,13,50,LEON,TALLAHASSEE,2,2018-08-23 15:45,2018-08-23 15:47,2018-08-23 16:00,2018-08-23 16:15,2,,2,APALACHEE PKWY,1221,,,,,,,,8,1,3,1,1,1,1,1,,10,1,1,77,77,1,,1,,,1,,,,,563,OFC.,,,,,TALLAHASSEE POLICE DEPARTMENT,2,2018-09-25 14:49,EC2,1,,,,,,,,,,,,,,,,,,,,,,,,,,,,,,,,,,,,,,,,,,,,,,,,,,,,,,,,,,,,
87840393,2018,2018-09-26 09:54,2018-09-26 00:00,18030555,L,1,2,0,13,50,LEON,TALLAHASSEE,2,2018-09-26 09:54,2018-09-26 09:54,2018-09-26 09:58,2018-09-26 10:30,2,,2,CENTERVILLE RD,2140,30.477347,-84.240346,,,,,,9,3,1,1,1,1,1,1,,10,2,1,1,1,,,1,,,1,,,,,301,OFFICER,,,,,TALLAHASSEE POLICE DEPARTMENT,2,2018-09-27 14:39,EC2,1,,,,,,,,,,,,,,,,,,,,,,,,,,,,,,,,,,,,,,,,,,,,,,,,,,,,,,,,,,,,
87842222,2018,2018-11-21 10:43,2018-11-21 00:00,18037126,L,1,2,0,13,50,LEON,TALLAHASSEE,2,2018-11-21 10:50,2018-11-21 10:53,2018-11-21 11:00,2018-11-21 11:35,2,,2,BASIN ST,,,,,,,TENNESSEE ST W,,5,1,2,1,1,1,1,1,,10,1,1,2,1,,,1,,,1,,,,,713,OFFICER,,,,,TALLAHASSEE POLICE DEPARTMENT,2,2018-11-30 14:27,EC2,0,,,,,,,,,,,,,,,,,,,,,,,,,,,,,,,,,,,,,,,,,,,,,,,,,,,,,,,,,,,,
87840395,2018,2018-09-26 09:53,2018-09-26 00:00,18030556,L,1,2,0,13,50,LEON,TALLAHASSEE,2,2018-09-26 09:53,2018-09-26 09:55,2018-09-26 10:24,2018-09-26 10:35,2,,2,MONROE ST S,,,,5,,S,PAUL RUSSELL RD N,,2,3,2,1,1,1,1,1,,10,1,1,2,1,,,1,,,1,,,,,534,OFFICER,,,,,TALLAHASSEE POLICE DEPARTMENT,2,2018-09-28 14:36,EC2,0,,,,,,,,,,,,,,,,,,,,,,,,,,,,,,,,,,,,,,,,,,,,,,,,,,,,,,,,,,,,
87840646,2018,2018-10-04 14:54,2018-10-04 00:00,18031510,S,1,2,0,13,50,LEON,TALLAHASSEE,2,2018-10-04 14:54,2018-10-04 14:57,2018-10-04 14:57,2018-10-04 15:30,2,,2,ORANGE AVE W,,,,300,,E,ADAMS ST,,3,3,1,1,1,1,1,1,,10,1,1,1,1,,,1,,,1,,,,,504,OFFICER,,,,,TALLAHASSEE POLICE DEPARTMENT,2,2018-10-05 14:40,EC2,1,,,,,,,,,,,,,,,,,,,,,,,,,,,,,,,,,,,,,,,,,,,,,,,,,,,,,,,,,,,,
87840740,2018,2018-10-06 00:00,2018-10-06 00:00,18031733,L,1,2,0,13,50,LEON,TALLAHASSEE,2,2018-10-06 00:03,2018-10-06 00:03,2018-10-06 00:06,2018-10-06 00:35,2,,2,OLD BAINBRIDGE RD,,30.475333,-84.311198,261,,S,STONE RD,,5,2,1,1,5,1,1,1,,10,3,1,1,10,1,,1,,,1,,,,,646,OFFICER,,,,,TALLAHASSEE POLICE DEPARTMENT,2,2018-10-08 13:55,EC2,0,,,,,,,,,,,,,,,,,,,,,,,,,,,,,,,,,,,,,,,,,,,,,,,,,,,,,,,,,,,,
87840718,2018,2018-10-06 08:56,2018-10-06 00:00,18031787,L,1,3,0,13,50,LEON,TALLAHASSEE,2,2018-10-06 08:56,2018-10-06 08:56,2018-10-06 08:57,2018-10-06 10:54,2,,2,GREEN TREE LN,,30.454745,-84.312726,150,,W,BUENA VISTA DR,,5,2,1,2,1,1,1,1,,10,1,1,1,1,,,1,,,1,,,,,789,OFC,,,,,TALLAHASSEE POLICE DEPARTMENT,2,2018-10-07 14:04,EC2,0,,,,,,,,,,,,,,,,,,,,,,,,,,,,,,,,,,,,,,,,,,,,,,,,,,,,,,,,,,,,
85543395,2018,2018-02-04 14:17,2019-03-04 12:29,FHPH18OFF002298,U,1,2,0,13,0,LEON,UNINCORPORATED,1,2018-02-04 14:18,2018-02-04 14:21,2018-02-04 14:33,2018-02-04 18:59,2,,2,UNITED STATES HIGHWAY 27 (STATE ROAD 63),,30.50845,-84.33731,1000,,N,LAKE FOREST DRIVE,,2,1,1,2,1,2,1,1,77,10,2,1,1,1,,,1,,,1,,,,,2577,CORPORAL,,,,,FLORIDA HIGHWAY PATROL,1,2019-03-08 14:43,EC2,0,,,,,,,,,,,,,,,,,,,,,,,,,,,,,,,,,,,,,,,,,,,,,,,,,,,,,,,,,,,,
87840342,2018,2018-09-16 22:00,2018-09-24 00:00,18029519,L,1,2,0,13,50,LEON,TALLAHASSEE,2,2018-09-16 15:02,2018-09-16 15:02,2018-09-16 00:00,2018-09-16 00:00,1,PENDING LICENSE PLATE AND DRIVER INFORAMTION,2,SOLANA AVE,,,,,,,SAN LUIS RD,,5,1,3,1,4,1,88,1,,10,1,1,88,88,88,88,1,,,1,,,,,346,OFFICER,,,,,TALLAHASSEE POLICE DEPARTMENT,2,2018-09-29 14:19,EC2,0,,,,,,,,,,,,,,,,,,,,,,,,,,,,,,,,,,,,,,,,,,,,,,,,,,,,,,,,,,,,
87840972,2018,2018-10-16 12:43,2018-10-16 00:00,18032809,L,1,2,0,13,50,LEON,TALLAHASSEE,2,2018-10-16 12:43,2018-10-16 12:44,2018-10-16 12:51,2018-10-16 13:45,2,,2,WEEMS RD,,30.461902,-84.222315,,,,MAHAN DR,,5,3,3,1,1,1,1,1,,10,1,1,2,1,,,1,,,1,,,,,511,OFFICER,,,,,TALLAHASSEE POLICE DEPARTMENT,2,2018-10-18 17:22,EC2,0,,,,,,,,,,,,,,,,,,,,,,,,,,,,,,,,,,,,,,,,,,,,,,,,,,,,,,,,,,,,
87840845,2018,2018-10-11 11:13,2018-10-11 00:00,18032297,L,1,2,0,13,50,LEON,TALLAHASSEE,2,2018-10-11 11:13,2018-10-11 11:13,2018-10-11 11:13,2018-10-11 11:35,2,,2,TENN ST W,,,,5,,S,TENN ST W,,5,1,1,1,1,1,1,1,,10,2,1,1,1,,,1,,,1,,,,,713,OFFICER,,,,,TALLAHASSEE POLICE DEPARTMENT,2,2018-10-20 14:32,EC2,0,,,,,,,,,,,,,,,,,,,,,,,,,,,,,,,,,,,,,,,,,,,,,,,,,,,,,,,,,,,,
87841051,2018,2018-10-18 21:00,2018-10-18 00:00,18033114,L,1,2,0,13,50,LEON,TALLAHASSEE,2,2018-10-18 21:13,2018-10-18 21:23,2018-10-18 21:30,2018-10-18 22:15,2,,2,CAPITAL CIR SW,5032,30.373622,-84.291752,,,,,,9,3,1,1,4,1,1,1,,10,8,1,1,1,,,1,,,1,,,,,383,OFC,,,,,TALLAHASSEE POLICE DEPARTMENT,2,2018-10-20 14:32,EC2,0,,,,,,,,,,,,,,,,,,,,,,,,,,,,,,,,,,,,,,,,,,,,,,,,,,,,,,,,,,,,
88592729,2018,2018-10-19 12:20,2018-10-19 00:00,1810-0152,L,1,2,0,13,40,LEON,FLORIDA STATE UNIV.,2,2018-10-19 12:21,2018-10-19 12:21,2018-10-19 12:21,2018-10-19 12:47,2,,2,CHIEFTAN WAY,,,,265,,,WEST PENSACOLA STREET,,5,3,1,1,1,1,1,1,,10,1,1,1,1,,,1,,,1,,,,,422,OFFICER,,,,,FSU POLICE DEPARTMENT,2,2018-10-21 14:23,EC2,0,,,,,,,,,,,,,,,,,,,,,,,,,,,,,,,,,,,,,,,,,,,,,,,,,,,,,,,,,,,,
88592713,2018,2018-10-02 21:18,2018-10-02 00:00,1810-0027,L,1,1,0,13,50,LEON,TALLAHASSEE,2,2018-10-02 21:18,2018-10-02 21:18,2018-10-02 21:20,2018-10-02 21:50,2,,2,ST. AUGUSTINE STREET,,,,,,,RAILROAD AVE,,5,3,2,1,4,1,1,1,,10,1,1,3,1,,,1,,,1,,,,,455,OFFICER,,,,,FSU POLICE DEPARTMENT,2,2018-10-25 14:40,EC2,0,,,,,,,,,,,,,,,,,,,,,,,,,,,,,,,,,,,,,,,,,,,,,,,,,,,,,,,,,,,,
87841148,2018,2018-10-21 01:58,2018-10-21 00:00,18033388,L,1,3,0,13,50,LEON,TALLAHASSEE,2,2018-10-21 01:58,2018-10-21 01:58,2018-10-21 01:00,2018-10-21 02:40,2,,2,W TENNESSEE ST,,30.444675,-84.293665,99,,E,N DEWEY ST,,8,3,1,1,4,2,1,1,,10,1,1,3,1,,,1,,,1,,,,,763,OFFICER,,,,,TALLAHASSEE POLICE DEPARTMENT,2,2018-10-27 14:26,EC2,0,,,,,,,,,,,,,,,,,,,,,,,,,,,,,,,,,,,,,,,,,,,,,,,,,,,,,,,,,,,,
87839899,2018,2018-09-10 13:14,2018-10-23 00:00,18028526,U,1,2,0,13,50,LEON,TALLAHASSEE,2,2018-09-10 13:14,2018-09-10 13:14,2018-09-10 13:14,2018-09-10 14:30,2,,2,N MONROE ST,,30.472845,-84.292706,391,,E,ALLEN RD,,2,2,1,1,1,1,1,1,,10,10,1,4,1,,,1,,,1,,,,,306,OFFICER,,,,,TALLAHASSEE POLICE DEPARTMENT,2,2018-10-28 14:03,EC2,0,,,,,,,,,,,,,,,,,,,,,,,,,,,,,,,,,,,,,,,,,,,,,,,,,,,,,,,,,,,,
87841387,2018,2018-10-27 10:15,2018-10-27 00:00,18034180,L,1,3,0,13,50,LEON,TALLAHASSEE,2,2018-10-27 10:17,2018-10-27 10:17,2018-10-27 10:19,2018-10-27 10:45,2,,2,N MONROE ST,,30.4599,-84.281099,10,,N,LAKE ELLA DR,,2,3,1,1,1,1,1,1,,10,10,1,4,1,,,1,,,1,,,,,321,OFFICER,,,,,TALLAHASSEE POLICE DEPARTMENT,2,2018-10-28 14:03,EC2,0,,,,,,,,,,,,,,,,,,,,,,,,,,,,,,,,,,,,,,,,,,,,,,,,,,,,,,,,,,,,
87841379,2018,2018-10-27 23:01,2018-10-27 00:00,18034132,L,1,4,0,13,50,LEON,TALLAHASSEE,2,2018-10-27 23:01,2018-10-27 23:01,2018-10-27 23:04,2018-10-27 23:59,2,,2,WOODWARD AVE S,,,,,,,ST AUGUSTINE ST W,,5,3,2,1,4,1,1,1,,10,1,1,77,1,,,1,,,1,,,,,583,OFC,,,,,TALLAHASSEE POLICE DEPARTMENT,2,2018-10-28 14:03,EC2,0,,,,,,,,,,,,,,,,,,,,,,,,,,,,,,,,,,,,,,,,,,,,,,,,,,,,,,,,,,,,
87841638,2018,2018-11-02 17:18,2018-11-02 00:00,18034999,L,1,2,0,13,50,LEON,TALLAHASSEE,2,2018-11-02 17:18,2018-11-02 19:48,2018-11-02 19:56,2018-11-02 20:29,2,,2,MARTIN LUTHER KING BLVD S,,,,,,,OSCEOLA ST,,5,3,2,1,88,1,1,1,,10,1,1,3,1,,,1,,,1,,,,,522,OFFICER,,,,,TALLAHASSEE POLICE DEPARTMENT,2,2018-11-09 14:26,EC2,0,,,,,,,,,,,,,,,,,,,,,,,,,,,,,,,,,,,,,,,,,,,,,,,,,,,,,,,,,,,,
87840618,2018,2018-10-03 18:40,2018-11-01 00:00,18031422,U,1,2,0,13,50,LEON,TALLAHASSEE,2,2018-10-03 18:43,2018-10-03 18:44,2018-10-03 18:50,2018-10-03 20:50,2,,2,DICK WILSON BV,3101,,,,,,,,9,3,1,1,1,1,1,1,,10,8,1,1,1,,,77,,,1,,,,,397,OFFICER,,,,,TALLAHASSEE POLICE DEPARTMENT,2,2018-11-06 19:43,EC2,0,,,,,,,,,,,,,,,,,,,,,,,,,,,,,,,,,,,,,,,,,,,,,,,,,,,,,,,,,,,,