report_number,crash_year,crash_date_time,report_date_time,investigating_agency_rep_num,form_type,total_number_of_vehicles,total_number_of_persons,total_number_of_narratives,county_code,city_code,county_name,city_name,rural_or_urban,notified_time,dispatched_time,arrived_time,cleared_time,completed_flag,reason_not_completed,notified_by,on_street_road_highway,street_address_number,latitude,longitude,feet_from_intersection,miles_from_intersection,direction_from_intersection,from_intersection_of,from_milepost_number,road_system_identifier,type_of_shoulder,type_of_intersection,photos_taken_flag,light_condition,weather_condition,road_surface_condition,school_bus_related_code,type_of_impact,first_harmful_event,harmful_event_location,interchange_flag,junction_flag,road_circumstances_1,road_circumstances_2,road_circumstances_3,environment_circumstances_1,environment_circumstances_2,environment_circumstances_3,work_zone_related_flag,location_within_zone,type_of_work_zone,workers_present,law_enforcement_present,investigator_id,investigator_rank,investigator_first_name,investigator_middle_name,investigator_last_name,investigator_suffix,investigating_agency_name,investigating_agency_type,load_dt90838674,,,,,,,,,,,,,,,,,,,,,,,,,,,,,,5,2,1,1,88,1,1,1,1,32,2,88,1,1,,,1,,,1,,,,,217,DEPUTY,,,EPLHASE,,LEON COUNTY,2,2011-03-08 15:54
87841539,2018,2018-10-31 21:11,2018-10-31 00:00,18034723,L,1,2,0,13,50,LEON,TALLAHASSEE,2,2018-10-31 21:11,2018-10-31 21:11,2018-10-31 21:14,2018-10-31 21:40,2,,2,ORANGE AVE,,,,,,,PASCO ST,,5,1,2,2,4,1,1,1,,10,1,2,3,1,,,1,,,1,,,,,398,OFFICER,,,,,TALLAHASSEE POLICE DEPARTMENT,2,2018-11-06 19:36,EC2,0,,,,,,,,,,,,,,,,,,,,,,,,,,,,,,,,,,,,,,,,,,,,,,,,,,,,,,,,,,,,
87841390,2018,2018-10-25 10:45,2018-10-25 00:00,18033916,L,1,2,0,13,50,LEON,TALLAHASSEE,2,2018-10-25 12:19,2018-10-25 12:21,2018-10-25 12:29,2018-10-25 16:47,2,,2,WHETHERBINE WAY W  DRIVEWAY OF RESIDENCE,171,,,1340,,N,PARK AVE E,,77,2,1,2,1,1,1,1,,10,2,1,4,1,,,1,,,1,,,,,507,OFFICER,,,,,TALLAHASSEE POLICE DEPARTMENT,2,2018-11-06 19:36,EC2,0,,,,,,,,,,,,,,,,,,,,,,,,,,,,,,,,,,,,,,,,,,,,,,,,,,,,,,,,,,,,
85914231,2018,2018-11-14 18:09,2018-11-14 00:00,2018-1019,L,1,2,0,13,30,LEON,FLORIDA A&M UNIVERSI,2,2018-11-14 18:09,2018-11-14 18:09,2018-11-14 18:12,2018-11-14 18:50,2,,2,OSCEOLA STREET,,,,200,,W,ML KING BLVD,,5,3,1,1,5,3,2,1,,10,1,1,1,77,1,,77,,,1,,,,,24,OFC,,,,,FAMU POLICE DEPARTMENT,2,2018-11-18 16:55,EC2,0,,,,,,,,,,,,,,,,,,,,,,,,,,,,,,,,,,,,,,,,,,,,,,,,,,,,,,,,,,,,
87842027,2018,2018-11-14 22:00,2018-11-14 00:00,18036385,L,1,2,0,13,50,LEON,TALLAHASSEE,2,2018-11-14 23:03,2018-11-14 23:03,2018-11-14 23:14,2018-11-14 23:53,2,,2,S MACOMB ST,,30.439665,-84.288522,12,,N,W JEFFERSON ST,,5,1,2,1,5,3,2,1,,10,1,1,2,10,,,4,,,1,,,,,628,PATROL,,,,,TALLAHASSEE POLICE DEPARTMENT,2,2018-11-18 16:57,EC2,0,,,,,,,,,,,,,,,,,,,,,,,,,,,,,,,,,,,,,,,,,,,,,,,,,,,,,,,,,,,,
87197126,2018,2018-09-29 19:23,2018-11-19 09:40,FHPH18OFF018591,U,1,4,0,13,50,LEON,TALLAHASSEE,2,2018-09-29 19:27,2018-09-29 19:28,2018-09-29 19:39,2018-09-30 00:49,2,,2,INTERSTATE 10 WB MILE MARKER 202,,30.49755,-84.26714,,1,W,STATE ROAD 61,,1,1,1,2,1,1,1,1,77,10,1,1,1,1,,,1,,,1,,,,,3991,CORPORAL,,,,,FLORIDA HIGHWAY PATROL,1,2018-11-22 14:33,EC2,0,,,,,,,,,,,,,,,,,,,,,,,,,,,,,,,,,,,,,,,,,,,,,,,,,,,,,,,,,,,,
87842047,2018,2018-11-15 17:17,2018-11-15 00:00,18036453,L,1,2,0,13,50,LEON,TALLAHASSEE,2,2018-11-15 17:17,2018-11-15 17:17,2018-11-15 17:20,2018-11-15 17:45,2,,2,7TH AVE E,,,,,,,MITCHELL AVE,,5,3,2,1,2,1,1,1,,10,1,1,2,1,,,1,,,1,,,,,338,OFFICER,,,,,TALLAHASSEE POLICE DEPARTMENT,2,2018-11-18 16:58,EC2,0,,,,,,,,,,,,,,,,,,,,,,,,,,,,,,,,,,,,,,,,,,,,,,,,,,,,,,,,,,,,
87841888,2018,2018-11-10 18:16,2018-11-10 00:00,18035896,L,1,2,0,13,50,LEON,TALLAHASSEE,2,2018-11-10 18:16,2018-11-10 18:17,2018-11-10 18:18,2018-11-10 19:01,2,,2,E ORANGE AVE,,30.412657,-84.277112,,,,S MERIDIAN ST,,5,1,2,2,4,1,1,1,,10,1,1,3,1,,,1,,,1,,,,,378,OFFICER,,,,,TALLAHASSEE POLICE DEPARTMENT,2,2018-11-18 16:58,EC2,0,,,,,,,,,,,,,,,,,,,,,,,,,,,,,,,,,,,,,,,,,,,,,,,,,,,,,,,,,,,,
87842231,2018,2018-11-21 16:25,2018-11-21 00:00,18037153,L,1,2,0,13,50,LEON,TALLAHASSEE,2,2018-11-21 16:25,2018-11-21 16:25,2018-11-21 16:27,2018-11-21 17:30,2,,2,IDLEWILD DR,,30.428143,-84.216306,,,,APALACHEE PKWY,,5,1,2,1,1,1,1,1,,10,1,1,18,1,,,1,,,1,,,,,346,OFFICER,,,,,TALLAHASSEE POLICE DEPARTMENT,2,2018-11-28 15:08,EC2,0,,,,,,,,,,,,,,,,,,,,,,,,,,,,,,,,,,,,,,,,,,,,,,,,,,,,,,,,,,,,
87842221,2018,2018-11-21 10:09,2018-11-21 00:00,18037123,L,1,2,0,13,50,LEON,TALLAHASSEE,2,2018-11-21 10:09,2018-11-21 10:09,2018-11-21 10:09,2018-11-21 10:09,2,,2,LEVY AVE,,30.42354,-84.30212,,,,LAKE BRADFORD RD,,5,3,2,1,1,1,1,1,,10,1,1,77,1,,,1,,,1,,,,,347,OFFICER,,,,,TALLAHASSEE POLICE DEPARTMENT,2,2018-11-28 15:08,EC2,0,,,,,,,,,,,,,,,,,,,,,,,,,,,,,,,,,,,,,,,,,,,,,,,,,,,,,,,,,,,,
87842262,2018,2018-11-23 21:15,2018-11-23 00:00,18037341,L,1,2,0,13,50,LEON,TALLAHASSEE,2,2018-11-23 21:15,2018-11-23 21:15,2018-11-23 21:15,2018-11-23 22:00,2,,2,S MERIDIAN ST,,30.413438,-84.277148,72,,N,POLK DR,,5,3,1,2,4,1,1,1,,10,1,1,1,1,,,1,,,1,,,,,777,OFFICER,,,,,TALLAHASSEE POLICE DEPARTMENT,2,2018-11-28 15:08,EC2,0,,,,,,,,,,,,,,,,,,,,,,,,,,,,,,,,,,,,,,,,,,,,,,,,,,,,,,,,,,,,
87842340,2018,2018-11-26 22:52,2018-11-26 00:00,18037691,S,1,2,0,13,50,LEON,TALLAHASSEE,2,2018-11-26 22:52,2018-11-26 22:52,2018-11-26 22:55,2018-11-26 23:10,2,,2,THOMASVILLE RD,,,,,,,RAYMOND DIEHL RD,,2,3,2,1,4,1,1,1,,10,1,1,2,1,,,1,,,1,,,,,338,OFFICER,,,,,TALLAHASSEE POLICE DEPARTMENT,2,2018-11-28 15:08,EC2,1,,,,,,,,,,,,,,,,,,,,,,,,,,,,,,,,,,,,,,,,,,,,,,,,,,,,,,,,,,,,
87842191,2018,2018-11-20 02:00,2018-11-20 00:00,18037013,L,1,2,0,13,50,LEON,TALLAHASSEE,2,2018-11-20 02:09,2018-11-20 02:16,2018-11-20 02:18,2018-11-20 02:00,2,,2,W CALL ST,,30.448013,-84.310412,,,,CHAPEL DR,,5,1,2,1,4,1,1,1,,10,1,1,3,1,,,1,,,1,,,,,644,OFFICER,,,,,TALLAHASSEE POLICE DEPARTMENT,2,2018-11-22 14:34,EC2,0,,,,,,,,,,,,,,,,,,,,,,,,,,,,,,,,,,,,,,,,,,,,,,,,,,,,,,,,,,,,
85914229,2018,2018-11-09 18:50,2018-11-10 00:00,2018-1007,L,1,2,0,13,30,LEON,FLORIDA A&M UNIVERSI,2,2018-11-09 18:51,2018-11-09 18:51,2018-11-09 18:53,2018-11-09 20:00,2,,2,WAHNISH WAY,1529,,,200,,S,GAMBLE ST,,5,3,1,2,5,2,2,1,,10,1,1,1,1,,,77,1,,1,,,,,24,OFC,,,,,FAMU POLICE DEPARTMENT,2,2018-11-14 14:35,EC2,0,,,,,,,,,,,,,,,,,,,,,,,,,,,,,,,,,,,,,,,,,,,,,,,,,,,,,,,,,,,,
87841998,2018,2018-11-14 13:10,2018-12-12 00:00,18036289,U,1,4,0,13,50,LEON,TALLAHASSEE,2,2018-11-14 13:13,2018-11-14 13:13,2018-11-14 13:21,2018-11-14 16:00,2,,2,MONROE ST S,3527,,,50,,N,GAILE AVE,,5,1,77,1,1,1,1,1,,10,2,1,77,1,,,1,,,1,,,,,670,OFC,,,,,TALLAHASSEE POLICE DEPARTMENT,2,2018-12-19 15:20,EC2,0,,,,,,,,,,,,,,,,,,,,,,,,,,,,,,,,,,,,,,,,,,,,,,,,,,,,,,,,,,,,
87842791,2018,2018-12-08 11:15,2018-12-11 00:00,18039396,L,1,2,0,13,50,LEON,TALLAHASSEE,2,2018-12-08 08:10,2018-12-08 08:11,2018-12-08 08:15,2018-12-08 08:15,2,,2,W THARPE ST,,30.463656,-84.323684,62,,E,DEVRA DR,,5,2,1,1,88,77,88,1,,10,3,1,1,88,,,88,,,1,,,,,550,OFFICER,,,,,TALLAHASSEE POLICE DEPARTMENT,2,2018-12-12 14:41,EC2,0,,,,,,,,,,,,,,,,,,,,,,,,,,,,,,,,,,,,,,,,,,,,,,,,,,,,,,,,,,,,
85569528,2018,2018-05-03 20:34,2018-12-12 08:34,FHPH18OFF008387,U,1,2,0,13,50,LEON,TALLAHASSEE,2,2018-05-03 20:40,2018-05-03 20:42,2018-05-03 21:04,2018-05-04 01:12,2,,2,US HIGHWAY 27 (STATE ROAD 20),,30.42838,-84.21078,250,,E,COOPER CREEK DRIVE,,2,2,1,2,5,1,1,1,77,10,1,1,1,1,,,1,,,1,,,,,1020,CORPORAL,,,,,FLORIDA HIGHWAY PATROL,1,2018-12-13 14:22,EC2,0,,,,,,,,,,,,,,,,,,,,,,,,,,,,,,,,,,,,,,,,,,,,,,,,,,,,,,,,,,,,
87842762,2018,2018-12-10 10:47,2018-12-10 00:00,18039291,L,1,2,0,13,50,LEON,TALLAHASSEE,2,2018-12-10 10:47,2018-12-10 10:48,2018-12-10 10:51,2018-12-10 11:15,2,,2,AIRPORT DR,,30.433243,-84.301651,179,,E,LAKE BRADFORD RD,,5,2,1,1,1,2,1,1,,10,1,1,1,77,1,,77,,,1,,,,,701,OFFICER,,,,,TALLAHASSEE POLICE DEPARTMENT,2,2018-12-11 14:40,EC2,0,,,,,,,,,,,,,,,,,,,,,,,,,,,,,,,,,,,,,,,,,,,,,,,,,,,,,,,,,,,,
87842775,2018,2018-12-10 13:40,2018-12-10 00:00,18039313,L,1,2,0,13,50,LEON,TALLAHASSEE,2,2018-12-10 13:40,2018-12-10 13:41,2018-12-10 14:00,2018-12-10 15:00,2,,2,MEDICAL DR,,30.459246,-84.259633,25,,S,SURGEONS DR,,5,3,2,1,1,2,1,1,,10,1,1,2,1,,,1,,,1,,,,,638,OFFICER,,,,,TALLAHASSEE POLICE DEPARTMENT,2,2018-12-11 14:40,EC2,0,,,,,,,,,,,,,,,,,,,,,,,,,,,,,,,,,,,,,,,,,,,,,,,,,,,,,,,,,,,,
87842724,2018,2018-12-08 21:18,2018-12-08 00:00,18039151,L,1,2,0,13,50,LEON,TALLAHASSEE,2,2018-12-08 21:20,2018-12-08 21:21,2018-12-08 21:21,2018-12-08 21:45,2,,2,W GAINES ST,,30.435505,-84.288589,56,,W,S MACOMB ST,,5,3,1,2,4,1,1,1,,10,1,1,18,1,,,1,,,1,,,,,573,PATROL,,,,,TALLAHASSEE POLICE DEPARTMENT,2,2018-12-11 14:40,EC2,0,,,,,,,,,,,,,,,,,,,,,,,,,,,,,,,,,,,,,,,,,,,,,,,,,,,,,,,,,,,,
88592755,2018,2018-11-01 02:09,2018-12-18 00:00,18110004,U,1,3,0,13,40,LEON,FLORIDA STATE UNIV.,2,2018-11-01 02:09,2018-11-01 02:09,2018-11-01 02:19,2018-11-01 03:11,2,,2,CALL STREET,,,,1,,N,CHEIFTAN WAY,,5,1,3,1,4,1,1,1,,10,1,1,2,1,,,1,,,1,,,,,448,OFFICER,,,,,FSU POLICE DEPARTMENT,2,2018-12-20 14:44,EC2,0,,,,,,,,,,,,,,,,,,,,,,,,,,,,,,,,,,,,,,,,,,,,,,,,,,,,,,,,,,,,
87842463,2018,2018-11-30 18:04,2018-11-30 00:00,18038116,L,1,3,0,13,50,LEON,TALLAHASSEE,2,2018-11-30 18:06,2018-11-30 18:08,2018-11-30 18:12,2018-11-30 19:00,2,,2,OLD SAINT AUGUSTINE RD,,30.427916,-84.249012,233,,E,BLAIR STONE RD,,5,2,1,2,4,1,1,1,,10,1,1,1,1,,,1,,,1,,,,,552,OFFICER,,,,,TALLAHASSEE POLICE DEPARTMENT,2,2018-12-09 14:07,EC2,0,,,,,,,,,,,,,,,,,,,,,,,,,,,,,,,,,,,,,,,,,,,,,,,,,,,,,,,,,,,,
87843270,2018,2018-12-31 18:30,2018-12-31 00:00,18041444,L,1,3,0,13,50,LEON,TALLAHASSEE,2,2018-12-31 18:35,2018-12-31 18:39,2018-12-31 18:45,2018-12-31 18:57,2,,2,JACKSON BLUFF RD,,30.434434,-84.319507,,,,AUSLEY RD,,5,1,2,1,4,1,1,1,,10,1,1,3,1,,,1,,,1,,,,,378,OFFICER,,,,,TALLAHASSEE POLICE DEPARTMENT,2,2019-01-03 14:26,EC2,0,,,,,,,,,,,,,,,,,,,,,,,,,,,,,,,,,,,,,,,,,,,,,,,,,,,,,,,,,,,,
87843272,2018,2018-12-31 16:45,2018-12-31 00:00,18041438,L,1,3,0,13,50,LEON,TALLAHASSEE,2,2018-12-31 16:47,2018-12-31 16:47,2018-12-31 16:47,2018-12-31 17:30,2,,2,WADSWORTH ST,,,,,,,TENNESSEE ST,,5,1,3,1,1,1,1,1,,10,1,2,2,1,,,1,,,1,,,,,398,OFFICER,,,,,TALLAHASSEE POLICE DEPARTMENT,2,2019-01-03 14:26,EC2,0,,,,,,,,,,,,,,,,,,,,,,,,,,,,,,,,,,,,,,,,,,,,,,,,,,,,,,,,,,,,
87843212,2018,2018-12-27 18:41,2018-12-27 00:00,18041102,L,1,2,0,13,50,LEON,TALLAHASSEE,2,2018-12-27 18:41,2018-12-27 18:41,2018-12-27 18:42,2018-12-27 19:02,2,,2,TENNESSEE ST W,,,,10,,W,COPELAND ST,,2,3,2,1,4,1,1,1,,10,1,1,3,1,,,1,,,1,,,,,534,OFFICER,,,,,TALLAHASSEE POLICE DEPARTMENT,2,2018-12-29 14:29,EC2,0,,,,,,,,,,,,,,,,,,,,,,,,,,,,,,,,,,,,,,,,,,,,,,,,,,,,,,,,,,,,
87504766,2018,2018-12-05 11:50,2018-12-27 14:36,180176557,L,1,2,0,13,0,LEON,Unincorporated - Leon County,1,2018-12-05 14:21,2018-12-05 14:21,2018-12-05 14:39,2018-12-05 15:08,2,,1,LAWTON CHILES LN,,,,0,,,TIMBERWOLF XING,,4,2,2,1,1,1,1,1,77,10,1,1,2,1,,,1,,,1,,,,,10192,,,,,,LEON CO SO,3,2019-01-04 14:38,EC2,0,,,,,,,,,,,,,,,,,,,,,,,,,,,,,,,,,,,,,,,,,,,,,,,,,,,,,,,,,,,,
87841664,2018,2018-11-04 05:40,2019-01-09 00:00,18035140,U,1,2,0,13,50,LEON,TALLAHASSEE,2,2018-11-04 05:48,2018-11-04 05:48,2018-11-04 05:55,2018-11-04 06:50,2,,2,CAPITAL CIR,,,,30,,S,APALACHEE PKWY,,5,3,1,2,4,1,1,1,,10,1,1,1,1,,,1,,,1,,,,,697,OFFICER,,,,,TALLAHASSEE POLICE DEPARTMENT,2,2019-01-12 14:26,EC2,0,,,,,,,,,,,,,,,,,,,,,,,,,,,,,,,,,,,,,,,,,,,,,,,,,,,,,,,,,,,,
87841046,2018,2018-10-18 20:33,2019-01-10 00:00,18033107,U,1,2,0,13,50,LEON,TALLAHASSEE,2,2018-10-18 20:36,2018-10-18 20:37,2018-10-18 20:39,2018-10-18 23:30,2,,2,CAPITAL CIR NE,,30.446545,-84.226577,53,,S,CRESCENT DR,,2,3,1,2,4,1,1,1,,10,1,1,1,1,,,1,,,1,,,,,549,INV,,,,,TALLAHASSEE POLICE DEPARTMENT,2,2019-01-16 14:37,EC2,0,,,,,,,,,,,,,,,,,,,,,,,,,,,,,,,,,,,,,,,,,,,,,,,,,,,,,,,,,,,,
87841459,2018,2018-10-30 20:08,2018-10-30 00:00,18034443,L,1,2,0,13,50,LEON,TALLAHASSEE,2,2018-10-30 20:08,2018-10-30 20:09,2018-10-30 20:13,2018-10-30 21:30,2,,2,CRAWFORDVILLE RD,3613,,,,,,,,9,3,1,1,4,1,1,1,,10,8,1,1,1,,,1,,,1,,,,,635,OFFICER,,,,,TALLAHASSEE POLICE DEPARTMENT,2,2019-02-08 14:44,EC2,0,,,,,,,,,,,,,,,,,,,,,,,,,,,,,,,,,,,,,,,,,,,,,,,,,,,,,,,,,,,,
87504563,2018,2018-10-31 07:28,2018-11-06 12:52,180159411,L,1,2,0,13,0,LEON,Unincorporated - Leon County,1,2018-10-31 07:30,2018-10-31 07:31,2018-10-31 07:48,2018-10-31 09:12,2,,2,OX BOTTOM RD,,,,0,,,TUSCAN HILL DR,,5,2,3,2,4,1,1,3,77,10,1,1,2,1,,,1,,,1,,,,,11738,,,,,,LEON CO SO,3,2019-02-23 14:35,EC2,0,,,,,,,,,,,,,,,,,,,,,,,,,,,,,,,,,,,,,,,,,,,,,,,,,,,,,,,,,,,,
87842184,2018,2018-11-19 17:57,2019-04-26 00:00,18036971,U,1,2,0,13,50,LEON,TALLAHASSEE,2,2018-11-19 17:57,2018-11-19 17:59,2018-11-19 18:05,2018-11-19 18:28,2,,2,TENNESSEE ST W,2675,,,,,,,,9,3,1,1,4,1,1,1,,10,8,1,1,1,,,1,,,1,,,,,306,OFFICER,,,,,TALLAHASSEE POLICE DEPARTMENT,2,2019-04-28 14:00,EC2,0,,,,,,,,,,,,,,,,,,,,,,,,,,,,,,,,,,,,,,,,,,,,,,,,,,,,,,,,,,,,
87842583,2018,2018-12-03 19:37,2019-02-25 00:00,18038561,U,1,2,0,13,50,LEON,TALLAHASSEE,2,2018-12-03 19:40,2018-12-03 19:46,2018-12-03 19:52,2018-12-03 22:45,2,,2,CAPITAL CIR SE,,30.439139,-84.226744,823,,S,E PARK AVE,,5,3,1,1,4,1,1,1,,10,1,1,1,1,,,1,,,1,,,,,636,OFFICER,,,,,TALLAHASSEE POLICE DEPARTMENT,2,2019-05-03 14:29,EC2,0,,,,,,,,,,,,,,,,,,,,,,,,,,,,,,,,,,,,,,,,,,,,,,,,,,,,,,,,,,,,
87844744,2019,2019-02-25 17:09,2019-02-25 00:00,2019-00029392,L,1,1,0,13,50,LEON,TALLAHASSEE,2,2019-02-25 17:10,2019-02-25 17:10,2019-02-25 17:11,2019-02-25 17:30,2,,2,BELLE VUE WAY,,30.437936,-84.314428,,,W,S LIPONA RD,,5,2,2,1,1,1,1,1,,10,1,1,2,1,,,1,,,1,,,,,599,OFFICER,,,,,TALLAHASSEE POLICE DEPARTMENT,2,2019-02-27 14:38,EC2,0,,,,,,,,,,,,,,,,,,,,,,,,,,,,,,,,,,,,,,,,,,,,,,,,,,,,,,,,,,,,
89140593,2019,2019-04-27 11:45,2019-04-27 00:00,2019-00062808,L,1,2,0,13,50,LEON,TALLAHASSEE,2,2019-04-27 11:46,2019-04-27 11:48,2019-04-27 11:52,2019-04-27 13:15,2,,2,APALACHEE PKWY,,30.427154,-84.22907,100,,E,FOREST TOWER DR,,2,3,1,1,1,1,1,1,,10,1,1,18,1,,,1,,,1,,,,,558,OFC,,,,,TALLAHASSEE POLICE DEPARTMENT,2,2019-04-28 14:00,EC2,0,,,,,,,,,,,,,,,,,,,,,,,,,,,,,,,,,,,,,,,,,,,,,,,,,,,,,,,,,,,,
89140591,2019,2019-04-26 20:50,2019-04-27 00:00,2019-00062768,L,1,2,0,13,50,LEON,TALLAHASSEE,2,2019-04-26 09:41,2019-04-26 11:10,2019-04-26 11:17,2019-04-26 11:40,2,,2,W PENSACOLA ST,,30.438185,-84.346004,908,,W,CENTURY PARK DR,,3,3,1,1,6,1,1,1,,10,1,1,16,1,,,1,,,1,,,,,652,OFFICER,,,,,TALLAHASSEE POLICE DEPARTMENT,2,2019-04-28 14:00,EC2,0,,,,,,,,,,,,,,,,,,,,,,,,,,,,,,,,,,,,,,,,,,,,,,,,,,,,,,,,,,,,
89140890,2019,2019-05-06 18:04,2019-05-06 00:00,2019-00068217,L,1,3,0,13,50,LEON,TALLAHASSEE,2,2019-05-06 18:04,2019-05-06 18:11,2019-05-06 18:25,2019-05-06 18:52,2,,2,WEEMS RD,,30.461925,-84.22235,,,,MAHAN DR,,2,1,2,1,1,1,1,1,,10,1,1,2,1,,,1,,,1,,,,,384,OFFICER,,,,,TALLAHASSEE POLICE DEPARTMENT,2,2019-05-08 14:41,EC2,0,,,,,,,,,,,,,,,,,,,,,,,,,,,,,,,,,,,,,,,,,,,,,,,,,,,,,,,,,,,,
89140080,2019,2019-04-10 08:00,2019-04-10 00:00,2019-00052914,L,1,1,0,13,50,LEON,TALLAHASSEE,2,2019-04-10 08:17,2019-04-10 08:00,2019-04-10 08:33,2019-04-10 08:02,2,,2,W THARPE ST,,30.4654,-84.330108,116,,W,VILLA SAN MARCO APARTMENTS,,5,1,1,1,1,1,1,1,,10,1,1,1,1,,,1,,,1,,,,,742,OFFICER,,,,,TALLAHASSEE POLICE DEPARTMENT,2,2019-04-16 14:16,EC2,0,,,,,,,,,,,,,,,,,,,,,,,,,,,,,,,,,,,,,,,,,,,,,,,,,,,,,,,,,,,,
87845379,2019,2019-03-22 17:26,2019-03-22 00:00,2019-00043215,L,1,2,0,13,50,LEON,TALLAHASSEE,2,2019-03-22 17:26,2019-03-22 17:26,2019-03-22 17:40,2019-03-22 17:56,2,,2,APALACHEE PKWY,,30.437063,-84.26167,33,,E,S MAGNOLIA DR,,2,3,1,1,1,1,1,1,,10,1,1,1,1,,,1,,,1,,,,,654,OFC,,,,,TALLAHASSEE POLICE DEPARTMENT,2,2019-04-10 14:34,EC2,0,,,,,,,,,,,,,,,,,,,,,,,,,,,,,,,,,,,,,,,,,,,,,,,,,,,,,,,,,,,,
87843600,2019,2019-01-14 21:37,2019-01-14 00:00,19001444,L,1,2,0,13,50,LEON,TALLAHASSEE,2,2019-01-14 21:37,2019-01-14 21:37,2019-01-14 21:37,2019-01-14 22:30,2,,2,TENN ST W,4400,30.46189,-84.359272,,,,,,9,3,1,2,4,1,1,1,,10,8,1,1,1,,,1,,,1,,,,,602,OFFICER,,,,,TALLAHASSEE POLICE DEPARTMENT,2,2019-01-15 15:42,EC2,0,,,,,,,,,,,,,,,,,,,,,,,,,,,,,,,,,,,,,,,,,,,,,,,,,,,,,,,,,,,,
87843750,2019,2019-01-19 12:29,2019-01-23 00:00,2019-00009686,U,1,2,0,13,50,LEON,TALLAHASSEE,2,2019-01-19 12:29,2019-01-19 12:31,2019-01-19 12:35,2019-01-19 12:50,2,,2,GAILE AVE,,30.39816,-84.279942,,,,S MONROE ST,,3,3,2,1,1,1,1,1,,10,1,1,3,1,,,1,,,1,,,,,579,OFC,,,,,TALLAHASSEE POLICE DEPARTMENT,2,2019-01-26 15:49,EC2,0,,,,,,,,,,,,,,,,,,,,,,,,,,,,,,,,,,,,,,,,,,,,,,,,,,,,,,,,,,,,
87845188,2019,2019-03-12 21:58,2019-03-12 00:00,2019-00037886,L,1,4,0,13,50,LEON,TALLAHASSEE,2,2019-03-12 21:58,2019-03-12 22:02,2019-03-12 22:02,2019-03-12 23:00,2,,2,S WOODWARD AVE,,30.436761,-84.298064,,,,W MADISON ST,,5,3,3,1,4,1,1,1,,10,1,1,77,1,,,1,,,1,,,,,#508,OFFICER,,,,,TALLAHASSEE POLICE DEPARTMENT,2,2019-03-14 14:36,EC2,0,,,,,,,,,,,,,,,,,,,,,,,,,,,,,,,,,,,,,,,,,,,,,,,,,,,,,,,,,,,,
89141367,2019,2019-05-28 13:51,2019-05-28 00:00,2019-00080060,L,1,3,0,13,50,LEON,TALLAHASSEE,2,2019-05-28 13:51,2019-05-28 13:51,2019-05-28 14:01,2019-05-28 14:45,2,,2,S WOODWARD AVE,,30.438908,-84.298161,68,,N,W PENSACOLA ST,,5,3,1,2,1,1,1,1,,10,1,1,1,14,,,1,,,1,,,,,523,OFFICER,,,,,TALLAHASSEE POLICE DEPARTMENT,2,2019-05-30 14:34,EC2,1,,,,,,,,,,,,,,,,,,,,,,,,,,,,,,,,,,,,,,,,,,,,,,,,,,,,,,,,,,,,
89145091,2019,2019-10-18 20:23,2019-10-22 00:00,2019-00160212,U,1,2,0,13,50,LEON,TALLAHASSEE,2,2019-10-18 20:23,2019-10-18 20:24,2019-10-18 20:30,2019-10-18 20:50,2,,2,ROBERTS AVE,2623,30.429078,-84.330496,,,,,,9,1,1,1,5,1,2,1,,10,8,1,1,1,,,1,,,1,,,,,698,OFC.,,,,,TALLAHASSEE POLICE DEPARTMENT,2,2019-10-30 14:32,EC2,0,,,,,,,,,,,,,,,,,,,,,,,,,,,,,,,,,,,,,,,,,,,,,,,,,,,,,,,,,,,,
89298148,2019,2019-10-08 18:27,2019-10-24 00:00,190161609,U,1,2,0,13,0,LEON,UNINCORPORATED,1,2019-10-08 18:27,2019-10-08 18:29,2019-10-08 18:35,2019-10-08 21:29,2,,2,BRADFORDVILLE RD,,30.560012,-84.216142,576,,E,THOMASVILLE RD,,5,3,77,1,1,1,1,1,,10,1,1,3,1,,,1,,,1,,,,,11871,DEPUTY,,,,,LEON COUNTY SHERIFFS OFFICE,3,2019-10-27 13:52,EC2,0,,,,,,,,,,,,,,,,,,,,,,,,,,,,,,,,,,,,,,,,,,,,,,,,,,,,,,,,,,,,
87844807,2019,2019-02-27 18:50,2019-02-27 00:00,2019-00030466,L,1,2,0,13,50,LEON,TALLAHASSEE,2,2019-02-27 18:57,2019-02-27 18:58,2019-02-27 18:59,2019-02-27 19:51,2,,2,WAHNISH WAY,,30.428448,-84.289663,190,,S,GAMBLE ST,,5,1,1,1,4,1,1,1,,10,1,1,77,1,,,1,,,1,,,,,742,OFFICER,,,,,TALLAHASSEE POLICE DEPARTMENT,2,2019-03-05 14:34,EC2,0,,,,,,,,,,,,,,,,,,,,,,,,,,,,,,,,,,,,,,,,,,,,,,,,,,,,,,,,,,,,
89145189,2019,2019-10-22 14:34,2019-10-22 00:00,2019-00162060,L,1,3,0,13,50,LEON,TALLAHASSEE,2,2019-10-22 14:34,2019-10-22 15:09,2019-10-22 15:29,2019-10-22 15:57,2,,2,CENTERVILLE RD,,30.481849,-84.231687,69,,N,EDDIE RD,,5,3,1,2,1,1,1,1,,10,2,1,1,1,,,1,,,1,,,,,384,OFFICER,,,,,TALLAHASSEE POLICE DEPARTMENT,2,2019-10-30 14:32,EC2,1,,,,,,,,,,,,,,,,,,,,,,,,,,,,,,,,,,,,,,,,,,,,,,,,,,,,,,,,,,,,