report_number,crash_year,crash_date_time,report_date_time,investigating_agency_rep_num,form_type,total_number_of_vehicles,total_number_of_persons,total_number_of_narratives,county_code,city_code,county_name,city_name,rural_or_urban,notified_time,dispatched_time,arrived_time,cleared_time,completed_flag,reason_not_completed,notified_by,on_street_road_highway,street_address_number,latitude,longitude,feet_from_intersection,miles_from_intersection,direction_from_intersection,from_intersection_of,from_milepost_number,road_system_identifier,type_of_shoulder,type_of_intersection,photos_taken_flag,light_condition,weather_condition,road_surface_condition,school_bus_related_code,type_of_impact,first_harmful_event,harmful_event_location,interchange_flag,junction_flag,road_circumstances_1,road_circumstances_2,road_circumstances_3,environment_circumstances_1,environment_circumstances_2,environment_circumstances_3,work_zone_related_flag,location_within_zone,type_of_work_zone,workers_present,law_enforcement_present,investigator_id,investigator_rank,investigator_first_name,investigator_middle_name,investigator_last_name,investigator_suffix,investigating_agency_name,investigating_agency_type,load_dt90838674,,,,,,,,,,,,,,,,,,,,,,,,,,,,,,5,2,1,1,88,1,1,1,1,32,2,88,1,1,,,1,,,1,,,,,217,DEPUTY,,,EPLHASE,,LEON COUNTY,2,2011-03-08 15:54
89140308,2019,2019-04-17 20:30,2019-05-29 00:00,2019-00057376,U,1,3,0,13,50,LEON,TALLAHASSEE,2,2019-04-17 20:30,2019-04-17 20:30,2019-04-17 20:34,2019-04-17 01:05,2,,2,W PENSACOLA ST,,30.441396,-84.333474,100,,E,CACTUS ST,,5,3,1,2,5,1,1,1,,10,1,1,3,1,,,1,,,1,,,,,619,OFFICER,,,,,TALLAHASSEE POLICE DEPARTMENT,2,2019-05-31 14:26,EC2,0,,,,,,,,,,,,,,,,,,,,,,,,,,,,,,,,,,,,,,,,,,,,,,,,,,,,,,,,,,,,
87845480,2019,2019-03-27 17:30,2019-03-27 00:00,2019-00045557,L,1,2,0,13,50,LEON,TALLAHASSEE,2,2019-03-27 17:30,2019-03-27 17:31,2019-03-27 17:32,2019-03-27 18:07,2,,2,W PENSACOLA ST,,30.441012,-84.325287,205,,E,WHITE DR,,5,3,3,1,1,1,1,1,,10,1,1,4,1,,,1,,,1,,,,,526,OFFICER,,,,,TALLAHASSEE POLICE DEPARTMENT,2,2019-03-28 14:32,EC2,0,,,,,,,,,,,,,,,,,,,,,,,,,,,,,,,,,,,,,,,,,,,,,,,,,,,,,,,,,,,,
89141630,2019,2019-05-29 19:45,2019-06-08 00:00,2019-00086303,L,1,2,0,13,50,LEON,TALLAHASSEE,2,2019-05-29 12:55,2019-05-29 12:55,2019-05-29 12:55,2019-05-29 12:55,2,,2,CAPITAL CIR,2785,30.490267,-84.240793,,,,,,9,3,1,1,2,1,1,1,,10,8,1,1,1,,,1,,,1,,,,,516,OFFICER,,,,,TALLAHASSEE POLICE DEPARTMENT,2,2019-06-09 14:04,EC2,0,,,,,,,,,,,,,,,,,,,,,,,,,,,,,,,,,,,,,,,,,,,,,,,,,,,,,,,,,,,,
87843553,2019,2019-01-11 19:08,2019-02-15 00:00,19001224,U,1,4,0,13,50,LEON,TALLAHASSEE,2,2019-01-11 19:08,2019-01-11 19:09,2019-01-11 19:11,2019-01-11 23:32,2,,2,CAPITAL CIR NW,,30.461208,-84.361023,1204,,S,W THARPE ST,,5,3,1,1,5,1,1,1,,10,1,1,4,1,,,1,,,1,,,,,334,OFC,,,,,TALLAHASSEE POLICE DEPARTMENT,2,2019-03-01 14:30,EC2,0,,,,,,,,,,,,,,,,,,,,,,,,,,,,,,,,,,,,,,,,,,,,,,,,,,,,,,,,,,,,
87263720,2019,2019-02-04 21:25,2019-03-13 13:01,FHPH19OFF001894,U,1,2,0,13,50,LEON,TALLAHASSEE,2,2019-02-04 21:32,2019-02-04 21:32,2019-02-04 21:32,2019-02-05 00:58,2,,2,INTERSTATE 10 (STATE ROAD 8),,30.484221593737,-84.302083154045,1025,,E,US HIGHWAY 27 (STATE ROAD 63),,1,1,1,2,4,1,1,1,77,10,1,1,1,1,,,1,,,1,,,,,3322,CORPORAL,,,,,FLORIDA HIGHWAY PATROL,1,2019-03-15 14:47,EC2,0,,,,,,,,,,,,,,,,,,,,,,,,,,,,,,,,,,,,,,,,,,,,,,,,,,,,,,,,,,,,
88592854,2019,2019-02-27 08:50,2019-02-27 00:00,1902-0308,L,1,2,0,13,40,LEON,FLORIDA STATE UNIV.,2,2019-02-27 08:50,2019-02-27 08:52,2019-02-27 08:53,2019-02-27 09:05,2,,2,UNIVERSITY WAY,,,,,,,GRAY ST,,5,3,3,1,1,1,1,1,,10,1,1,2,1,,,1,,,1,,,,,423,OFC,,,,,FSU POLICE DEPARTMENT,2,2019-03-01 14:30,EC2,0,,,,,,,,,,,,,,,,,,,,,,,,,,,,,,,,,,,,,,,,,,,,,,,,,,,,,,,,,,,,
88592855,2019,2019-02-19 15:10,2019-02-27 00:00,1902-0212,L,1,1,0,13,40,LEON,FLORIDA STATE UNIV.,2,2019-02-19 16:00,2019-02-19 16:00,2019-02-19 16:05,2019-02-19 15:10,2,,2,CHIEFTAN WAY,139,,,200,,S,SPIRIT WAY AND CHIEFTAN WAY,,5,1,1,2,1,1,1,1,,10,1,1,1,1,,,1,,,1,,,,,405,OFFICER,,,,,FSU POLICE DEPARTMENT,2,2019-03-01 14:30,EC2,0,,,,,,,,,,,,,,,,,,,,,,,,,,,,,,,,,,,,,,,,,,,,,,,,,,,,,,,,,,,,
87844356,2019,2019-02-11 07:13,2019-02-11 00:00,2019-00021624,L,1,2,0,13,50,LEON,TALLAHASSEE,2,2019-02-11 07:13,2019-02-11 07:14,2019-02-11 07:23,2019-02-11 08:05,2,,2,N MONROE ST,2901,30.481401,-84.304398,,,,,,9,3,1,1,5,2,1,1,,10,8,1,1,1,,,1,,,1,,,,,594,OFFICER,,,,,TALLAHASSEE POLICE DEPARTMENT,2,2019-02-12 14:32,EC2,0,,,,,,,,,,,,,,,,,,,,,,,,,,,,,,,,,,,,,,,,,,,,,,,,,,,,,,,,,,,,
89140943,2019,2019-05-09 08:32,2019-05-09 00:00,2019-00069607,L,1,2,0,13,50,LEON,TALLAHASSEE,2,2019-05-09 08:33,2019-05-09 08:35,2019-05-09 08:37,2019-05-09 09:10,2,,2,JACKSON BLUFF RD,2415,30.434438,-84.327216,,,,,,9,1,1,1,1,1,1,1,,10,1,1,4,1,,,1,,,1,,,,,726,OFFICER,,,,,TALLAHASSEE POLICE DEPARTMENT,2,2019-05-11 15:21,EC2,0,,,,,,,,,,,,,,,,,,,,,,,,,,,,,,,,,,,,,,,,,,,,,,,,,,,,,,,,,,,,
89298438,2019,2019-11-23 17:51,2020-01-07 00:00,190186274,U,1,2,0,13,0,LEON,UNINCORPORATED,1,2019-11-23 17:51,2019-11-23 17:51,2019-11-23 17:59,2019-11-23 19:24,2,,2,OAK RIDGE RD W,,30.32425,-84.308341,1000,,E,WAKULLA SPRINGS RD,0,4,2,1,2,5,3,2,1,,10,3,1,1,10,10,,88,88,,1,,,,,256,DEPUTY,,,,,LEON COUNTY SHERIFFS OFFICE,3,2020-01-09 14:39,EC2,0,,,,,,,,,,,,,,,,,,,,,,,,,,,,,,,,,,,,,,,,,,,,,,,,,,,,,,,,,,,,
87505325,2019,2019-04-07 14:59,2019-04-12 11:13,190052399,L,1,2,0,13,0,LEON,Unincorporated - Leon County,2,2019-04-07 15:00,2019-04-07 15:00,2019-04-07 15:07,2019-04-07 16:13,2,,2,N MONROE ST,3221,30.488696,-84.318041,0,,,,,9,1,1,1,1,1,1,1,77,10,8,1,1,1,,,1,,,1,,,,,12202,,,,,,LEON CO SO,3,2019-04-13 15:23,EC2,0,,,,,,,,,,,,,,,,,,,,,,,,,,,,,,,,,,,,,,,,,,,,,,,,,,,,,,,,,,,,
87843852,2019,2019-01-23 16:25,2019-02-05 00:00,2019-00011821,U,1,2,0,13,50,LEON,TALLAHASSEE,2,2019-01-23 16:33,2019-01-23 16:35,2019-01-23 16:40,2019-01-23 17:40,2,,2,CAPITAL CIR SE,1212,30.430194,-84.228354,,,,,,9,3,1,1,1,1,1,1,,10,8,1,1,1,,,1,,,1,,,,,670,OFC,,,,,TALLAHASSEE POLICE DEPARTMENT,2,2019-02-08 14:44,EC2,0,,,,,,,,,,,,,,,,,,,,,,,,,,,,,,,,,,,,,,,,,,,,,,,,,,,,,,,,,,,,
89142642,2019,2019-07-23 11:27,2019-07-23 00:00,2019-00110596,L,1,2,0,13,50,LEON,TALLAHASSEE,2,2019-07-23 11:47,2019-07-23 11:49,2019-07-23 11:54,2019-07-23 12:08,2,,2,S MONROE ST,,30.429677,-84.280611,30,,N,E PERSHING ST,,3,3,1,1,1,1,1,1,,10,2,1,1,1,,,1,,,1,,,,,682,OFFICER,,,,,TALLAHASSEE POLICE DEPARTMENT,2,2019-07-24 14:24,EC2,0,,,,,,,,,,,,,,,,,,,,,,,,,,,,,,,,,,,,,,,,,,,,,,,,,,,,,,,,,,,,
89141410,2019,2019-05-29 18:51,2019-05-29 00:00,2019-00080796,L,1,2,0,13,50,LEON,TALLAHASSEE,2,2019-05-29 18:51,2019-05-29 18:53,2019-05-29 19:01,2019-05-29 19:30,2,,2,TIMBERLANE SCHOOL RD,3569,30.502755,-84.26067,,,,,,9,1,1,1,1,1,1,1,,10,8,1,77,1,,,1,,,1,,,,,353,OFC,,,,,TALLAHASSEE POLICE DEPARTMENT,2,2019-05-30 14:34,EC2,1,,,,,,,,,,,,,,,,,,,,,,,,,,,,,,,,,,,,,,,,,,,,,,,,,,,,,,,,,,,,
87844317,2019,2019-02-09 18:40,2019-07-15 00:00,2019-00020992,U,1,2,0,13,50,LEON,TALLAHASSEE,2,2019-02-09 18:42,2019-02-09 18:42,2019-02-09 18:45,2019-02-09 22:25,2,,2,W PENSACOLA ST,,30.441299,-84.333203,79,,E,CACTUS ST,,5,3,1,1,2,2,1,1,,10,1,1,1,1,,,1,,,1,,,,,619,OFFICER,,,,,TALLAHASSEE POLICE DEPARTMENT,2,2019-07-16 14:18,EC2,0,,,,,,,,,,,,,,,,,,,,,,,,,,,,,,,,,,,,,,,,,,,,,,,,,,,,,,,,,,,,
87844048,2019,2019-01-30 08:45,2019-01-30 00:00,2019-00015253,L,1,2,0,13,50,LEON,TALLAHASSEE,2,2019-01-30 08:49,2019-01-30 08:51,2019-01-30 08:57,2019-01-30 09:25,2,,2,HIGH RD,,30.46209,-84.313459,532,,S,W THARPE ST,,4,3,1,1,1,1,1,1,,10,1,1,1,1,,,1,,,1,,,,,321,OFFICER,,,,,TALLAHASSEE POLICE DEPARTMENT,2,2019-01-31 14:43,EC2,0,,,,,,,,,,,,,,,,,,,,,,,,,,,,,,,,,,,,,,,,,,,,,,,,,,,,,,,,,,,,
89143803,2019,2019-09-06 08:40,2019-09-06 00:00,2019-00135654,L,1,2,0,13,50,LEON,TALLAHASSEE,2,2019-09-06 08:42,2019-09-06 08:42,2019-09-06 08:47,2019-09-06 09:00,2,,2,MCCASKILL AVE,,30.425502,-84.302985,156,,E,INDIAN RIVER ST,,5,3,1,1,1,1,1,1,,10,1,1,1,1,,,1,,,1,,,,,701,OFFICER,,,,,TALLAHASSEE POLICE DEPARTMENT,2,2019-09-07 14:00,EC2,0,,,,,,,,,,,,,,,,,,,,,,,,,,,,,,,,,,,,,,,,,,,,,,,,,,,,,,,,,,,,
87844457,2019,2019-02-14 01:13,2019-02-28 00:00,2019-00023244,U,1,2,0,13,50,LEON,TALLAHASSEE,2,2019-02-14 01:13,2019-02-14 01:13,2019-02-14 01:13,2019-02-14 01:46,2,,2,W GAINES ST,,30.435567,-84.292488,186,,E,GAY ST,,5,1,1,2,4,1,1,1,,10,1,1,1,1,,,1,,,1,,,,,306,OFFICER,,,,,TALLAHASSEE POLICE DEPARTMENT,2,2019-03-03 14:03,EC2,0,,,,,,,,,,,,,,,,,,,,,,,,,,,,,,,,,,,,,,,,,,,,,,,,,,,,,,,,,,,,
87505142,2019,2019-03-04 06:20,2019-05-02 10:35,190033026,U,1,2,0,13,0,LEON,Unincorporated - Leon County,1,2019-03-04 06:41,2019-03-04 06:43,2019-03-04 06:45,2019-03-04 07:25,1,FOLLOW UP INVESTIGATION NEEDED,2,MONROE ST N,,,,900,,S,COOL VIEW DR,,2,2,1,2,5,2,2,1,4,10,2,1,1,14,,,1,,,1,,,,,10131,,,,,,LEON CO SO,3,2019-05-08 14:42,EC2,0,,,,,,,,,,,,,,,,,,,,,,,,,,,,,,,,,,,,,,,,,,,,,,,,,,,,,,,,,,,,
89297841,2019,2019-08-14 06:24,2019-09-04 00:00,190129370,U,1,2,0,13,0,LEON,UNINCORPORATED,1,2019-08-14 06:24,2019-08-14 06:24,2019-08-14 06:35,2019-08-14 10:12,2,,2,WOODVILLE HWY,,30.322151,-84.249252,276,,N,OAK RIDGE RD E,,3,2,1,2,5,1,1,1,,10,1,1,1,1,,,1,,,1,,,,,310,DEPUTY,,,,,LEON COUNTY SHERIFFS OFFICE,3,2019-09-07 14:00,EC2,0,,,,,,,,,,,,,,,,,,,,,,,,,,,,,,,,,,,,,,,,,,,,,,,,,,,,,,,,,,,,
87844011,2019,2019-01-29 06:43,2019-01-29 00:00,2019-00014705,L,1,2,0,13,50,LEON,TALLAHASSEE,2,2019-01-29 06:43,2019-01-29 06:59,2019-01-29 07:00,2019-01-29 08:00,2,,2,APALACHEE PKWY,3535,,,,,,,,9,3,1,2,4,1,1,1,,10,2,1,1,1,,,1,,,1,,,,,557,OFFICER,,,,,TALLAHASSEE POLICE DEPARTMENT,2,2019-01-30 14:54,EC2,0,,,,,,,,,,,,,,,,,,,,,,,,,,,,,,,,,,,,,,,,,,,,,,,,,,,,,,,,,,,,
83780819,2019,2019-04-19 07:58,2019-04-19 12:11,FHPH19OFF005481,L,1,2,0,13,50,LEON,TALLAHASSEE,2,2019-04-19 10:38,2019-04-19 10:38,2019-04-19 10:38,2019-04-19 12:12,2,,2,2900 APALACHEE PARKWAY,,30.42705,-84.23223,450,,N,U.S. HWY 27 (APALACHEE PARKWAY),,9,3,3,2,1,3,2,1,77,10,3,1,3,1,,,2,,,1,,,,,2564,CORPORAL,,,,,FLORIDA HIGHWAY PATROL,1,2019-04-27 14:20,EC2,0,,,,,,,,,,,,,,,,,,,,,,,,,,,,,,,,,,,,,,,,,,,,,,,,,,,,,,,,,,,,
87843808,2019,2019-01-21 19:55,2019-01-21 00:00,2019-00010795,L,1,2,0,13,50,LEON,TALLAHASSEE,2,2019-01-21 19:57,2019-01-21 19:58,2019-01-21 20:00,2019-01-21 20:40,2,,2,E LAFAYETTE ST,,30.4355,-84.261418,113,,E,S MAGNOLIA DR,,5,3,1,1,2,1,1,1,,10,1,1,1,1,,,1,,,1,,,,,527,PATROL,,,,,TALLAHASSEE POLICE DEPARTMENT,2,2019-01-23 14:44,EC2,0,,,,,,,,,,,,,,,,,,,,,,,,,,,,,,,,,,,,,,,,,,,,,,,,,,,,,,,,,,,,
87844934,2019,2019-03-04 15:51,2019-03-04 00:00,2019-00033164,L,1,2,0,13,50,LEON,TALLAHASSEE,2,2019-03-04 15:51,2019-03-04 16:01,2019-03-04 16:12,2019-03-04 16:30,2,,2,N DEWEY ST,,30.449007,-84.294014,19,,S,W BREVARD ST,,5,3,2,1,1,1,1,1,,10,1,1,2,1,,,1,,,1,,,,,534,OFFICER,,,,,TALLAHASSEE POLICE DEPARTMENT,2,2019-03-06 14:35,EC2,0,,,,,,,,,,,,,,,,,,,,,,,,,,,,,,,,,,,,,,,,,,,,,,,,,,,,,,,,,,,,
87843425,2019,2019-01-07 18:24,2019-01-07 00:00,19000745,L,1,1,0,13,50,LEON,TALLAHASSEE,2,2019-01-07 18:24,2019-01-07 18:26,2019-01-07 18:34,2019-01-07 18:54,2,,2,SHAMROCK ST W,,,,,,,KERRY FOREST PKWY,,5,1,2,1,1,1,1,1,,10,1,1,2,1,,,1,,,1,,,,,604,OFFICER,,,,,TALLAHASSEE POLICE DEPARTMENT,2,2019-01-11 14:34,EC2,1,,,,,,,,,,,,,,,,,,,,,,,,,,,,,,,,,,,,,,,,,,,,,,,,,,,,,,,,,,,,
87844741,2019,2019-02-25 08:30,2019-03-26 00:00,2019-00029436,U,1,1,0,13,50,LEON,TALLAHASSEE,2,2019-02-25 19:06,2019-02-25 19:06,2019-02-25 19:06,2019-02-25 08:30,2,,2,COPELAND ST,500 BLK,30.4375,-84.290356,300,,W,MACOMB ST,,5,1,1,1,1,1,1,1,,10,2,1,77,1,,,1,,,1,,,,,579,OFC,,,,,TALLAHASSEE POLICE DEPARTMENT,2,2019-03-28 14:32,EC2,0,,,,,,,,,,,,,,,,,,,,,,,,,,,,,,,,,,,,,,,,,,,,,,,,,,,,,,,,,,,,
87504954,2019,2019-01-18 07:05,2019-01-24 09:08,190008300,L,1,2,0,13,50,LEON,Tallahassee,2,2019-01-18 07:52,2019-01-18 07:52,2019-01-18 07:52,2019-01-18 08:40,2,,2,LAWTON CHILES LN,7200,,,0,,,,,9,3,1,1,3,1,1,1,3,10,8,1,77,1,,,1,,,1,,,,,11212,,,,,,LEON CO SO,3,2019-01-29 14:44,EC2,0,,,,,,,,,,,,,,,,,,,,,,,,,,,,,,,,,,,,,,,,,,,,,,,,,,,,,,,,,,,,
89144413,2019,2019-09-27 15:16,2019-09-27 00:00,2019-00148042,L,1,3,0,13,50,LEON,TALLAHASSEE,2,2019-09-27 15:17,2019-09-27 15:19,2019-09-27 15:39,2019-09-27 17:10,2,,2,W PENSACOLA ST,,30.441307,-84.332766,216,,E,CACTUS ST,,5,3,1,2,1,2,1,1,,10,1,1,1,1,,,1,,,1,,,,,632,OFC,,,,,TALLAHASSEE POLICE DEPARTMENT,2,2019-09-30 13:58,EC2,0,,,,,,,,,,,,,,,,,,,,,,,,,,,,,,,,,,,,,,,,,,,,,,,,,,,,,,,,,,,,
89139788,2019,2019-03-29 18:39,2019-07-22 00:00,2019-00046904,U,1,2,0,13,50,LEON,TALLAHASSEE,2,2019-03-29 18:39,2019-03-29 18:40,2019-03-29 18:41,2019-03-29 22:22,2,,2,GARBER DR,,30.466039,-84.354852,,,,MAX DR,,5,2,2,2,1,1,1,1,,10,2,1,3,1,,,1,,,1,,,,,549,INV,,,,,TALLAHASSEE POLICE DEPARTMENT,2,2019-07-28 13:53,EC2,0,,,,,,,,,,,,,,,,,,,,,,,,,,,,,,,,,,,,,,,,,,,,,,,,,,,,,,,,,,,,
87505385,2019,2019-04-16 11:48,2019-04-30 15:45,190057437,U,1,2,0,13,50,LEON,Tallahassee,2,2019-04-16 11:48,2019-04-16 11:56,2019-04-16 12:04,2019-04-16 12:53,2,,2,VELDA DAIRY,,,,0,,,KERRY FOREST PKWY,,5,3,2,2,1,1,1,1,77,10,1,1,3,1,,,1,,,1,,,,,12254,,,,,,LEON CO SO,3,2019-05-01 14:27,EC2,0,,,,,,,,,,,,,,,,,,,,,,,,,,,,,,,,,,,,,,,,,,,,,,,,,,,,,,,,,,,,
89141025,2019,2019-05-12 03:10,2019-05-12 00:00,2019-00071270,L,1,2,0,13,50,LEON,TALLAHASSEE,2,2019-05-12 03:10,2019-05-12 03:10,2019-05-12 03:12,2019-05-12 03:27,2,,2,CONTINENTAL AVE,,30.455426,-84.317751,,,,OCALA RD,,5,3,2,2,4,1,1,1,,10,10,2,2,88,,,88,,,1,,,,,754,OFFICER,,,,,TALLAHASSEE POLICE DEPARTMENT,2,2019-05-14 14:41,EC2,0,,,,,,,,,,,,,,,,,,,,,,,,,,,,,,,,,,,,,,,,,,,,,,,,,,,,,,,,,,,,
89141429,2019,2019-05-30 17:05,2019-05-30 00:00,2019-00081494,L,1,2,0,13,50,LEON,TALLAHASSEE,2,2019-05-30 17:09,2019-05-30 17:09,2019-05-30 17:20,2019-05-30 17:45,2,,2,E CALL ST,,30.44358,-84.273255,,,,N FRANKLIN BLVD,,5,3,2,1,1,1,1,1,,10,1,1,2,1,,,1,,,1,,,,,563,OFC.,,,,,TALLAHASSEE POLICE DEPARTMENT,2,2019-05-31 14:26,EC2,0,,,,,,,,,,,,,,,,,,,,,,,,,,,,,,,,,,,,,,,,,,,,,,,,,,,,,,,,,,,,
89140269,2019,2019-04-16 12:22,2019-04-16 00:00,2019-00056545,L,1,2,0,13,50,LEON,TALLAHASSEE,2,2019-04-16 12:23,2019-04-16 12:24,2019-04-16 12:34,2019-04-16 13:10,2,,2,W TENNESSEE ST,412,30.444856,-84.285911,,,,,,9,3,1,1,1,1,1,1,,10,2,1,1,1,,,1,,,1,,,,,667,OFFICER,,,,,TALLAHASSEE POLICE DEPARTMENT,2,2019-05-02 14:29,EC2,0,,,,,,,,,,,,,,,,,,,,,,,,,,,,,,,,,,,,,,,,,,,,,,,,,,,,,,,,,,,,
89140962,2019,2019-05-09 07:49,2019-05-17 00:00,2019-00069874,U,1,2,0,13,50,LEON,TALLAHASSEE,2,2019-05-09 08:30,2019-05-09 08:30,2019-05-09 08:30,2019-05-09 07:49,2,,2,CALLOWAY ST,,30.458938,-84.305688,,,,INDIANA ST,,5,2,2,1,1,2,1,1,,10,1,1,2,1,,,1,,,1,,,,,347,OFFICER,,,,,TALLAHASSEE POLICE DEPARTMENT,2,2019-05-26 13:59,EC2,0,,,,,,,,,,,,,,,,,,,,,,,,,,,,,,,,,,,,,,,,,,,,,,,,,,,,,,,,,,,,
89143630,2019,2019-08-30 22:30,2019-08-30 00:00,2019-00131986,L,1,2,0,13,50,LEON,TALLAHASSEE,2,2019-08-30 22:30,2019-08-30 22:31,2019-08-30 22:32,2019-08-30 23:00,2,,2,W PENSACOLA ST,,30.441066,-84.327453,100,,E,MABRY ST,,5,3,1,2,4,2,1,1,,10,1,1,1,1,,,1,,,1,,,,,528,OFFICER,,,,,TALLAHASSEE POLICE DEPARTMENT,2,2019-09-07 14:00,EC2,0,,,,,,,,,,,,,,,,,,,,,,,,,,,,,,,,,,,,,,,,,,,,,,,,,,,,,,,,,,,,
89140117,2019,2019-04-11 17:15,2019-04-11 00:00,2019-00053911,L,1,2,0,13,50,LEON,TALLAHASSEE,2,2019-04-11 17:15,2019-04-11 17:15,2019-04-11 17:26,2019-04-11 17:51,2,,2,GEARHART RD,,30.481545,-84.347374,172,,E,BENT OAK RUN,,5,2,1,1,1,1,1,1,,10,10,1,1,1,,,1,,,1,,,,,308,OFC,,,,,TALLAHASSEE POLICE DEPARTMENT,2,2019-04-13 15:22,EC2,0,,,,,,,,,,,,,,,,,,,,,,,,,,,,,,,,,,,,,,,,,,,,,,,,,,,,,,,,,,,,
87845219,2019,2019-03-14 17:00,2019-03-14 00:00,2019-00039035,L,1,2,0,13,50,LEON,TALLAHASSEE,2,2019-03-14 17:05,2019-03-14 17:06,2019-03-14 17:08,2019-03-14 17:35,2,,2,TERMINAL LOOP RD,3300,30.395741,-84.345578,,,,,,8,1,1,2,1,1,1,1,,10,8,1,77,1,,,1,,,1,,,,,365,OFFICER,,,,,TALLAHASSEE POLICE DEPARTMENT,2,2019-04-24 14:28,EC2,0,,,,,,,,,,,,,,,,,,,,,,,,,,,,,,,,,,,,,,,,,,,,,,,,,,,,,,,,,,,,
87843810,2019,2019-01-22 23:20,2019-01-22 00:00,2019-00010882,L,1,0,0,13,50,LEON,TALLAHASSEE,2,2019-01-22 23:20,2019-01-22 23:20,2019-01-22 23:27,2019-01-22 02:00,2,,2,BLAIR STONE RD,,30.411264,-84.251503,146,,S,E ORANGE AVE,,5,3,1,2,4,1,1,1,,10,1,1,1,1,,,77,1,,1,,,,,608,PATROL,,,,,TALLAHASSEE POLICE DEPARTMENT,2,2019-01-23 14:44,EC2,0,,,,,,,,,,,,,,,,,,,,,,,,,,,,,,,,,,,,,,,,,,,,,,,,,,,,,,,,,,,,
89140701,2019,2019-04-30 16:00,2019-04-30 00:00,2019-00064544,L,1,2,0,13,50,LEON,TALLAHASSEE,2,2019-04-30 16:02,2019-04-30 16:02,2019-04-30 16:02,2019-04-30 16:50,2,,2,N MACOMB ST,,30.443682,-84.288421,,,,W CALL ST,,5,3,2,1,1,1,1,1,,10,1,1,2,1,,,1,,,1,,,,,526,OFFICER,,,,,TALLAHASSEE POLICE DEPARTMENT,2,2019-05-01 14:27,EC2,0,,,,,,,,,,,,,,,,,,,,,,,,,,,,,,,,,,,,,,,,,,,,,,,,,,,,,,,,,,,,
89142812,2019,2019-07-30 17:58,2019-07-30 00:00,2019-00114700,L,1,3,0,13,50,LEON,TALLAHASSEE,2,2019-07-30 17:59,2019-07-30 17:59,2019-07-30 18:01,2019-07-30 18:35,2,,2,W COLLEGE AVE,,30.440745,-84.288436,,,,S MACOMB ST,,5,3,2,2,1,1,1,1,,10,1,1,2,1,,,1,,,1,,,,,336,OFFICER,,,,,TALLAHASSEE POLICE DEPARTMENT,2,2019-08-01 14:23,EC2,0,,,,,,,,,,,,,,,,,,,,,,,,,,,,,,,,,,,,,,,,,,,,,,,,,,,,,,,,,,,,
89141058,2019,2019-05-14 08:50,2019-05-14 00:00,2019-00072309,L,1,1,0,13,50,LEON,TALLAHASSEE,2,2019-05-14 08:52,2019-05-14 08:54,2019-05-14 08:56,2019-05-14 09:10,1,HIT AND RUN,2,OLD BAINBRIDGE RD,,30.450682,-84.290222,26,,S,CENTRAL ST,,5,3,1,1,1,1,1,1,,10,1,1,1,1,,,1,,,1,,,,,781,OFFICER,,,,,TALLAHASSEE POLICE DEPARTMENT,2,2019-05-16 14:33,EC2,0,,,,,,,,,,,,,,,,,,,,,,,,,,,,,,,,,,,,,,,,,,,,,,,,,,,,,,,,,,,,
89144796,2019,2019-10-09 07:50,2019-10-09 00:00,2019-00154782,L,1,2,0,13,50,LEON,TALLAHASSEE,2,2019-10-09 07:50,2019-10-09 07:50,2019-10-09 07:53,2019-10-09 08:10,2,,2,WHITE DR,,30.441123,-84.326005,,,,W PENSACOLA ST,,5,3,2,1,1,1,1,1,,10,1,1,3,1,,,1,,,1,,,,,779,OFFICER,,,,,TALLAHASSEE POLICE DEPARTMENT,2,2019-10-10 14:34,EC2,0,,,,,,,,,,,,,,,,,,,,,,,,,,,,,,,,,,,,,,,,,,,,,,,,,,,,,,,,,,,,
88593036,2019,2019-10-04 09:30,2019-10-04 00:00,1910-0057,L,1,2,0,13,40,LEON,FLORIDA STATE UNIV.,2,2019-10-04 10:22,2019-10-04 10:24,2019-10-04 10:27,2019-10-04 10:27,2,,2,JEFFERSON ST,,,,,,,GRAY ST,,5,3,3,1,1,1,1,1,,10,1,1,3,1,,,1,,,1,,,,,407,OFFICER,,,,,FSU POLICE DEPARTMENT,2,2019-10-05 14:12,EC2,0,,,,,,,,,,,,,,,,,,,,,,,,,,,,,,,,,,,,,,,,,,,,,,,,,,,,,,,,,,,,
88109732,2019,2019-10-18 19:50,2019-10-18 20:54,FHPH19OFF014793,L,1,2,0,13,50,LEON,TALLAHASSEE,2,2019-10-18 20:01,2019-10-18 20:05,2019-10-18 20:25,2019-10-18 21:28,2,,2,US HIGHWAY 319 (STATE ROAD 263),,30.3758939600364,-84.2828969484678,,0.25,W,SHELFER ROAD,,2,3,1,1,4,3,2,1,77,10,1,1,1,11,,,3,,,1,,,,,4245,TROOPER,,,,,FLORIDA HIGHWAY PATROL,1,2019-10-23 14:44,EC2,0,,,,,,,,,,,,,,,,,,,,,,,,,,,,,,,,,,,,,,,,,,,,,,,,,,,,,,,,,,,,