report_number,crash_year,crash_date_time,report_date_time,investigating_agency_rep_num,form_type,total_number_of_vehicles,total_number_of_persons,total_number_of_narratives,county_code,city_code,county_name,city_name,rural_or_urban,notified_time,dispatched_time,arrived_time,cleared_time,completed_flag,reason_not_completed,notified_by,on_street_road_highway,street_address_number,latitude,longitude,feet_from_intersection,miles_from_intersection,direction_from_intersection,from_intersection_of,from_milepost_number,road_system_identifier,type_of_shoulder,type_of_intersection,photos_taken_flag,light_condition,weather_condition,road_surface_condition,school_bus_related_code,type_of_impact,first_harmful_event,harmful_event_location,interchange_flag,junction_flag,road_circumstances_1,road_circumstances_2,road_circumstances_3,environment_circumstances_1,environment_circumstances_2,environment_circumstances_3,work_zone_related_flag,location_within_zone,type_of_work_zone,workers_present,law_enforcement_present,investigator_id,investigator_rank,investigator_first_name,investigator_middle_name,investigator_last_name,investigator_suffix,investigating_agency_name,investigating_agency_type,load_dt90838674,,,,,,,,,,,,,,,,,,,,,,,,,,,,,,5,2,1,1,88,1,1,1,1,32,2,88,1,1,,,1,,,1,,,,,217,DEPUTY,,,EPLHASE,,LEON COUNTY,2,2011-03-08 15:54
89143343,2019,2019-08-22 03:25,2019-09-09 00:00,2019-00126863,U,1,1,0,13,50,LEON,TALLAHASSEE,2,2019-08-22 08:55,2019-08-22 08:57,2019-08-22 09:02,2019-08-22 10:00,1,HIT AND RUN FOLLOW-UP,2,E CALL ST,,30.443799,-84.25971,22,,W,OFFICE PLAZA DR,,5,1,1,1,88,2,1,1,,10,1,1,1,1,,,1,,,1,,,,,670,OFC,,,,,TALLAHASSEE POLICE DEPARTMENT,2,2019-09-12 14:21,EC2,0,,,,,,,,,,,,,,,,,,,,,,,,,,,,,,,,,,,,,,,,,,,,,,,,,,,,,,,,,,,,
89141933,2019,2019-06-20 18:50,2019-07-02 00:00,2019-00092900,U,2,4,0,13,50,LEON,TALLAHASSEE,2,2019-06-20 18:50,2019-06-20 18:50,2019-06-20 18:55,2019-06-20 19:50,2,,2,UNNAMED RD,,30.437998,-84.254364,,,,,,9,,1,1,1,1,1,1,,10,8,1,1,1,,,1,,,1,,,,,306,OFFICER,,,,,TALLAHASSEE POLICE DEPARTMENT,2,2019-07-04 14:24,EC2,0,,,,,,,,,,,,,,,,,,,,,,,,,,,,,,,,,,,,,,,,,,,,,,,,,,,,,,,,,,,,
89144735,2019,2019-10-06 20:13,2019-10-06 00:00,2019-00153586,L,1,2,0,13,50,LEON,TALLAHASSEE,2,2019-10-06 21:15,2019-10-06 21:17,2019-10-06 21:19,2019-10-06 22:08,2,,2,RIDGE RD,,30.397673,-84.284745,156,,W,STATE ST,,5,2,1,1,5,1,1,1,,10,1,1,1,1,,,1,,,1,,,,,765,OFC,,,,,TALLAHASSEE POLICE DEPARTMENT,2,2019-10-08 14:42,EC2,0,,,,,,,,,,,,,,,,,,,,,,,,,,,,,,,,,,,,,,,,,,,,,,,,,,,,,,,,,,,,
89143341,2019,2019-08-22 09:00,2019-08-22 00:00,2019-00126872,L,1,2,0,13,50,LEON,TALLAHASSEE,2,2019-08-22 09:09,2019-08-22 09:09,2019-08-22 09:14,2019-08-22 10:37,2,,2,W GAINES ST,325,30.435029,-84.283705,,,,,,9,3,1,1,1,1,1,1,,10,1,1,77,1,,,1,,,1,,,,,762,OFFICER,,,,,TALLAHASSEE POLICE DEPARTMENT,2,2019-08-23 14:26,EC2,0,,,,,,,,,,,,,,,,,,,,,,,,,,,,,,,,,,,,,,,,,,,,,,,,,,,,,,,,,,,,
89143342,2019,2019-08-22 08:14,2019-08-22 00:00,2019-00126846,L,1,2,0,13,50,LEON,TALLAHASSEE,2,2019-08-22 08:14,2019-08-22 08:16,2019-08-22 18:24,2019-08-22 08:58,2,,2,W CALL ST,1817,30.448447,-84.311932,270,,E,W TENNESSEE ST,,5,1,1,1,1,1,1,1,,10,8,1,1,1,,,1,,,1,,,,,632,OFC,,,,,TALLAHASSEE POLICE DEPARTMENT,2,2019-08-23 14:26,EC2,0,,,,,,,,,,,,,,,,,,,,,,,,,,,,,,,,,,,,,,,,,,,,,,,,,,,,,,,,,,,,
89145869,2019,2019-11-15 00:15,2019-11-15 00:00,2019-00175473,L,1,2,0,13,50,LEON,TALLAHASSEE,2,2019-11-15 00:15,2019-11-15 00:16,2019-11-15 00:23,2019-11-15 01:25,2,,2,S M L KING JR BLVD,,30.440798,-84.285684,,,,W COLLEGE AVE,,5,3,2,1,4,3,2,1,,10,1,1,3,10,,,1,,,1,,,,,544,OFC,,,,,TALLAHASSEE POLICE DEPARTMENT,2,2019-11-18 14:38,EC2,0,,,,,,,,,,,,,,,,,,,,,,,,,,,,,,,,,,,,,,,,,,,,,,,,,,,,,,,,,,,,
87843962,2019,2019-01-27 02:45,2019-01-27 00:00,2019-00013804,L,1,3,0,13,50,LEON,TALLAHASSEE,2,2019-01-27 02:45,2019-01-27 02:45,2019-01-27 02:45,2019-01-27 03:15,2,,2,PAUL RUSSELL RD,441,30.403648,-84.278152,,,,,,9,2,1,1,5,1,1,1,,10,2,1,1,1,,,77,,,1,,,,,752,OFFICER,,,,,TALLAHASSEE POLICE DEPARTMENT,2,2019-01-28 14:23,EC2,0,,,,,,,,,,,,,,,,,,,,,,,,,,,,,,,,,,,,,,,,,,,,,,,,,,,,,,,,,,,,
87843630,2019,2019-01-15 17:27,2019-01-15 00:00,2019-00007495,L,1,3,0,13,50,LEON,TALLAHASSEE,2,2019-01-15 17:27,2019-01-15 17:27,2019-01-15 17:27,2019-01-15 17:50,2,,2,N DUVAL ST,,30.461562,-84.28513,16,,N,W 10TH AVE,,5,3,2,1,1,1,1,1,,10,1,1,2,1,,,1,,,1,,,,,345,OFFICER,,,,,TALLAHASSEE POLICE DEPARTMENT,2,2019-01-17 14:20,EC2,0,,,,,,,,,,,,,,,,,,,,,,,,,,,,,,,,,,,,,,,,,,,,,,,,,,,,,,,,,,,,
89143194,2019,2019-08-15 09:07,2019-08-15 00:00,2019-00123093,L,1,2,0,13,50,LEON,TALLAHASSEE,2,2019-08-15 09:07,2019-08-15 09:09,2019-08-15 09:12,2019-08-15 09:45,2,,2,OCALA RD,,30.444616,-84.317275,232,,N,HONEYSUCKLE DR,,5,3,3,1,1,1,1,1,,10,1,1,2,1,,,1,,,1,,,,,701,OFFICER,,,,,TALLAHASSEE POLICE DEPARTMENT,2,2019-08-16 14:25,EC2,0,,,,,,,,,,,,,,,,,,,,,,,,,,,,,,,,,,,,,,,,,,,,,,,,,,,,,,,,,,,,
89140727,2019,2019-05-01 14:55,2019-06-12 00:00,2019-00065080,U,1,2,0,13,50,LEON,TALLAHASSEE,2,2019-05-01 14:55,2019-05-01 14:56,2019-05-01 14:59,2019-05-01 18:00,2,,2,CAPITAL CIR NW,,30.467917,-84.361372,316,,N,PEDDIE DR,,5,3,1,1,1,1,1,1,,10,1,1,18,1,,,1,,,1,,,,,636,OFFICER,,,,,TALLAHASSEE POLICE DEPARTMENT,2,2019-06-14 14:36,EC2,0,,,,,,,,,,,,,,,,,,,,,,,,,,,,,,,,,,,,,,,,,,,,,,,,,,,,,,,,,,,,
89139772,2019,2019-04-01 07:05,2019-04-01 00:00,2019-00048134,L,1,4,0,13,50,LEON,TALLAHASSEE,2,2019-04-01 07:05,2019-04-01 07:06,2019-04-01 07:09,2019-04-01 08:00,2,,2,PERKINS ST,,30.422255,-84.280553,,,,S MONROE ST,,5,3,3,2,4,2,2,1,,10,1,1,2,1,,,1,,,1,,,,,523,OFFICER,,,,,TALLAHASSEE POLICE DEPARTMENT,2,2019-04-11 15:16,EC2,0,,,,,,,,,,,,,,,,,,,,,,,,,,,,,,,,,,,,,,,,,,,,,,,,,,,,,,,,,,,,
87292185,2019,2019-03-13 20:56,2019-03-13 21:35,FHPH19OFF003687,L,1,3,0,13,0,LEON,UNINCORPORATED,1,2019-03-13 21:01,2019-03-13 21:05,2019-03-13 21:19,2019-03-13 22:17,2,,2,STATE ROAD 61 (CRAWFORDVILLE RD),,30.389350008553,-84.2859101296509,,,,SHELFER ROAD,,3,3,3,1,5,1,1,1,77,10,1,2,2,1,,,1,,,1,,,,,3470,TROOPER,,,,,FLORIDA HIGHWAY PATROL,1,2019-03-20 15:10,EC2,0,,,,,,,,,,,,,,,,,,,,,,,,,,,,,,,,,,,,,,,,,,,,,,,,,,,,,,,,,,,,
89145164,2019,2019-10-21 14:00,2019-10-30 00:00,2019-00161515,U,1,3,0,13,50,LEON,TALLAHASSEE,2,2019-10-21 14:00,2019-10-21 14:02,2019-10-21 14:06,2019-10-21 13:16,2,,2,SUTOR RD,,30.434388,-84.212401,97,,N,LONGSTREET DR,,5,3,1,2,1,2,1,1,,10,1,1,1,1,,,1,,,1,,,,,557,OFFICER,,,,,TALLAHASSEE POLICE DEPARTMENT,2,2019-11-02 14:13,EC2,0,,,,,,,,,,,,,,,,,,,,,,,,,,,,,,,,,,,,,,,,,,,,,,,,,,,,,,,,,,,,
89143672,2019,2019-09-01 14:23,2019-09-01 00:00,2019-00132829,L,1,2,0,13,50,LEON,TALLAHASSEE,2,2019-09-01 14:37,2019-09-01 14:39,2019-09-01 15:03,2019-09-01 15:20,2,,2,CRABAPPLE DR,,30.442142,-84.317016,,,,N OCALA RD,,5,1,3,1,1,1,1,1,,10,1,1,2,1,,,1,,,1,,,,,629,PATROL,,,,,TALLAHASSEE POLICE DEPARTMENT,2,2019-09-06 14:28,EC2,0,,,,,,,,,,,,,,,,,,,,,,,,,,,,,,,,,,,,,,,,,,,,,,,,,,,,,,,,,,,,
89144464,2019,2019-09-29 16:24,2019-09-29 00:00,2019-00149181,L,1,2,0,13,50,LEON,TALLAHASSEE,2,2019-09-29 16:24,2019-09-29 16:25,2019-09-29 16:30,2019-09-29 17:00,2,,2,W TENNESSEE ST,,30.444701,-84.285622,,,,N M L KING JR BLVD,,2,3,2,1,1,1,1,1,,10,1,1,2,1,,,1,,,1,,,,,530,OFFICER,,,,,TALLAHASSEE POLICE DEPARTMENT,2,2019-09-30 13:58,EC2,0,,,,,,,,,,,,,,,,,,,,,,,,,,,,,,,,,,,,,,,,,,,,,,,,,,,,,,,,,,,,
89143732,2019,2019-09-02 20:30,2019-09-03 00:00,2019-00134008,L,1,2,0,13,50,LEON,TALLAHASSEE,2,2019-09-02 19:47,2019-09-02 19:50,2019-09-02 20:00,2019-09-02 21:00,2,,2,WHITEHALL ST,,30.447533,-84.308626,,,,W CALL ST,,5,3,2,1,4,1,1,1,,10,1,1,3,1,,,1,,,1,,,,,333,PATROL OFFICER,,,,,TALLAHASSEE POLICE DEPARTMENT,2,2019-09-05 14:24,EC2,0,,,,,,,,,,,,,,,,,,,,,,,,,,,,,,,,,,,,,,,,,,,,,,,,,,,,,,,,,,,,
89140181,2019,2019-04-13 13:50,2019-04-13 00:00,2019-00054948,L,1,3,0,13,50,LEON,TALLAHASSEE,2,2019-04-13 13:50,2019-04-13 13:51,2019-04-13 13:56,2019-04-13 15:00,2,,2,OLD BAINBRIDGE RD,,30.450818,-84.290279,,,,CENTRAL ST,,5,3,3,1,1,1,1,1,,10,1,1,2,1,,,1,,,1,,,,,307,OFFICER,,,,,TALLAHASSEE POLICE DEPARTMENT,2,2019-04-15 13:54,EC2,0,,,,,,,,,,,,,,,,,,,,,,,,,,,,,,,,,,,,,,,,,,,,,,,,,,,,,,,,,,,,
89145728,2019,2019-11-10 15:44,2019-11-10 00:00,2019-00173033,L,1,2,0,13,50,LEON,TALLAHASSEE,2,2019-11-10 15:44,2019-11-10 15:47,2019-11-10 15:50,2019-11-10 16:15,2,,2,POPE ST,,30.446423,-84.295886,56,,N,W VIRGINIA ST,,5,3,1,1,1,1,1,1,,10,1,1,1,1,,,1,,,1,,,,,781,OFFICER,,,,,TALLAHASSEE POLICE DEPARTMENT,2,2019-11-18 14:38,EC2,0,,,,,,,,,,,,,,,,,,,,,,,,,,,,,,,,,,,,,,,,,,,,,,,,,,,,,,,,,,,,
87505233,2019,2019-03-23 12:28,2019-04-01 12:09,190043719,U,1,2,0,13,50,LEON,Tallahassee,2,2019-03-23 12:32,2019-03-23 12:33,2019-03-23 12:34,2019-03-23 13:09,2,,2,N MONROE ST,3090,30.484189,-84.31431,0,,,,,5,3,1,2,1,1,1,1,77,10,2,1,1,1,,,1,,,1,,,,,12203,,,,,,LEON CO SO,3,2019-04-02 14:06,EC2,0,,,,,,,,,,,,,,,,,,,,,,,,,,,,,,,,,,,,,,,,,,,,,,,,,,,,,,,,,,,,
89145845,2019,2019-11-14 14:55,2019-11-14 00:00,2019-00175177,L,1,2,0,13,50,LEON,TALLAHASSEE,2,2019-11-14 14:57,2019-11-14 14:58,2019-11-14 15:05,2019-11-14 16:15,2,,2,STADIUM DR,,30.444819,-84.306482,580,,S,W CALL ST,,5,3,1,1,1,2,1,1,,10,1,1,1,1,,,1,,,1,,,,,595,OFFICER,,,,,TALLAHASSEE POLICE DEPARTMENT,2,2019-11-19 14:34,EC2,0,,,,,,,,,,,,,,,,,,,,,,,,,,,,,,,,,,,,,,,,,,,,,,,,,,,,,,,,,,,,
89143053,2019,2019-08-09 20:55,2019-08-09 00:00,2019-00120275,L,1,2,0,13,50,LEON,TALLAHASSEE,2,2019-08-09 20:55,2019-08-09 20:58,2019-08-09 21:00,2019-08-09 21:35,2,,2,W TENNESSEE ST,,30.449181,-84.30665,,,,BASIN ST,,5,3,2,1,4,1,1,1,,10,1,1,3,1,,,1,,,1,,,,,544,OFC,,,,,TALLAHASSEE POLICE DEPARTMENT,2,2019-08-11 13:56,EC2,0,,,,,,,,,,,,,,,,,,,,,,,,,,,,,,,,,,,,,,,,,,,,,,,,,,,,,,,,,,,,
89145317,2019,2019-10-27 02:00,2019-11-13 00:00,2019-00164932,U,1,2,0,13,50,LEON,TALLAHASSEE,2,2019-10-27 07:00,2019-10-27 07:00,2019-10-27 07:00,2019-10-27 08:30,2,,2,THOMASVILLE RD,1122,30.453806,-84.278762,,,,,,9,2,1,2,4,3,2,1,,10,8,1,1,1,,,1,,,1,,,,,670,OFC,,,,,TALLAHASSEE POLICE DEPARTMENT,2,2019-11-18 14:37,EC2,0,,,,,,,,,,,,,,,,,,,,,,,,,,,,,,,,,,,,,,,,,,,,,,,,,,,,,,,,,,,,
87845072,2019,2019-03-08 21:35,2019-03-08 00:00,2019-00035806,L,1,2,0,13,50,LEON,TALLAHASSEE,2,2019-03-08 21:37,2019-03-08 21:40,2019-03-08 21:52,2019-03-08 22:59,2,,2,HENDRIX RD,,30.42724,-84.236426,,,,APALACHEE PKWY,,5,3,2,1,4,1,1,1,,10,2,1,3,1,,,1,,,1,,,,,568,OFFICER,,,,,TALLAHASSEE POLICE DEPARTMENT,2,2019-03-11 13:59,EC2,0,,,,,,,,,,,,,,,,,,,,,,,,,,,,,,,,,,,,,,,,,,,,,,,,,,,,,,,,,,,,
89298003,2019,2019-09-14 12:36,2019-09-15 00:00,190147662,L,1,2,0,13,0,LEON,UNINCORPORATED,1,2019-09-14 12:36,2019-09-14 12:37,2019-09-14 12:41,2019-09-14 13:45,2,,2,CAPITAL CIR NW,1594,30.47203,-84.362295,,,,,,5,3,1,2,1,1,1,1,,10,1,1,77,1,,,1,,,1,,,,,317,DEPUTY,,,,,LEON COUNTY SHERIFFS OFFICE,3,2019-09-16 14:00,EC2,0,,,,,,,,,,,,,,,,,,,,,,,,,,,,,,,,,,,,,,,,,,,,,,,,,,,,,,,,,,,,
89144758,2019,2019-10-07 13:15,2019-10-07 00:00,2019-00153876,L,1,2,0,13,50,LEON,TALLAHASSEE,2,2019-10-07 13:15,2019-10-07 13:17,2019-10-07 13:35,2019-10-07 15:00,2,,2,APALACHEE PKWY,,30.426986,-84.231556,116,,E,THE PALMS OF APALACHEE,,2,3,1,1,1,2,1,1,,10,1,1,4,1,,,1,,,1,,,,,558,OFC,,,,,TALLAHASSEE POLICE DEPARTMENT,2,2019-10-08 14:42,EC2,0,,,,,,,,,,,,,,,,,,,,,,,,,,,,,,,,,,,,,,,,,,,,,,,,,,,,,,,,,,,,
89144389,2019,2019-09-26 15:30,2019-10-16 00:00,2019-00147438,U,1,2,0,13,50,LEON,TALLAHASSEE,2,2019-09-26 19:30,2019-09-26 19:30,2019-09-26 19:40,2019-09-26 20:30,2,,2,W THARPE ST,2400,30.466455,-84.329623,,,,,,9,1,1,2,1,1,1,1,,10,8,1,1,1,,,1,,,1,,,,,306,OFFICER,,,,,TALLAHASSEE POLICE DEPARTMENT,2,2019-10-20 13:56,EC2,0,,,,,,,,,,,,,,,,,,,,,,,,,,,,,,,,,,,,,,,,,,,,,,,,,,,,,,,,,,,,
87844234,2019,2019-02-06 16:48,2019-02-06 00:00,2019-00019050,L,1,4,0,13,50,LEON,TALLAHASSEE,2,2019-02-06 16:48,2019-02-06 16:49,2019-02-06 16:52,2019-02-06 17:45,2,,2,ROBERTS AVE,,30.429144,-84.334268,,,,SOUPE,,5,1,3,1,1,1,1,1,,10,1,1,2,1,,,1,,,1,,,,,529,OFFICER,,,,,TALLAHASSEE POLICE DEPARTMENT,2,2019-02-13 14:47,EC2,0,,,,,,,,,,,,,,,,,,,,,,,,,,,,,,,,,,,,,,,,,,,,,,,,,,,,,,,,,,,,
87843848,2019,2019-01-23 10:36,2019-01-23 00:00,2019-00011639,L,1,2,0,13,50,LEON,TALLAHASSEE,2,2019-01-23 10:36,2019-01-23 10:36,2019-01-23 10:37,2019-01-23 11:15,2,,2,STADIUM DR,,30.436695,-84.306241,238,,W,HENDRY ST,,5,3,1,1,1,1,1,1,,10,1,1,1,1,,,1,,,1,,,,,303,OFFICER,,,,,TALLAHASSEE POLICE DEPARTMENT,2,2019-01-24 14:39,EC2,1,,,,,,,,,,,,,,,,,,,,,,,,,,,,,,,,,,,,,,,,,,,,,,,,,,,,,,,,,,,,
89142989,2019,2019-08-06 15:50,2019-08-21 00:00,2019-00118350,U,1,2,0,13,50,LEON,TALLAHASSEE,2,2019-08-06 15:50,2019-08-06 15:50,2019-08-06 15:59,2019-08-06 15:59,1,HIT AND RUN,2,HALIFAX CT,,30.457509,-84.250567,109,,S,JEAN AVE,,5,3,1,1,1,1,1,1,,10,1,1,1,1,,,1,,,1,,,,,670,OFC,,,,,TALLAHASSEE POLICE DEPARTMENT,2,2019-09-06 14:28,EC2,0,,,,,,,,,,,,,,,,,,,,,,,,,,,,,,,,,,,,,,,,,,,,,,,,,,,,,,,,,,,,
87843469,2019,2019-01-08 23:00,2019-01-08 00:00,19000882,L,1,2,0,13,50,LEON,TALLAHASSEE,2,2019-01-08 23:00,2019-01-08 23:01,2019-01-08 23:04,2019-01-08 23:37,2,,2,BRONOUGH ST S,,,,,,,TENN ST W,,5,1,2,1,4,1,1,1,,10,1,1,2,1,,,1,,,1,,,,,651,OFFICER,,,,,TALLAHASSEE POLICE DEPARTMENT,2,2019-01-10 14:21,EC2,0,,,,,,,,,,,,,,,,,,,,,,,,,,,,,,,,,,,,,,,,,,,,,,,,,,,,,,,,,,,,
88027235,2019,2019-10-10 07:33,2019-10-15 14:20,FHPH19OFF014654,L,1,1,0,13,0,LEON,UNINCORPORATED,1,2019-10-15 14:20,2019-10-15 14:21,2019-10-15 14:21,2019-10-15 14:45,2,,2,PRIVATE DRIVEWAY FOR 3434 N MONROE STREET,,30.4924340141893,-84.3242681578868,15,,W,STATE ROAD 63 (N MONROE STREET,,8,2,3,1,1,1,1,1,77,10,3,1,3,1,,,1,,,1,,,,,728,TROOPER,,,,,FLORIDA HIGHWAY PATROL,1,2019-10-24 14:24,EC2,0,,,,,,,,,,,,,,,,,,,,,,,,,,,,,,,,,,,,,,,,,,,,,,,,,,,,,,,,,,,,
89142432,2019,2019-07-12 21:00,2019-07-12 00:00,2019-00105338,L,1,2,0,13,50,LEON,TALLAHASSEE,2,2019-07-12 21:19,2019-07-12 21:20,2019-07-12 21:29,2019-07-12 21:51,2,,2,N BLAIRSTONE RD,101,30.44275,-84.248606,,,,,,9,1,1,1,4,2,2,1,,10,8,1,1,1,,,1,,,1,,,,,568,OFFICER,,,,,TALLAHASSEE POLICE DEPARTMENT,2,2019-07-14 13:47,EC2,0,,,,,,,,,,,,,,,,,,,,,,,,,,,,,,,,,,,,,,,,,,,,,,,,,,,,,,,,,,,,
89298632,2019,2019-12-28 21:52,2019-12-28 00:00,190204581,L,1,2,0,13,0,LEON,UNINCORPORATED,1,2019-12-28 21:53,2019-12-28 22:02,2019-12-28 22:07,2019-12-28 22:44,1,COULD NOT IDENTIFY DRIVER OF VEHICLE 1.,2,N MONROE ST,3221,30.488388,-84.317615,,,,,,9,1,1,2,4,1,1,1,,10,8,1,1,1,,,1,,,1,,,,,400,DEPUTY,,,,,LEON COUNTY SHERIFFS OFFICE,3,2019-12-31 14:26,EC2,0,,,,,,,,,,,,,,,,,,,,,,,,,,,,,,,,,,,,,,,,,,,,,,,,,,,,,,,,,,,,
89140496,2019,2019-04-24 01:09,2019-04-29 00:00,2019-00060763,U,1,2,0,13,50,LEON,TALLAHASSEE,2,2019-04-24 01:09,2019-04-24 01:11,2019-04-24 01:12,2019-04-24 01:31,2,,2,W PENSACOLA ST,,30.441357,-84.333477,,,,CACTUS ST,,5,1,2,2,5,1,1,1,,10,1,1,3,1,,,1,,,1,,,,,579,OFC,,,,,TALLAHASSEE POLICE DEPARTMENT,2,2019-05-03 14:29,EC2,0,,,,,,,,,,,,,,,,,,,,,,,,,,,,,,,,,,,,,,,,,,,,,,,,,,,,,,,,,,,,
89142979,2019,2019-08-06 15:11,2019-08-06 00:00,2019-00118333,L,1,2,0,13,50,LEON,TALLAHASSEE,2,2019-08-06 15:15,2019-08-06 15:16,2019-08-06 15:18,2019-08-06 16:00,2,,2,N DUVAL ST,,30.461584,-84.285146,,,,W 10TH AVE,,5,3,2,2,1,3,2,1,,10,1,2,3,1,,,1,,,1,,,,,595,OFFICER,,,,,TALLAHASSEE POLICE DEPARTMENT,2,2019-08-07 14:35,EC2,0,,,,,,,,,,,,,,,,,,,,,,,,,,,,,,,,,,,,,,,,,,,,,,,,,,,,,,,,,,,,
88135076,2019,2019-11-11 05:00,2019-11-11 06:10,FHPH19OFF015986,L,1,2,0,13,0,LEON,UNINCORPORATED,1,2019-11-11 05:26,2019-11-11 05:29,2019-11-11 05:48,2019-11-11 07:01,2,,2,STATE ROAD 263 (CAPITAL CIRCLE NW),,30.50276,-84.36173,200,,N,DEER RUNN DR,,3,2,1,1,5,1,1,1,77,10,1,1,1,1,,,1,,,1,,,,,4154,TROOPER,,,,,FLORIDA HIGHWAY PATROL,1,2019-11-23 14:21,EC2,0,,,,,,,,,,,,,,,,,,,,,,,,,,,,,,,,,,,,,,,,,,,,,,,,,,,,,,,,,,,,
89143728,2019,2019-09-03 16:28,2019-09-03 00:00,2019-00133912,L,1,2,0,13,50,LEON,TALLAHASSEE,2,2019-09-03 16:29,2019-09-03 16:29,2019-09-03 16:29,2019-09-03 17:15,2,,2,S MAGNOLIA DR,,30.439882,-84.261707,,,,GOVERNORS SQUARE BLVD,,5,3,2,1,1,1,1,1,,10,1,1,2,1,,,1,,,1,,,,,797,INV.,,,,,TALLAHASSEE POLICE DEPARTMENT,2,2019-09-04 14:23,EC2,0,,,,,,,,,,,,,,,,,,,,,,,,,,,,,,,,,,,,,,,,,,,,,,,,,,,,,,,,,,,,
87505062,2019,2019-02-13 12:39,2019-02-15 00:09,190022679,L,1,2,0,13,0,LEON,Unincorporated - Leon County,1,2019-02-13 12:40,2019-02-13 12:41,2019-02-13 12:46,2019-02-13 18:02,1,THI,2,BLOUNTSTOWN HWY,,,,600,,W,CAMPGROUND POND RD,,3,2,3,2,1,1,1,1,77,10,1,1,1,1,,,1,,,1,,,,,11738,,,,,,LEON CO SO,3,2019-02-16 14:23,EC2,0,,,,,,,,,,,,,,,,,,,,,,,,,,,,,,,,,,,,,,,,,,,,,,,,,,,,,,,,,,,,
89145363,2019,2019-10-28 19:40,2019-11-22 00:00,2019-00165682,U,1,2,0,13,50,LEON,TALLAHASSEE,2,2019-10-28 19:41,2019-10-28 19:43,2019-10-28 19:46,2019-10-28 22:40,1,HIT AND RUN. THI CALLOUT,2,W THARPE ST,,30.465387,-84.342278,161,,E,GRIMES LN,,2,1,3,2,4,1,1,1,,10,1,1,88,1,,,1,,,1,,,,,636,OFFICER,,,,,TALLAHASSEE POLICE DEPARTMENT,2,2019-11-27 14:33,EC2,0,,,,,,,,,,,,,,,,,,,,,,,,,,,,,,,,,,,,,,,,,,,,,,,,,,,,,,,,,,,,
89145194,2019,2019-10-22 18:30,2019-10-22 00:00,2019-00162186,L,1,3,0,13,50,LEON,TALLAHASSEE,2,2019-10-22 18:30,2019-10-22 18:31,2019-10-22 18:34,2019-10-22 19:00,2,,2,N MACOMB ST,,30.44482,-84.288575,,,,W TENNESSEE ST,,2,3,2,1,1,1,1,1,,10,1,1,2,1,,,1,,,1,,,,,534,OFFICER,,,,,TALLAHASSEE POLICE DEPARTMENT,2,2019-10-24 14:24,EC2,0,,,,,,,,,,,,,,,,,,,,,,,,,,,,,,,,,,,,,,,,,,,,,,,,,,,,,,,,,,,,
89146217,2019,2019-11-29 07:07,2019-11-29 00:00,2019-00182688,L,1,2,0,13,50,LEON,TALLAHASSEE,2,2019-11-29 07:07,2019-11-29 07:07,2019-11-29 07:11,2019-11-29 08:00,2,,2,APPLEYARD DR,,30.453004,-84.33773,,,,W TENNESSEE ST,,2,3,2,1,1,1,1,1,,10,1,1,2,1,,,1,,,1,,,,,307,OFFICER,,,,,TALLAHASSEE POLICE DEPARTMENT,2,2019-12-02 14:07,EC2,0,,,,,,,,,,,,,,,,,,,,,,,,,,,,,,,,,,,,,,,,,,,,,,,,,,,,,,,,,,,,
89143155,2019,2019-08-13 20:30,2019-08-13 00:00,2019-00122243,L,1,2,0,13,50,LEON,TALLAHASSEE,2,2019-08-13 20:31,2019-08-13 20:31,2019-08-13 20:40,2019-08-13 21:15,2,,2,APALACHEE PKWY,1147,30.436822,-84.265302,,,,,,8,2,77,1,5,3,2,1,,10,2,1,77,1,,,1,,,1,,,,,662,OFFICER,,,,,TALLAHASSEE POLICE DEPARTMENT,2,2019-08-16 14:25,EC2,0,,,,,,,,,,,,,,,,,,,,,,,,,,,,,,,,,,,,,,,,,,,,,,,,,,,,,,,,,,,,
88593041,2019,2019-10-04 20:21,2019-10-05 00:00,1910-0075,L,1,2,0,13,40,LEON,FLORIDA STATE UNIV.,2,2019-10-04 21:21,2019-10-04 21:21,2019-10-04 21:25,2019-10-04 21:45,1,HIT AND RUN,2,ACADEMIC WAY AND DEWEY STREET,,,,,,S,ACADEMIC WAY AND DEWEY STREET,,5,1,3,1,4,1,1,1,,10,1,1,2,1,,,1,,,1,,,,,418,OFFICER,,,,,FSU POLICE DEPARTMENT,2,2019-10-15 14:38,EC2,0,,,,,,,,,,,,,,,,,,,,,,,,,,,,,,,,,,,,,,,,,,,,,,,,,,,,,,,,,,,,