report_number,crash_year,crash_date_time,report_date_time,investigating_agency_rep_num,form_type,total_number_of_vehicles,total_number_of_persons,total_number_of_narratives,county_code,city_code,county_name,city_name,rural_or_urban,notified_time,dispatched_time,arrived_time,cleared_time,completed_flag,reason_not_completed,notified_by,on_street_road_highway,street_address_number,latitude,longitude,feet_from_intersection,miles_from_intersection,direction_from_intersection,from_intersection_of,from_milepost_number,road_system_identifier,type_of_shoulder,type_of_intersection,photos_taken_flag,light_condition,weather_condition,road_surface_condition,school_bus_related_code,type_of_impact,first_harmful_event,harmful_event_location,interchange_flag,junction_flag,road_circumstances_1,road_circumstances_2,road_circumstances_3,environment_circumstances_1,environment_circumstances_2,environment_circumstances_3,work_zone_related_flag,location_within_zone,type_of_work_zone,workers_present,law_enforcement_present,investigator_id,investigator_rank,investigator_first_name,investigator_middle_name,investigator_last_name,investigator_suffix,investigating_agency_name,investigating_agency_type,load_dt90838674,,,,,,,,,,,,,,,,,,,,,,,,,,,,,,5,2,1,1,88,1,1,1,1,32,2,88,1,1,,,1,,,1,,,,,217,DEPUTY,,,EPLHASE,,LEON COUNTY,2,2011-03-08 15:54
89146939,2019,2019-12-29 23:28,2020-01-15 00:00,2019-00198841,U,1,3,0,13,50,LEON,TALLAHASSEE,2,2019-12-29 23:28,2019-12-29 23:28,2019-12-29 23:30,2019-12-29 02:48,1,THI,2,W TENNESSEE ST,,30.448968,-84.309941,35,,W,CALIARK ST,,5,3,1,2,4,3,2,1,,10,1,1,1,1,,,1,,,1,,,,,549,INV,,,,,TALLAHASSEE POLICE DEPARTMENT,2,2020-03-20 14:15,EC2,0,,,,,,,,,,,,,,,,,,,,,,,,,,,,,,,,,,,,,,,,,,,,,,,,,,,,,,,,,,,,
87845290,2019,2019-03-17 04:20,2019-03-17 00:00,2019-00040452,L,2,2,0,13,50,LEON,TALLAHASSEE,2,2019-03-17 04:20,2019-03-17 04:20,2019-03-17 04:25,2019-03-17 05:00,2,,2,LAKE BRADFORD RD,,30.426751,-84.302128,88,,N,STUCKEY AVE,,5,3,2,2,4,2,1,1,,10,1,1,3,1,,,1,,,1,,,,,219,SGT.,,,,,TALLAHASSEE POLICE DEPARTMENT,2,2019-03-19 14:10,EC2,0,,,,,,,,,,,,,,,,,,,,,,,,,,,,,,,,,,,,,,,,,,,,,,,,,,,,,,,,,,,,
89144230,2019,2019-09-21 23:44,2019-09-21 00:00,2019-00144141,L,1,3,0,13,50,LEON,TALLAHASSEE,2,2019-09-21 23:44,2019-09-21 23:44,2019-09-21 23:44,2019-09-21 00:41,2,,2,LAKE AVE,,30.424541,-84.307475,323,,W,HIGHLAND ST,,5,1,1,2,5,1,1,1,,10,1,1,1,77,,,77,,,1,,,,,313,LEO,,,,,TALLAHASSEE POLICE DEPARTMENT,2,2019-09-22 13:52,EC2,0,,,,,,,,,,,,,,,,,,,,,,,,,,,,,,,,,,,,,,,,,,,,,,,,,,,,,,,,,,,,
89297956,2019,2019-09-05 20:46,2019-11-13 00:00,190142297,U,1,3,0,13,0,LEON,UNINCORPORATED,1,2019-09-05 20:47,2019-09-05 20:47,2019-09-05 20:50,2019-09-05 23:45,2,,2,OLD BAINBRIDGE RD,,30.504525,-84.343085,50,,N,WESTBURY DR,,4,1,1,2,4,1,1,1,,10,88,1,1,88,,,88,,,1,,,,,12054,DEPUTY,,,,,LEON COUNTY SHERIFFS OFFICE,3,2019-11-20 14:45,EC2,0,,,,,,,,,,,,,,,,,,,,,,,,,,,,,,,,,,,,,,,,,,,,,,,,,,,,,,,,,,,,
89145839,2019,2019-11-14 12:23,2019-11-14 00:00,2019-00175079,L,1,2,0,13,50,LEON,TALLAHASSEE,2,2019-11-14 12:25,2019-11-14 12:27,2019-11-14 12:39,2019-11-14 13:10,2,,2,E PARK AVE,,30.441825,-84.281925,,,,S ADAMS ST,,5,3,2,1,1,2,1,1,,10,1,2,2,1,,,1,,,1,,,,,595,OFFICER,,,,,TALLAHASSEE POLICE DEPARTMENT,2,2019-11-15 14:27,EC2,0,,,,,,,,,,,,,,,,,,,,,,,,,,,,,,,,,,,,,,,,,,,,,,,,,,,,,,,,,,,,
87844158,2019,2019-02-03 13:05,2019-02-03 00:00,2019-00017488,L,1,2,0,13,50,LEON,TALLAHASSEE,2,2019-02-03 13:35,2019-02-03 14:07,2019-02-03 14:21,2019-02-03 14:54,2,,2,APALACHEE PKWY,3535,30.426352,-84.214525,,,,,,9,3,1,1,1,2,1,1,,10,8,1,1,1,,,1,,,1,,,,,518,OFFICER,,,,,TALLAHASSEE POLICE DEPARTMENT,2,2019-02-04 13:55,EC2,0,,,,,,,,,,,,,,,,,,,,,,,,,,,,,,,,,,,,,,,,,,,,,,,,,,,,,,,,,,,,
89144288,2019,2019-09-23 12:30,2019-09-23 00:00,2019-00145396,L,1,2,0,13,50,LEON,TALLAHASSEE,2,2019-09-23 12:30,2019-09-23 12:30,2019-09-23 12:32,2019-09-23 13:30,2,,2,S ADAMS ST,,30.422536,-84.281904,55,,S,YOUNG ST,,5,1,1,1,1,1,1,1,,10,1,1,77,1,,,1,,,1,,,,,626,OFFICER,,,,,TALLAHASSEE POLICE DEPARTMENT,2,2019-09-24 14:28,EC2,0,,,,,,,,,,,,,,,,,,,,,,,,,,,,,,,,,,,,,,,,,,,,,,,,,,,,,,,,,,,,
89144289,2019,2019-09-23 12:30,2019-09-23 00:00,2019-00145398,L,1,2,0,13,50,LEON,TALLAHASSEE,2,2019-09-23 12:33,2019-09-23 12:34,2019-09-23 12:42,2019-09-23 14:00,2,,2,VILLAGE SQUARE BLVD,1380,30.511108,-84.249955,,,,,,9,3,1,1,1,1,1,1,,10,8,1,1,1,,,1,,,1,,,,,699,OFC,,,,,TALLAHASSEE POLICE DEPARTMENT,2,2019-09-24 14:28,EC2,0,,,,,,,,,,,,,,,,,,,,,,,,,,,,,,,,,,,,,,,,,,,,,,,,,,,,,,,,,,,,
89143855,2019,2019-09-07 18:02,2019-09-07 00:00,2019-00135936,L,1,3,0,13,50,LEON,TALLAHASSEE,2,2019-09-07 18:02,2019-09-07 18:04,2019-09-07 18:08,2019-09-07 18:14,2,,2,W VIRGINIA ST,,30.44576,-84.293962,,,,N DEWEY ST,,5,3,2,1,2,1,1,1,,10,1,1,2,1,,,1,,,1,,,,,654,OFC,,,,,TALLAHASSEE POLICE DEPARTMENT,2,2019-09-10 14:30,EC2,0,,,,,,,,,,,,,,,,,,,,,,,,,,,,,,,,,,,,,,,,,,,,,,,,,,,,,,,,,,,,
89146207,2019,2019-11-27 20:51,2020-01-13 00:00,2019-00182061,U,1,3,0,13,50,LEON,TALLAHASSEE,2,2019-11-27 20:51,2019-11-27 20:52,2019-11-27 20:56,2019-11-27 23:29,2,,2,W TENNESSEE ST,,30.459511,-84.356645,2656,,E,CAPITAL CIR NW,,5,3,2,2,5,1,1,1,,10,1,1,3,1,,,1,,,1,,,,,670,OFC,,,,,TALLAHASSEE POLICE DEPARTMENT,2,2020-01-29 14:37,EC2,0,,,,,,,,,,,,,,,,,,,,,,,,,,,,,,,,,,,,,,,,,,,,,,,,,,,,,,,,,,,,
88592893,2019,2019-04-11 18:45,2019-04-11 00:00,1904-0145,L,1,2,0,13,40,LEON,FLORIDA STATE UNIV.,2,2019-04-11 19:01,2019-04-11 19:04,2019-04-11 19:10,2019-04-11 19:36,2,,2,W. PENSACOLA ST,,,,,,,LORENE ST,,5,3,2,2,1,1,1,1,,10,1,1,2,1,,,4,1,,1,,,,,455,OFFICER,,,,,FSU POLICE DEPARTMENT,2,2019-04-18 14:38,EC2,0,,,,,,,,,,,,,,,,,,,,,,,,,,,,,,,,,,,,,,,,,,,,,,,,,,,,,,,,,,,,
89140782,2019,2019-05-02 21:43,2019-05-02 00:00,2019-00065984,L,1,2,0,13,50,LEON,TALLAHASSEE,2,2019-05-02 21:43,2019-05-02 21:46,2019-05-02 21:48,2019-05-02 22:30,2,,2,CHAPEL DR,,30.447148,-84.310312,314,,S,W CALL ST,,5,3,1,2,4,2,1,1,,10,1,1,1,1,,,1,,,1,,,,,377,OFC,,,,,TALLAHASSEE POLICE DEPARTMENT,2,2019-05-06 14:03,EC2,0,,,,,,,,,,,,,,,,,,,,,,,,,,,,,,,,,,,,,,,,,,,,,,,,,,,,,,,,,,,,
89144896,2019,2019-10-12 01:11,2019-10-12 00:00,2019-00156418,L,2,7,0,13,50,LEON,TALLAHASSEE,2,2019-10-12 01:12,2019-10-12 01:13,2019-10-12 01:19,2019-10-12 01:40,2,,2,W BREVARD ST,1312,30.448906,-84.303552,,,,,,9,3,1,1,4,1,1,1,,10,2,1,77,1,,,1,,,1,,,,,726,OFFICER,,,,,TALLAHASSEE POLICE DEPARTMENT,2,2019-10-17 14:35,EC2,0,,,,,,,,,,,,,,,,,,,,,,,,,,,,,,,,,,,,,,,,,,,,,,,,,,,,,,,,,,,,
89143893,2019,2019-09-05 07:59,2019-09-09 00:00,2019-00137376,S,1,2,0,13,50,LEON,TALLAHASSEE,2,2019-09-05 11:51,2019-09-05 11:54,2019-09-05 12:08,2019-09-05 12:52,2,,2,N MERIDIAN RD,3000,30.487129,-84.2803,,,,,,9,,1,1,1,77,88,1,,10,88,1,77,88,,,4,88,,1,,,,,36790,INVESTIGATOR,,,,,TALLAHASSEE POLICE DEPARTMENT,2,2019-09-10 14:30,EC2,1,,,,,,,,,,,,,,,,,,,,,,,,,,,,,,,,,,,,,,,,,,,,,,,,,,,,,,,,,,,,
87505010,2019,2019-01-31 15:40,2019-02-01 00:47,190015342,L,1,2,0,13,0,LEON,Unincorporated - Leon County,1,2019-01-31 17:56,2019-01-31 18:00,2019-01-31 18:08,2019-01-31 19:41,2,,2,BUCK LAKE RD,7056,,,0,,,,,4,2,1,1,1,1,1,1,77,10,9,1,4,1,,,1,,,1,,,,,11509,,,,,,LEON CO SO,3,2019-02-02 14:15,EC2,1,,,,,,,,,,,,,,,,,,,,,,,,,,,,,,,,,,,,,,,,,,,,,,,,,,,,,,,,,,,,
87843285,2019,2019-01-01 03:30,2019-01-01 00:00,19000024,L,1,2,0,13,50,LEON,TALLAHASSEE,2,2019-01-01 04:39,2019-01-01 04:39,2019-01-01 04:39,2019-01-01 05:10,2,,2,OCALA RD,,30.449081,-84.31682,44,,S,W TENNESSEE ST,,5,3,4,1,5,1,1,1,,10,1,2,77,1,,,1,,,1,,,,,763,OFFICER,,,,,TALLAHASSEE POLICE DEPARTMENT,2,2019-01-09 14:20,EC2,0,,,,,,,,,,,,,,,,,,,,,,,,,,,,,,,,,,,,,,,,,,,,,,,,,,,,,,,,,,,,
89146911,2019,2019-12-28 09:38,2019-12-28 00:00,2019-00198188,L,1,2,0,13,50,LEON,TALLAHASSEE,2,2019-12-28 09:39,2019-12-28 09:40,2019-12-28 09:43,2019-12-28 09:54,2,,2,SOUTHWOOD DR,,30.412591,-84.273472,,,,E ORANGE AVE,,5,3,3,1,1,3,2,1,,10,1,1,2,1,,,1,,,1,,,,,762,OFFICER,,,,,TALLAHASSEE POLICE DEPARTMENT,2,2019-12-31 14:26,EC2,0,,,,,,,,,,,,,,,,,,,,,,,,,,,,,,,,,,,,,,,,,,,,,,,,,,,,,,,,,,,,
89144011,2019,2019-09-13 14:25,2019-09-13 00:00,2019-00139828,L,1,2,0,13,50,LEON,TALLAHASSEE,2,2019-09-13 14:27,2019-09-13 14:28,2019-09-13 14:52,2019-09-13 15:23,2,,2,ALABAMA ST,,30.456353,-84.297138,25,,E,DADE ST,,5,1,3,1,1,1,1,1,,10,1,1,77,1,,,1,,,1,,,,,628,PATROL,,,,,TALLAHASSEE POLICE DEPARTMENT,2,2019-09-14 14:14,EC2,0,,,,,,,,,,,,,,,,,,,,,,,,,,,,,,,,,,,,,,,,,,,,,,,,,,,,,,,,,,,,
89145983,2019,2019-11-19 18:14,2019-11-19 00:00,2019-00177934,L,1,2,0,13,50,LEON,TALLAHASSEE,2,2019-11-19 18:14,2019-11-19 18:21,2019-11-19 18:21,2019-11-19 18:32,2,,2,N MACOMB ST,,30.450891,-84.288441,353,,S,CROWDER LN,,5,3,1,1,4,1,1,1,,10,1,1,1,1,,,1,,,1,,,,,320,OFFICER,,,,,TALLAHASSEE POLICE DEPARTMENT,2,2020-01-21 14:18,EC2,0,,,,,,,,,,,,,,,,,,,,,,,,,,,,,,,,,,,,,,,,,,,,,,,,,,,,,,,,,,,,
89146328,2019,2019-12-04 09:15,2019-12-04 00:00,2019-00185128,L,1,2,0,13,50,LEON,TALLAHASSEE,2,2019-12-04 09:15,2019-12-04 09:16,2019-12-04 09:17,2019-12-04 10:05,2,,2,MUNICIPAL WAY,,30.439827,-84.337745,,,,S APPLEYARD DR,,5,3,3,1,1,1,1,1,,10,1,1,2,1,,,1,,,1,,,,,779,OFFICER,,,,,TALLAHASSEE POLICE DEPARTMENT,2,2019-12-05 14:30,EC2,1,,,,,,,,,,,,,,,,,,,,,,,,,,,,,,,,,,,,,,,,,,,,,,,,,,,,,,,,,,,,
89146336,2019,2019-12-04 13:25,2019-12-04 00:00,2019-00185210,L,1,2,0,13,50,LEON,TALLAHASSEE,2,2019-12-04 13:28,2019-12-04 13:29,2019-12-04 13:33,2019-12-04 14:15,2,,2,W JEFFERSON ST,,30.439614,-84.293938,,,,GRAY ST,,5,3,2,1,1,1,1,1,,10,1,2,2,1,,,1,,,1,,,,,595,OFFICER,,,,,TALLAHASSEE POLICE DEPARTMENT,2,2019-12-05 14:30,EC2,0,,,,,,,,,,,,,,,,,,,,,,,,,,,,,,,,,,,,,,,,,,,,,,,,,,,,,,,,,,,,
89146760,2019,2019-12-19 15:59,2019-12-19 00:00,2019-00193853,L,1,2,0,13,50,LEON,TALLAHASSEE,2,2019-12-19 15:59,2019-12-19 16:17,2019-12-19 16:31,2019-12-19 17:39,2,,2,CENTERVILLE RD,,30.460529,-84.261432,,,,MEDICAL DR,,5,3,3,1,1,1,1,1,,10,1,1,2,1,,,1,,,1,,,,,384,OFFICER,,,,,TALLAHASSEE POLICE DEPARTMENT,2,2019-12-24 14:40,EC2,0,,,,,,,,,,,,,,,,,,,,,,,,,,,,,,,,,,,,,,,,,,,,,,,,,,,,,,,,,,,,
89143537,2019,2019-08-28 15:10,2019-08-28 00:00,2019-00130541,L,1,2,0,13,50,LEON,TALLAHASSEE,2,2019-08-28 15:10,2019-08-28 15:10,2019-08-28 15:15,2019-08-28 15:45,2,,2,W CALL ST,,30.447441,-84.308627,,,,WHITEHALL ST,,5,3,3,1,1,1,1,1,,10,1,1,2,1,,,1,,,1,,,,,307,OFFICER,,,,,TALLAHASSEE POLICE DEPARTMENT,2,2019-08-31 14:10,EC2,0,,,,,,,,,,,,,,,,,,,,,,,,,,,,,,,,,,,,,,,,,,,,,,,,,,,,,,,,,,,,
89146730,2019,2019-12-18 16:23,2020-01-15 00:00,2019-00193192,U,1,2,0,13,50,LEON,TALLAHASSEE,2,2019-12-18 16:25,2019-12-18 16:26,2019-12-18 16:27,2019-12-18 17:20,2,,2,W TENNESSEE ST,1948,30.449353,-84.314083,,,,,,9,3,1,1,1,1,1,1,,10,2,1,1,1,,,1,,,1,,,,,670,OFC,,,,,TALLAHASSEE POLICE DEPARTMENT,2,2020-01-29 14:37,EC2,0,,,,,,,,,,,,,,,,,,,,,,,,,,,,,,,,,,,,,,,,,,,,,,,,,,,,,,,,,,,,
87845432,2019,2019-03-26 06:35,2019-06-04 00:00,2019-00044768,U,1,2,0,13,50,LEON,TALLAHASSEE,2,2019-03-26 06:35,2019-03-26 06:35,2019-03-26 06:50,2019-03-26 09:00,2,,2,N MONROE ST,,30.466084,-84.284077,57,,S,NORTHWOOD BLVD,,3,3,1,2,5,1,1,1,,10,1,1,1,1,,,1,,,1,,,,,636,OFFICER,,,,,TALLAHASSEE POLICE DEPARTMENT,2,2019-06-06 14:26,EC2,0,,,,,,,,,,,,,,,,,,,,,,,,,,,,,,,,,,,,,,,,,,,,,,,,,,,,,,,,,,,,
89298363,2019,2019-11-11 14:46,2019-11-11 00:00,190179705,L,1,1,0,13,0,LEON,UNINCORPORATED,1,2019-11-11 14:46,2019-11-11 14:47,2019-11-11 14:50,2019-11-11 15:15,2,,2,BUCK LAKE RD,,30.463557,-84.136256,70,,E,BC HOMES WAY,,5,2,3,1,1,1,1,1,,10,1,1,16,1,,,1,,,1,,,,,255,DEPUTY,,,,,LEON COUNTY SHERIFFS OFFICE,3,2019-11-18 14:37,EC2,0,,,,,,,,,,,,,,,,,,,,,,,,,,,,,,,,,,,,,,,,,,,,,,,,,,,,,,,,,,,,
89142167,2019,2019-07-01 17:18,2019-07-01 00:00,2019-00098874,L,1,2,0,13,50,LEON,TALLAHASSEE,2,2019-07-01 17:18,2019-07-01 17:21,2019-07-01 17:26,2019-07-01 17:55,2,,2,UNNAMED RD,,30.465635,-84.340473,,,,,,9,3,1,1,1,1,1,1,,10,8,1,1,1,,,1,,,1,,,,,345,OFFICER,,,,,TALLAHASSEE POLICE DEPARTMENT,2,2019-07-04 14:24,EC2,0,,,,,,,,,,,,,,,,,,,,,,,,,,,,,,,,,,,,,,,,,,,,,,,,,,,,,,,,,,,,
88068958,2019,2019-10-24 06:45,2020-01-28 10:36,FHPH19OFF015041,U,3,4,0,13,50,LEON,TALLAHASSEE,1,2019-10-24 06:58,2019-10-24 06:59,2019-10-24 07:09,2019-10-24 11:00,2,,2,US HIGHWAY 27 (STATE ROAD 63),,30.50067,-84.32843,282,,N,SWATTS ROAD,,2,1,1,2,5,1,1,1,77,10,1,1,1,1,,,1,,,1,,,,,1214,CORPORAL,,,,,FLORIDA HIGHWAY PATROL,1,2020-01-30 14:18,EC2,0,,,,,,,,,,,,,,,,,,,,,,,,,,,,,,,,,,,,,,,,,,,,,,,,,,,,,,,,,,,,
87843561,2019,2019-01-12 05:33,2019-04-08 00:00,19001264,U,1,2,0,13,50,LEON,TALLAHASSEE,2,2019-01-12 05:35,2019-01-12 05:36,2019-01-12 05:42,2019-01-12 11:00,2,,2,KILLARNEY WAY,,30.512576,-84.225304,,,W,FOLEY DR,,5,1,77,2,4,1,1,1,,10,1,1,1,1,,,1,,,1,,,,,334,OFC,,,,,TALLAHASSEE POLICE DEPARTMENT,2,2019-04-13 15:22,EC2,0,,,,,,,,,,,,,,,,,,,,,,,,,,,,,,,,,,,,,,,,,,,,,,,,,,,,,,,,,,,,
89142162,2019,2019-07-01 12:33,2019-07-01 00:00,2019-00098760,L,1,2,0,13,50,LEON,TALLAHASSEE,2,2019-07-01 12:35,2019-07-01 12:37,2019-07-01 12:44,2019-07-01 13:02,2,,2,CRAWFORDVILLE RD,3433,30.398359,-84.280785,,,,,,9,3,1,1,1,1,1,1,,10,1,1,1,1,,,1,,,1,,,,,762,OFFICER,,,,,TALLAHASSEE POLICE DEPARTMENT,2,2019-07-03 14:31,EC2,0,,,,,,,,,,,,,,,,,,,,,,,,,,,,,,,,,,,,,,,,,,,,,,,,,,,,,,,,,,,,
89143978,2019,2019-09-11 15:03,2019-09-11 00:00,2019-00138604,L,1,2,0,13,50,LEON,TALLAHASSEE,2,2019-09-11 15:05,2019-09-11 15:07,2019-09-11 15:12,2019-09-11 15:45,2,,2,HIGH RD,,30.46326,-84.313499,106,,S,W THARPE ST,,5,3,1,1,1,1,1,1,,10,1,1,1,1,,,1,,,1,,,,,781,OFFICER,,,,,TALLAHASSEE POLICE DEPARTMENT,2,2019-09-13 14:19,EC2,0,,,,,,,,,,,,,,,,,,,,,,,,,,,,,,,,,,,,,,,,,,,,,,,,,,,,,,,,,,,,
89141860,2019,2019-06-18 10:45,2019-06-18 00:00,2019-00091484,L,1,2,0,13,50,LEON,TALLAHASSEE,2,2019-06-18 10:45,2019-06-18 11:20,2019-06-18 11:35,2019-06-18 13:45,2,,2,OCALA RD,800,30.445776,-84.318047,,,,,,9,1,1,1,1,2,1,1,,10,8,1,1,11,,,1,,,1,,,,,701,OFFICER,,,,,TALLAHASSEE POLICE DEPARTMENT,2,2019-06-19 14:37,EC2,0,,,,,,,,,,,,,,,,,,,,,,,,,,,,,,,,,,,,,,,,,,,,,,,,,,,,,,,,,,,,
89144097,2019,2019-09-16 16:55,2019-09-16 00:00,2019-00141465,L,1,2,0,13,50,LEON,TALLAHASSEE,2,2019-09-16 16:55,2019-09-16 17:15,2019-09-16 17:42,2019-09-16 18:10,2,,2,THOMASVILLE RD,5500,30.545438,-84.228305,,,,,,9,3,1,1,1,1,1,1,,10,2,1,77,1,,,1,,,1,,,,,#353,OFFICER,,,,,TALLAHASSEE POLICE DEPARTMENT,2,2019-09-19 14:35,EC2,0,,,,,,,,,,,,,,,,,,,,,,,,,,,,,,,,,,,,,,,,,,,,,,,,,,,,,,,,,,,,
89144679,2019,2019-10-05 09:49,2019-10-05 00:00,2019-00152635,L,1,2,0,13,50,LEON,TALLAHASSEE,2,2019-10-05 09:49,2019-10-05 09:50,2019-10-05 09:49,2019-10-05 11:30,2,,2,THOMASVILLE RD,3521,30.508365,-84.246753,,,,,,9,3,1,1,1,1,1,1,,10,8,1,77,1,,,1,,,1,,,,,545,OFFICER,,,,,TALLAHASSEE POLICE DEPARTMENT,2,2019-10-06 13:49,EC2,0,,,,,,,,,,,,,,,,,,,,,,,,,,,,,,,,,,,,,,,,,,,,,,,,,,,,,,,,,,,,
88004920,2019,2019-10-04 17:30,2020-02-01 12:58,FHPH19OFF014120,U,2,2,0,13,50,LEON,TALLAHASSEE,2,2019-10-04 17:34,2019-10-04 17:34,2019-10-04 17:34,2019-10-04 18:32,2,,2,STATE ROAD 61,,30.43142,-84.28062,0,,N,OAKLAND AVE,,3,3,2,1,1,1,1,1,5,10,1,1,2,1,,,1,,,1,,,,,3704,TROOPER,,,,,FLORIDA HIGHWAY PATROL,1,2020-02-09 13:53,EC2,0,,,,,,,,,,,,,,,,,,,,,,,,,,,,,,,,,,,,,,,,,,,,,,,,,,,,,,,,,,,,
89141839,2019,2019-06-13 21:09,2019-06-14 00:00,2019-00089160,L,1,2,0,13,50,LEON,TALLAHASSEE,2,2019-06-13 21:09,2019-06-13 21:09,2019-06-13 21:09,2019-06-13 21:20,2,,2,S ADAMS ST,,30.432442,-84.281944,27,,N,W VAN BUREN ST,,5,1,1,1,6,1,1,1,,10,1,1,1,1,,,1,,,1,,,,,398,OFFICER,,,,,TALLAHASSEE POLICE DEPARTMENT,2,2019-06-21 14:32,EC2,0,,,,,,,,,,,,,,,,,,,,,,,,,,,,,,,,,,,,,,,,,,,,,,,,,,,,,,,,,,,,
89142847,2019,2019-08-01 12:52,2019-08-01 00:00,2019-00115705,L,1,2,0,13,50,LEON,TALLAHASSEE,2,2019-08-01 12:53,2019-08-01 12:53,2019-08-01 12:54,2019-08-01 13:45,2,,2,N MONROE ST,,30.477995,-84.299262,388,,W,SHARER RD,,2,3,1,1,1,1,1,1,,10,1,1,18,1,,,1,,,1,,,,,794,OFFICER,,,,,TALLAHASSEE POLICE DEPARTMENT,2,2019-08-02 14:19,EC2,0,,,,,,,,,,,,,,,,,,,,,,,,,,,,,,,,,,,,,,,,,,,,,,,,,,,,,,,,,,,,
89297916,2019,2019-08-28 06:10,2019-08-28 00:00,190137678,L,1,2,0,13,0,LEON,UNINCORPORATED,1,2019-08-28 06:13,2019-08-28 06:16,2019-08-28 06:22,2019-08-28 09:02,2,,2,CAPITAL CIR NW,,30.499876,-84.361668,69,,N,MADDOX RD,,5,2,1,2,5,1,1,1,,10,1,1,1,1,,,1,,,1,,,,,209,PATROL DEPUTY,,,,,LEON COUNTY SHERIFFS OFFICE,3,2019-08-29 14:37,EC2,0,,,,,,,,,,,,,,,,,,,,,,,,,,,,,,,,,,,,,,,,,,,,,,,,,,,,,,,,,,,,
89146610,2019,2019-12-14 23:17,2019-12-14 00:00,2019-00190570,L,1,2,0,13,50,LEON,TALLAHASSEE,2,2019-12-14 23:17,2019-12-14 23:17,2019-12-14 23:25,2019-12-14 00:00,2,,2,W THARPE ST,,30.46468,-84.349349,714,,E,SOLAR WAY,,5,2,1,2,5,3,2,1,,10,1,1,1,1,,,1,,,1,,,,,678,PATROL,,,,,TALLAHASSEE POLICE DEPARTMENT,2,2019-12-18 17:48,EC2,0,,,,,,,,,,,,,,,,,,,,,,,,,,,,,,,,,,,,,,,,,,,,,,,,,,,,,,,,,,,,
89146627,2019,2019-12-14 19:23,2019-12-14 00:00,2019-00191088,L,1,2,0,13,50,LEON,TALLAHASSEE,2,2019-12-14 19:23,2019-12-14 19:27,2019-12-14 19:32,2019-12-14 21:12,2,,2,W TENNESSEE ST,1660,30.449161,-84.309294,,,,,,9,1,1,1,1,1,1,1,,10,1,1,1,1,,,1,,,1,,,,,513,POLICE OFFICER,,,,,TALLAHASSEE POLICE DEPARTMENT,2,2019-12-18 17:48,EC2,0,,,,,,,,,,,,,,,,,,,,,,,,,,,,,,,,,,,,,,,,,,,,,,,,,,,,,,,,,,,,
89144175,2019,2019-09-19 08:41,2019-09-19 00:00,2019-00142948,L,1,2,0,13,50,LEON,TALLAHASSEE,2,2019-09-19 08:41,2019-09-19 08:41,2019-09-19 08:47,2019-09-19 09:25,2,,2,UNNAMED RD,,30.49982,-84.254024,,,,,,9,3,1,1,1,1,1,1,,10,8,1,77,1,,,1,,,1,,,,,785,OFFICER,,,,,TALLAHASSEE POLICE DEPARTMENT,2,2019-09-22 13:52,EC2,0,,,,,,,,,,,,,,,,,,,,,,,,,,,,,,,,,,,,,,,,,,,,,,,,,,,,,,,,,,,,
87505346,2019,2019-04-10 17:22,2019-04-11 14:46,190054290,L,1,2,0,13,0,LEON,Unincorporated - Leon County,1,2019-04-10 17:25,2019-04-10 17:28,2019-04-10 17:32,2019-04-10 18:09,2,,2,OAKRIDGE RD,,,,0,,,WOODVILLE HWY,,5,1,2,1,1,1,1,1,3,10,1,1,1,1,,,1,,,1,,,,,12207,,,,,,LEON CO SO,3,2019-04-12 15:55,EC2,1,,,,,,,,,,,,,,,,,,,,,,,,,,,,,,,,,,,,,,,,,,,,,,,,,,,,,,,,,,,,
89145407,2019,2019-10-30 14:42,2019-10-30 00:00,2019-00166613,L,1,2,0,13,50,LEON,TALLAHASSEE,2,2019-10-30 14:44,2019-10-30 14:45,2019-10-30 14:52,2019-10-30 15:05,2,,2,CHAPEL DR,,30.44799,-84.310301,,,,W CALL ST,,5,3,3,1,1,1,1,1,,10,1,1,2,1,,,1,,,1,,,,,762,OFFICER,,,,,TALLAHASSEE POLICE DEPARTMENT,2,2019-10-31 14:26,EC2,0,,,,,,,,,,,,,,,,,,,,,,,,,,,,,,,,,,,,,,,,,,,,,,,,,,,,,,,,,,,,
89145524,2019,2019-11-03 00:38,2019-11-03 00:00,2019-00169017,L,1,6,0,13,50,LEON,TALLAHASSEE,2,2019-11-03 00:38,2019-11-03 00:38,2019-11-03 00:41,2019-11-03 02:00,2,,2,AIRPORT DR,,30.433248,-84.304605,23,,E,EPPES DR E,,5,1,1,2,4,1,1,1,,10,1,1,1,1,,,1,,,1,,,,,560,OFFICER,,,,,TALLAHASSEE POLICE DEPARTMENT,2,2019-11-09 14:13,EC2,0,,,,,,,,,,,,,,,,,,,,,,,,,,,,,,,,,,,,,,,,,,,,,,,,,,,,,,,,,,,,
89142218,2019,2019-07-04 03:30,2019-07-04 00:00,2019-00100378,L,1,2,0,13,50,LEON,TALLAHASSEE,2,2019-07-04 03:50,2019-07-04 03:53,2019-07-04 04:04,2019-07-04 04:30,2,,2,N MISSION RD,,30.456165,-84.340884,11,,E,MISSION TRL,,5,3,77,1,4,1,1,1,,10,1,1,1,1,,,1,,,1,,,,,749,OFFICER,,,,,TALLAHASSEE POLICE DEPARTMENT,2,2019-07-05 13:59,EC2,0,,,,,,,,,,,,,,,,,,,,,,,,,,,,,,,,,,,,,,,,,,,,,,,,,,,,,,,,,,,,