report_number,crash_year,crash_date_time,report_date_time,investigating_agency_rep_num,form_type,total_number_of_vehicles,total_number_of_persons,total_number_of_narratives,county_code,city_code,county_name,city_name,rural_or_urban,notified_time,dispatched_time,arrived_time,cleared_time,completed_flag,reason_not_completed,notified_by,on_street_road_highway,street_address_number,latitude,longitude,feet_from_intersection,miles_from_intersection,direction_from_intersection,from_intersection_of,from_milepost_number,road_system_identifier,type_of_shoulder,type_of_intersection,photos_taken_flag,light_condition,weather_condition,road_surface_condition,school_bus_related_code,type_of_impact,first_harmful_event,harmful_event_location,interchange_flag,junction_flag,road_circumstances_1,road_circumstances_2,road_circumstances_3,environment_circumstances_1,environment_circumstances_2,environment_circumstances_3,work_zone_related_flag,location_within_zone,type_of_work_zone,workers_present,law_enforcement_present,investigator_id,investigator_rank,investigator_first_name,investigator_middle_name,investigator_last_name,investigator_suffix,investigating_agency_name,investigating_agency_type,load_dt90838674,,,,,,,,,,,,,,,,,,,,,,,,,,,,,,5,2,1,1,88,1,1,1,1,32,2,88,1,1,,,1,,,1,,,,,217,DEPUTY,,,EPLHASE,,LEON COUNTY,2,2011-03-08 15:54
89146939,2019,2019-12-29 23:28,2020-12-04 00:00,2019-00198841,U,1,3,0,13,50,LEON,TALLAHASSEE,2,2019-12-29 23:28,2019-12-29 23:28,2019-12-29 23:30,2019-12-29 02:48,2,,2,W TENNESSEE ST,,30.448968,-84.309941,35,,W,CALIARK ST,,5,3,1,2,4,3,2,1,,10,1,1,1,1,,,1,,,1,,,,,549,INV,,,,,TALLAHASSEE POLICE DEPARTMENT,2,2020-12-06 13:56,,,,,,,,,,,,,,,,,,,,,,,,,,,,,,,,,,,,,,,,,,,,,,,,,,,,,,,,,,,,,,
89147935,2020,2020-02-10 21:44,2020-02-25 00:00,2020-00022004,V,1,3,0,13,50,LEON,TALLAHASSEE,2,2020-02-10 21:44,2020-02-10 21:48,2020-02-10 21:50,2020-02-10 22:35,2,,2,N MONROE ST,,30.459203,-84.280912,,,,E 8TH AVE,,2,3,2,1,4,1,1,1,,10,1,1,3,1,,,1,,,1,,,,,522,OFFICER,,,,,TALLAHASSEE POLICE DEPARTMENT,2,2020-03-01 13:45,,,,,,,,,,,,,,,,,,,,,,,,,,,,,,,,,,,,,,,,,,,,,,,,,,,,,,,,,,,,,,
88216117,2020,2020-10-19 17:59,2020-10-19 18:27,FHPH20OFF013857,L,1,3,0,13,0,LEON,UNINCORPORATED,1,2020-10-19 17:59,2020-10-19 18:03,2020-10-19 18:17,2020-10-19 18:28,2,,2,STATE ROAD 63 (N. MONROE ST),,30.48988,-84.32221,,0.1,S,RAY ROAD,,3,1,1,1,1,1,1,1,77,10,1,1,1,1,,,1,,,1,,,,,4145,TPR,,,,,FLORIDA HIGHWAY PATROL,1,2020-10-21 16:28,,,,,,,,,,,,,,,,,,,,,,,,,,,,,,,,,,,,,,,,,,,,,,,,,,,,,,,,,,,,,,
88068958,2019,2019-10-24 06:45,2020-01-28 10:36,FHPH19OFF015041,U,3,4,0,13,50,LEON,TALLAHASSEE,1,2019-10-24 06:58,2019-10-24 06:59,2019-10-24 07:09,2019-10-24 11:00,2,,2,US HIGHWAY 27 (STATE ROAD 63),,30.50067,-84.32843,282,,N,SWATTS ROAD,,2,1,1,2,5,1,1,1,77,10,1,1,1,1,,,1,,,1,,,,,1214,CORPORAL,,,,,FLORIDA HIGHWAY PATROL,1,2020-01-30 14:18,,,,,,,,,,,,,,,,,,,,,,,,,,,,,,,,,,,,,,,,,,,,,,,,,,,,,,,,,,,,,,
89298764,2020,2020-01-22 18:37,2020-01-23 00:00,200012040,L,1,2,0,13,0,LEON,UNINCORPORATED,1,2020-01-22 18:38,2020-01-22 18:38,2020-01-22 18:44,2020-01-22 19:44,2,,2,N MONROE ST,,30.487221,-84.316504,230,,E,SESSIONS ST,,4,1,1,2,4,1,1,1,,10,1,1,1,1,,,1,,,1,,,,,415,DEPUTY,,,,,LEON COUNTY SHERIFFS OFFICE,3,2020-02-07 14:22,,,,,,,,,,,,,,,,,,,,,,,,,,,,,,,,,,,,,,,,,,,,,,,,,,,,,,,,,,,,,,
89148559,2020,2020-03-04 12:40,2020-03-04 00:00,2020-00034805,L,1,2,0,13,50,LEON,TALLAHASSEE,2,2020-03-04 12:46,2020-03-04 12:49,2020-03-04 12:54,2020-03-04 14:30,2,,2,N DUVAL ST,,30.444782,-84.282998,,,,W TENNESSEE ST,,5,1,2,1,1,2,1,1,,10,1,1,2,1,,,1,,,1,,,,,655,OFFICER,,,,,TALLAHASSEE POLICE DEPARTMENT,2,2020-03-06 14:27,,,,,,,,,,,,,,,,,,,,,,,,,,,,,,,,,,,,,,,,,,,,,,,,,,,,,,,,,,,,,,
89148449,2020,2020-03-01 01:46,2020-03-01 00:00,2020-00033102,L,1,3,0,13,50,LEON,TALLAHASSEE,2,2020-03-01 01:46,2020-03-01 01:46,2020-03-01 01:46,2020-03-01 03:16,2,,2,STONE VALLEY WAY,,30.435493,-84.295853,,,,W GAINES ST,,5,3,2,1,4,1,1,1,,10,1,1,3,1,,,1,,,1,,,,,665,OFFICER,,,,,TALLAHASSEE POLICE DEPARTMENT,2,2020-03-02 14:10,,,,,,,,,,,,,,,,,,,,,,,,,,,,,,,,,,,,,,,,,,,,,,,,,,,,,,,,,,,,,,
88294578,2020,2020-05-22 21:22,2020-05-22 22:25,FHPH20OFF006037,L,1,1,0,13,0,LEON,UNINCORPORATED,1,2020-05-22 21:25,2020-05-22 21:28,2020-05-22 21:44,2020-05-22 22:25,2,,2,STATE ROAD 363 (WOODVILE HIGHWAY),,30.3636785383287,-84.2649374228167,250,,S,MARPAN LANE,,3,2,1,1,5,1,1,1,77,10,1,1,1,1,,,1,,,1,,,,,4154,TPR,,,,,FLORIDA HIGHWAY PATROL,1,2020-06-02 14:08,,,,,,,,,,,,,,,,,,,,,,,,,,,,,,,,,,,,,,,,,,,,,,,,,,,,,,,,,,,,,,
90110096,2020,2020-08-02 00:39,2020-08-02 00:00,2020-00112530,L,1,2,0,13,50,LEON,TALLAHASSEE,2,2020-08-02 00:40,2020-08-02 00:44,2020-08-02 00:45,2020-08-02 01:40,2,,2,APPLEYARD DRIVE,770,30.452231,-84.342016,,,,,,9,3,1,2,4,1,1,1,,10,8,1,1,1,,,1,,,1,,,,,385,OFFICER,,,,,TALLAHASSEE POLICE DEPARTMENT,2,2020-08-03 13:53,,,,,,,,,,,,,,,,,,,,,,,,,,,,,,,,,,,,,,,,,,,,,,,,,,,,,,,,,,,,,,
90109955,2020,2020-07-24 11:14,2020-07-24 00:00,2020-00108815,L,1,2,0,13,50,LEON,TALLAHASSEE,2,2020-07-24 11:17,2020-07-24 11:17,2020-07-24 11:19,2020-07-24 12:25,2,,2,W TENNESSEE ST,,30.448804,-84.311733,320,,E,W CALL ST,,5,1,1,1,1,1,1,1,,10,8,1,1,1,,,1,,,1,,,,,628,PATROL,,,,,TALLAHASSEE POLICE DEPARTMENT,2,2020-07-26 13:41,,,,,,,,,,,,,,,,,,,,,,,,,,,,,,,,,,,,,,,,,,,,,,,,,,,,,,,,,,,,,,
89149363,2020,2020-05-16 23:45,2020-05-16 00:00,2020-00076800,L,1,2,0,13,50,LEON,TALLAHASSEE,2,2020-05-16 23:45,2020-05-16 23:47,2020-05-16 23:51,2020-05-16 00:20,2,,2,W TENNESSEE ST,,30.459462,-84.358053,911,,E,CAPITAL CIR NW,,5,3,1,1,4,1,1,1,,10,1,1,1,1,,,1,,,1,,,,,526,OFFICER,,,,,TALLAHASSEE POLICE DEPARTMENT,2,2020-05-17 13:39,,,,,,,,,,,,,,,,,,,,,,,,,,,,,,,,,,,,,,,,,,,,,,,,,,,,,,,,,,,,,,
89148872,2020,2020-03-19 09:56,2020-03-19 00:00,2020-00042516,L,1,2,0,13,50,LEON,TALLAHASSEE,2,2020-03-19 09:56,2020-03-19 09:56,2020-03-19 10:00,2020-03-19 10:55,2,,2,THOMASVILLE RD,3521,30.508872,-84.24664,,,,,,9,3,1,1,1,1,1,1,,10,1,1,1,1,,,1,,,1,,,,,785,OFFICER,,,,,TALLAHASSEE POLICE DEPARTMENT,2,2020-03-20 14:15,,,,,,,,,,,,,,,,,,,,,,,,,,,,,,,,,,,,,,,,,,,,,,,,,,,,,,,,,,,,,,
89148724,2020,2020-03-11 07:15,2020-03-11 00:00,2020-00038329,L,1,2,0,13,50,LEON,TALLAHASSEE,2,2020-03-11 07:15,2020-03-11 07:17,2020-03-11 07:18,2020-03-11 08:05,2,,2,PALMER AVE W,,30.427135,-84.282053,42,,W,S ADAMS ST,,3,3,1,1,5,1,1,1,,10,1,1,1,1,,,1,,,1,,,,,682,OFFICER,,,,,TALLAHASSEE POLICE DEPARTMENT,2,2020-03-12 14:28,,,,,,,,,,,,,,,,,,,,,,,,,,,,,,,,,,,,,,,,,,,,,,,,,,,,,,,,,,,,,,
90109402,2020,2020-06-19 13:55,2020-06-19 00:00,2020-00093886,L,1,2,0,13,50,LEON,TALLAHASSEE,2,2020-06-19 13:55,2020-06-19 13:57,2020-06-19 13:59,2020-06-19 15:00,2,,2,DICK WILSON BLVD,3122,30.431524,-84.22529,,,,,,9,3,1,1,1,1,1,1,,10,8,1,77,1,,,1,,,1,,,,,511,OFFICER,,,,,TALLAHASSEE POLICE DEPARTMENT,2,2020-06-23 14:25,,,,,,,,,,,,,,,,,,,,,,,,,,,,,,,,,,,,,,,,,,,,,,,,,,,,,,,,,,,,,,
89148834,2020,2020-03-16 19:55,2020-09-21 00:00,2020-00041151,U,1,5,0,13,50,LEON,TALLAHASSEE,2,2020-03-16 19:59,2020-03-16 20:02,2020-03-16 20:04,2020-03-16 02:00,2,,2,W TENNESSEE ST,,30.447886,-84.327551,,,,DIXIE DR,,2,3,2,1,4,1,1,1,,10,1,1,3,1,,,1,,,1,,,,,334,OFC,,,,,TALLAHASSEE POLICE DEPARTMENT,2,2020-09-24 14:15,,,,,,,,,,,,,,,,,,,,,,,,,,,,,,,,,,,,,,,,,,,,,,,,,,,,,,,,,,,,,,
90109845,2020,2020-07-18 11:46,2020-07-18 00:00,2020-00106137,L,1,2,0,13,50,LEON,TALLAHASSEE,2,2020-07-18 11:47,2020-07-18 11:47,2020-07-18 11:49,2020-07-18 12:15,2,,2,SHAMROCK ST E,,30.520248,-84.203035,172,,N,ANGELS CLOVER CT,,5,3,1,1,1,1,1,1,,10,1,1,18,1,,,1,,,1,,,,,664,OFFICER,,,,,TALLAHASSEE POLICE DEPARTMENT,2,2020-07-20 13:47,,,,,,,,,,,,,,,,,,,,,,,,,,,,,,,,,,,,,,,,,,,,,,,,,,,,,,,,,,,,,,
90110169,2020,2020-08-07 07:15,2020-08-07 00:00,2020-00114730,L,1,2,0,13,50,LEON,TALLAHASSEE,2,2020-08-07 12:00,2020-08-07 12:00,2020-08-07 00:00,2020-08-07 07:15,2,,2,BUCK LAKE RD,,30.463471,-84.18273,,,,N PEDRICK RD,,5,3,2,1,1,1,1,1,,10,1,1,2,1,,,1,,,1,,,,,349,OFFICER,,,,,TALLAHASSEE POLICE DEPARTMENT,2,2020-08-14 14:11,,,,,,,,,,,,,,,,,,,,,,,,,,,,,,,,,,,,,,,,,,,,,,,,,,,,,,,,,,,,,,
89769412,2020,2020-11-01 06:42,2020-11-01 00:00,2011-0013,L,1,2,0,13,40,LEON,FLORIDA STATE UNIV.,2,2020-11-01 06:42,2020-11-01 06:43,2020-11-01 06:45,2020-11-01 07:07,2,,2,S WOODWARD AVE,,30.437667,-84.298085,,,W,WEST PENSACOLA STREET,0,4,1,2,1,4,1,1,1,,10,1,1,2,88,88,88,1,,,1,,,,,459,OFFICER,,,,,FSU POLICE DEPARTMENT,2,2020-11-04 15:37,,,,,,,,,,,,,,,,,,,,,,,,,,,,,,,,,,,,,,,,,,,,,,,,,,,,,,,,,,,,,,
90111346,2020,2020-10-08 10:03,2020-10-08 00:00,2020-00140139,L,1,2,0,13,50,LEON,TALLAHASSEE,2,2020-10-08 10:03,2020-10-08 10:05,2020-10-08 10:06,2020-10-08 10:16,2,,2,LAKE AVE,,30.424526,-84.304669,,,,HOLMES ST,,5,3,2,1,1,1,1,1,,10,1,1,2,1,,,1,,,1,,,,,779,OFFICER,,,,,TALLAHASSEE POLICE DEPARTMENT,2,2020-10-14 14:24,,,,,,,,,,,,,,,,,,,,,,,,,,,,,,,,,,,,,,,,,,,,,,,,,,,,,,,,,,,,,,
90109817,2020,2020-07-16 18:00,2020-07-16 00:00,2020-00105472,L,1,2,0,13,50,LEON,TALLAHASSEE,2,2020-07-16 18:16,2020-07-16 18:19,2020-07-16 18:30,2020-07-16 18:47,2,,2,CRAWFORDVILLE RD,,30.375871,-84.292603,,,,CAPITAL CIR SW,,5,3,2,2,1,1,1,1,,10,1,1,3,1,,,1,,,1,,,,,378,OFFICER,,,,,TALLAHASSEE POLICE DEPARTMENT,2,2020-07-24 14:07,,,,,,,,,,,,,,,,,,,,,,,,,,,,,,,,,,,,,,,,,,,,,,,,,,,,,,,,,,,,,,
90111692,2020,2020-10-24 19:45,2020-10-24 00:00,2020-00147766,L,1,2,0,13,50,LEON,TALLAHASSEE,2,2020-10-24 19:49,2020-10-24 19:52,2020-10-24 20:03,2020-10-24 21:03,2,,2,E COLLEGE AVE,,30.44073,-84.280624,,,,S MONROE ST,,2,3,2,1,4,2,2,1,,10,1,1,2,1,,,1,,,1,,,,,397,OFFICER,,,,,TALLAHASSEE POLICE DEPARTMENT,2,2020-10-25 13:52,,,,,,,,,,,,,,,,,,,,,,,,,,,,,,,,,,,,,,,,,,,,,,,,,,,,,,,,,,,,,,
90112473,2020,2020-12-04 18:52,2020-12-04 00:00,2020-00165545,L,1,5,0,13,50,LEON,TALLAHASSEE,2,2020-12-04 18:52,2020-12-04 18:53,2020-12-04 19:28,2020-12-04 19:48,2,,2,N PAUL RUSSELL RD,,30.425099,-84.243622,,,,OLD SAINT AUGUSTINE RD,,5,1,2,1,6,3,2,1,,10,1,2,3,10,,,2,,,1,,,,,748,OFFICER,,,,,TALLAHASSEE POLICE DEPARTMENT,2,2020-12-10 14:28,,,,,,,,,,,,,,,,,,,,,,,,,,,,,,,,,,,,,,,,,,,,,,,,,,,,,,,,,,,,,,
90110864,2020,2020-09-13 03:45,2020-09-13 00:00,2020-00129891,L,1,2,0,13,50,LEON,TALLAHASSEE,2,2020-09-13 03:53,2020-09-13 03:56,2020-09-13 03:59,2020-09-13 05:36,2,,2,TESS CIR,2697,30.464029,-84.345132,476,,S,BLOUNTSTOWN ST,,5,3,1,1,4,1,1,1,,10,1,1,1,1,,,1,,,1,,,,,686,OFFICER,,,,,TALLAHASSEE POLICE DEPARTMENT,2,2020-09-14 14:14,,,,,,,,,,,,,,,,,,,,,,,,,,,,,,,,,,,,,,,,,,,,,,,,,,,,,,,,,,,,,,
90109863,2020,2020-07-19 19:12,2020-07-19 00:00,2020-00106654,L,1,3,0,13,50,LEON,TALLAHASSEE,2,2020-07-19 19:12,2020-07-19 19:12,2020-07-19 19:20,2020-07-19 20:15,2,,2,BRETON RIDGE DR,,30.550407,-84.232389,51,,E,SUMTER HILL LN,,5,3,1,1,1,1,1,1,,10,1,1,1,1,,,1,,,1,,,,,366,OFC,,,,,TALLAHASSEE POLICE DEPARTMENT,2,2020-07-20 13:47,,,,,,,,,,,,,,,,,,,,,,,,,,,,,,,,,,,,,,,,,,,,,,,,,,,,,,,,,,,,,,
89146730,2019,2019-12-18 16:23,2020-01-15 00:00,2019-00193192,U,1,2,0,13,50,LEON,TALLAHASSEE,2,2019-12-18 16:25,2019-12-18 16:26,2019-12-18 16:27,2019-12-18 17:20,2,,2,W TENNESSEE ST,1948,30.449353,-84.314083,,,,,,9,3,1,1,1,1,1,1,,10,2,1,1,1,,,1,,,1,,,,,670,OFC,,,,,TALLAHASSEE POLICE DEPARTMENT,2,2020-01-29 14:37,,,,,,,,,,,,,,,,,,,,,,,,,,,,,,,,,,,,,,,,,,,,,,,,,,,,,,,,,,,,,,
89769299,2020,2020-01-07 23:29,2020-01-07 00:00,2001-0032,L,1,6,0,13,40,LEON,FLORIDA STATE UNIV.,2,2020-01-07 23:29,2020-01-07 23:29,2020-01-07 23:37,2020-01-07 00:09,2,,2,W COLLEGE AVE,,30.440727,-84.290254,185,,E,S COPELAND ST,,5,3,1,2,4,1,1,1,,10,1,1,1,1,,,1,,,1,,,,,425,PATROL,,,,,FSU POLICE DEPARTMENT,2,2020-01-24 14:21,,,,,,,,,,,,,,,,,,,,,,,,,,,,,,,,,,,,,,,,,,,,,,,,,,,,,,,,,,,,,,
83822601,2020,2020-06-24 21:40,2020-06-24 22:14,FHPH20OFF007688,L,1,2,0,13,50,LEON,TALLAHASSEE,2,2020-06-24 21:45,2020-06-24 21:49,2020-06-24 21:57,2020-06-24 22:43,2,,2,STATE ROAD 263,,30.3875244474745,-84.3133009039254,,0.5,S,SPRINGHILL RD,,3,1,1,1,5,1,1,1,88,10,1,1,1,1,,,1,,,1,,,,,2705,CAPT,,,,,FLORIDA HIGHWAY PATROL,1,2020-07-08 14:21,,,,,,,,,,,,,,,,,,,,,,,,,,,,,,,,,,,,,,,,,,,,,,,,,,,,,,,,,,,,,,
89149056,2020,2020-04-11 20:27,2020-04-22 00:00,2020-00055714,U,1,2,0,13,50,LEON,TALLAHASSEE,2,2020-04-11 20:27,2020-04-11 20:30,2020-04-11 20:35,2020-04-11 22:00,2,,2,MISSION RD,,30.455398,-84.333155,355,,W,LINWOOD DR,,5,3,1,2,2,1,1,1,,10,1,1,1,1,,,1,,,1,,,,,306,OFFICER,,,,,TALLAHASSEE POLICE DEPARTMENT,2,2020-05-10 13:39,,,,,,,,,,,,,,,,,,,,,,,,,,,,,,,,,,,,,,,,,,,,,,,,,,,,,,,,,,,,,,
87292226,2020,2020-03-25 06:51,2020-03-25 07:30,FHPH20OFF003769,L,1,2,0,13,0,LEON,UNINCORPORATED,1,2020-03-25 06:56,2020-03-25 06:59,2020-03-25 07:08,2020-03-25 08:25,2,,2,U.S. HIGHWAY 90 (WEST TENNESSEE ST),,30.4563288644651,-84.3744883037447,150,,E,COUNTY ROAD 1581 (AENON CHURCH RD),,2,1,1,1,5,1,1,1,77,10,1,1,4,1,,,1,,,1,,,,,3470,TROOPER,,,,,FLORIDA HIGHWAY PATROL,1,2020-03-28 13:48,,,,,,,,,,,,,,,,,,,,,,,,,,,,,,,,,,,,,,,,,,,,,,,,,,,,,,,,,,,,,,
89299887,2020,2020-12-03 17:00,2020-12-03 00:00,200170696,L,1,2,0,13,0,LEON,UNINCORPORATED,1,2020-12-03 17:30,2020-12-03 17:30,2020-12-03 17:38,2020-12-03 18:00,2,,2,BULL HEADLEY RD,,30.593252,-84.252355,,,,JEFFERY RD,,5,2,3,1,1,1,1,1,,10,2,1,77,1,,,1,,,1,,,,,401,DEPUTY,,,,,LEON COUNTY SHERIFFS OFFICE,3,2020-12-04 14:40,,,,,,,,,,,,,,,,,,,,,,,,,,,,,,,,,,,,,,,,,,,,,,,,,,,,,,,,,,,,,,
90111981,2020,2020-11-06 20:40,2020-11-06 00:00,2020-00153892,L,1,2,0,13,50,LEON,TALLAHASSEE,2,2020-11-06 20:46,2020-11-06 20:50,2020-11-06 20:53,2020-11-06 21:30,2,,2,S MACOMB ST,,30.439173,-84.288753,62,,S,W PENSACOLA ST,,5,1,1,1,5,1,1,1,,10,1,1,1,1,,,1,,,1,,,,,660,OFFICER,,,,,TALLAHASSEE POLICE DEPARTMENT,2,2020-11-09 19:08,,,,,,,,,,,,,,,,,,,,,,,,,,,,,,,,,,,,,,,,,,,,,,,,,,,,,,,,,,,,,,
90112014,2020,2020-11-09 06:40,2020-11-09 00:00,2020-00154865,L,1,2,0,13,50,LEON,TALLAHASSEE,2,2020-11-09 06:41,2020-11-09 06:43,2020-11-09 06:54,2020-11-09 07:19,2,,2,ROSCREA DR,,30.526604,-84.221702,,,,SHAMROCK ST W,,5,3,3,1,3,1,1,1,,10,1,1,2,1,,,1,,,1,,,,,676,OFFICER,,,,,TALLAHASSEE POLICE DEPARTMENT,2,2020-11-10 14:44,,,,,,,,,,,,,,,,,,,,,,,,,,,,,,,,,,,,,,,,,,,,,,,,,,,,,,,,,,,,,,
89146207,2019,2019-11-27 20:51,2020-01-13 00:00,2019-00182061,U,1,3,0,13,50,LEON,TALLAHASSEE,2,2019-11-27 20:51,2019-11-27 20:52,2019-11-27 20:56,2019-11-27 23:29,2,,2,W TENNESSEE ST,,30.459511,-84.356645,2656,,E,CAPITAL CIR NW,,5,3,2,2,5,1,1,1,,10,1,1,3,1,,,1,,,1,,,,,670,OFC,,,,,TALLAHASSEE POLICE DEPARTMENT,2,2020-01-29 14:37,,,,,,,,,,,,,,,,,,,,,,,,,,,,,,,,,,,,,,,,,,,,,,,,,,,,,,,,,,,,,,
90112006,2020,2020-11-08 11:03,2020-12-02 00:00,2020-00154602,U,1,2,0,13,50,LEON,TALLAHASSEE,2,2020-11-08 11:04,2020-11-08 11:05,2020-11-08 11:08,2020-11-08 15:45,2,,2,N MONROE ST,2701,30.478015,-84.299166,,,,,,9,3,1,1,1,2,1,1,,10,2,1,1,1,,,1,,,1,,,,,549,INV,,,,,TALLAHASSEE POLICE DEPARTMENT,2,2020-12-04 14:40,,,,,,,,,,,,,,,,,,,,,,,,,,,,,,,,,,,,,,,,,,,,,,,,,,,,,,,,,,,,,,
89147573,2020,2020-01-28 11:15,2020-01-28 00:00,2020-00014161,L,1,2,0,13,50,LEON,TALLAHASSEE,2,2020-01-28 11:32,2020-01-28 11:39,2020-01-28 11:53,2020-01-28 12:20,2,,2,OCALA RD,36,30.443919,-84.31728,,,,,,9,3,1,1,1,1,1,1,,10,10,1,1,1,,,1,,,1,,,,,747,OFFICER,,,,,TALLAHASSEE POLICE DEPARTMENT,2,2020-01-29 14:37,,,,,,,,,,,,,,,,,,,,,,,,,,,,,,,,,,,,,,,,,,,,,,,,,,,,,,,,,,,,,,
89147517,2020,2020-01-25 14:08,2020-01-25 00:00,2020-00012746,L,1,2,0,13,50,LEON,TALLAHASSEE,2,2020-01-25 14:08,2020-01-25 14:13,2020-01-25 14:16,2020-01-25 14:08,2,,2,W TENNESSEE ST,1617,30.44892,-84.308193,,,,,,77,3,1,1,1,1,1,1,,10,2,1,1,1,,,1,,,1,,,,,307,OFFICER,,,,,TALLAHASSEE POLICE DEPARTMENT,2,2020-01-27 13:57,,,,,,,,,,,,,,,,,,,,,,,,,,,,,,,,,,,,,,,,,,,,,,,,,,,,,,,,,,,,,,
89148977,2020,2020-03-30 09:40,2020-03-30 00:00,2020-00048337,L,1,2,0,13,50,LEON,TALLAHASSEE,2,2020-03-30 09:42,2020-03-30 09:46,2020-03-30 09:49,2020-03-30 10:30,2,,2,POLK DR,,30.413259,-84.275213,,,,TEXAS ST,,5,1,3,2,1,1,1,1,,10,1,1,2,1,,,1,,,1,,,,,536,OFC,,,,,TALLAHASSEE POLICE DEPARTMENT,2,2020-04-07 14:03,,,,,,,,,,,,,,,,,,,,,,,,,,,,,,,,,,,,,,,,,,,,,,,,,,,,,,,,,,,,,,
90111614,2020,2020-10-21 14:43,2020-10-21 00:00,2020-00146133,L,1,2,0,13,50,LEON,TALLAHASSEE,2,2020-10-21 14:43,2020-10-21 14:44,2020-10-21 14:48,2020-10-21 15:30,2,,2,W GAINES ST,,30.435428,-84.295632,,,,STONE VALLEY WAY,,5,3,2,1,1,2,1,1,,10,1,1,2,1,,,1,,,1,,,,,701,OFFICER,,,,,TALLAHASSEE POLICE DEPARTMENT,2,2020-10-22 16:21,,,,,,,,,,,,,,,,,,,,,,,,,,,,,,,,,,,,,,,,,,,,,,,,,,,,,,,,,,,,,,
89149219,2020,2020-05-02 14:45,2020-05-20 00:00,2020-00068964,U,1,2,0,13,50,LEON,TALLAHASSEE,2,2020-05-02 15:04,2020-05-02 15:05,2020-05-02 15:18,2020-05-02 15:35,2,,2,TEXAS ST,2525,30.41537,-84.274427,,,,,,9,2,1,2,1,1,1,1,,10,8,1,1,1,,,1,,,1,,,,,306,OFFICER,,,,,TALLAHASSEE POLICE DEPARTMENT,2,2020-05-24 13:42,,,,,,,,,,,,,,,,,,,,,,,,,,,,,,,,,,,,,,,,,,,,,,,,,,,,,,,,,,,,,,
90110831,2020,2020-09-11 00:53,2020-09-11 00:00,2020-00128983,L,1,2,0,13,50,LEON,TALLAHASSEE,2,2020-09-11 00:53,2020-09-11 00:53,2020-09-11 01:00,2020-09-11 03:30,2,,2,W BREVARD ST,,30.449068,-84.291358,166,,W,N COPELAND ST,,5,3,1,2,4,1,1,1,,10,1,1,1,1,,,1,,,1,,,,,729,OFC,,,,,TALLAHASSEE POLICE DEPARTMENT,2,2020-09-12 14:12,,,,,,,,,,,,,,,,,,,,,,,,,,,,,,,,,,,,,,,,,,,,,,,,,,,,,,,,,,,,,,
89148020,2020,2020-02-08 21:30,2020-02-08 00:00,2020-00020989,S,1,2,0,13,50,LEON,TALLAHASSEE,2,2020-02-08 21:30,2020-02-08 21:33,2020-02-08 21:39,2020-02-08 22:00,2,,2,S MERIDIAN ST,,30.413044,-84.277075,71,,S,POLK DR,,5,1,1,1,4,1,1,1,,10,1,1,1,1,,,1,,,1,,,,,688,PATROL,,,,,TALLAHASSEE POLICE DEPARTMENT,2,2020-02-15 14:10,,,,,,,,,,,,,,,,,,,,,,,,,,,,,,,,,,,,,,,,,,,,,,,,,,,,,,,,,,,,,,
90110647,2020,2020-09-01 21:03,2020-09-01 00:00,2020-00125114,L,1,2,0,13,50,LEON,TALLAHASSEE,2,2020-09-01 21:03,2020-09-01 21:03,2020-09-01 21:36,2020-09-01 22:14,2,,2,OLD SAINT AUGUSTINE RD,,30.420319,-84.226214,197,,E,HILL CT,,5,2,1,2,5,1,1,1,,10,1,1,1,1,,,1,,,1,,,,,633,OFC,,,,,TALLAHASSEE POLICE DEPARTMENT,2,2020-09-03 14:10,,,,,,,,,,,,,,,,,,,,,,,,,,,,,,,,,,,,,,,,,,,,,,,,,,,,,,,,,,,,,,
89299493,2020,2020-08-25 10:30,2020-08-25 00:00,200115928,L,2,2,0,13,50,LEON,TALLAHASSEE,2,2020-08-25 10:34,2020-08-25 10:35,2020-08-25 10:50,2020-08-25 11:03,2,,2,CAPITAL CIR SE,,30.411293,-84.235107,28,,S,ORANGE AVE E,,5,1,1,1,1,1,1,1,,10,1,1,1,1,,,1,,,1,,,,,387,DEPUTY,,,,,LEON COUNTY SHERIFFS OFFICE,3,2020-08-27 14:13,,,,,,,,,,,,,,,,,,,,,,,,,,,,,,,,,,,,,,,,,,,,,,,,,,,,,,,,,,,,,,
88326802,2020,2020-05-11 21:24,2020-07-08 17:14,FHPH20OFF005542,U,1,2,0,13,50,LEON,TALLAHASSEE,2,2020-05-11 21:25,2020-05-11 21:47,2020-05-11 22:06,2020-05-12 01:04,2,,2,3824 W TENNESSEE ST,,30.45942,-84.3549,20,,E,JUNCO COURT,,2,1,1,2,4,1,1,1,77,10,1,1,1,1,,,1,,,1,,,,,1020,CPL,,,,,FLORIDA HIGHWAY PATROL,1,2020-07-10 14:01,,,,,,,,,,,,,,,,,,,,,,,,,,,,,,,,,,,,,,,,,,,,,,,,,,,,,,,,,,,,,,