report_number,crash_year,crash_date_time,report_date_time,investigating_agency_rep_num,form_type,total_number_of_vehicles,total_number_of_persons,total_number_of_narratives,county_code,city_code,county_name,city_name,rural_or_urban,notified_time,dispatched_time,arrived_time,cleared_time,completed_flag,reason_not_completed,notified_by,on_street_road_highway,street_address_number,latitude,longitude,feet_from_intersection,miles_from_intersection,direction_from_intersection,from_intersection_of,from_milepost_number,road_system_identifier,type_of_shoulder,type_of_intersection,photos_taken_flag,light_condition,weather_condition,road_surface_condition,school_bus_related_code,type_of_impact,first_harmful_event,harmful_event_location,interchange_flag,junction_flag,road_circumstances_1,road_circumstances_2,road_circumstances_3,environment_circumstances_1,environment_circumstances_2,environment_circumstances_3,work_zone_related_flag,location_within_zone,type_of_work_zone,workers_present,law_enforcement_present,investigator_id,investigator_rank,investigator_first_name,investigator_middle_name,investigator_last_name,investigator_suffix,investigating_agency_name,investigating_agency_type,load_dt90838674,,,,,,,,,,,,,,,,,,,,,,,,,,,,,,5,2,1,1,88,1,1,1,1,32,2,88,1,1,,,1,,,1,,,,,217,DEPUTY,,,EPLHASE,,LEON COUNTY,2,2011-03-08 15:54
88152560,2020,2020-04-06 00:30,2020-07-06 11:12,FHPH20OFF004199,U,1,2,0,13,0,LEON,UNINCORPORATED,1,2020-04-06 00:38,2020-04-06 00:39,2020-04-06 00:46,2020-04-06 04:33,2,,2,UNITED STATES HIGHWAY 90,,30.49332,-84.1132,,0.06,E,WADESBORO ROAD,,2,1,1,2,5,1,1,1,77,10,1,1,1,1,,,1,,,1,,,,,3322,CPL,,,,,FLORIDA HIGHWAY PATROL,1,2020-07-21 14:22,,,,,,,,,,,,,,,,,,,,,,,,,,,,,,,,,,,,,,,,,,,,,,,,,,,,,,,,,,,,,,
89298864,2020,2020-02-12 15:00,2020-02-12 00:00,200023645,L,1,2,0,13,0,LEON,UNINCORPORATED,1,2020-02-12 15:07,2020-02-12 15:25,2020-02-12 15:34,2020-02-12 16:06,2,,2,WILLOWBROOK LN,,30.457177,-84.148763,5,,S,SKIPPER LN,,4,2,1,1,1,2,1,1,,10,1,1,17,1,,,1,,,1,,,,,346,FTO DEPUTY,,,,,LEON COUNTY SHERIFFS OFFICE,3,2020-02-15 14:11,,,,,,,,,,,,,,,,,,,,,,,,,,,,,,,,,,,,,,,,,,,,,,,,,,,,,,,,,,,,,,
88261660,2020,2020-05-11 06:00,2020-09-22 08:47,FHPH20OFF005510,U,1,2,0,13,0,LEON,UNINCORPORATED,1,2020-05-11 06:05,2020-05-11 06:07,2020-05-11 06:18,2020-05-11 09:18,2,,2,COUNTY ROAD 2203 (SPRING HILL ROAD),,30.3984489127031,-84.3154876802095,450,,S,WINDY PINE WAY,,4,2,1,2,5,1,1,1,77,10,1,1,1,1,,,1,,,1,,,,,1214,CPL,,,,,FLORIDA HIGHWAY PATROL,1,2020-09-23 14:25,,,,,,,,,,,,,,,,,,,,,,,,,,,,,,,,,,,,,,,,,,,,,,,,,,,,,,,,,,,,,,
89147988,2020,2020-02-12 16:08,2020-02-12 00:00,2020-00023020,L,1,2,0,13,50,LEON,TALLAHASSEE,2,2020-02-12 16:08,2020-02-12 16:08,2020-02-12 18:12,2020-02-12 17:00,2,,2,W PENSACOLA ST,,30.438672,-84.298583,148,,W,S WOODWARD AVE,,5,3,1,1,1,1,1,1,,10,10,1,4,1,,,1,,,1,,,,,524,OFFICER,,,,,TALLAHASSEE POLICE DEPARTMENT,2,2020-02-14 14:21,,,,,,,,,,,,,,,,,,,,,,,,,,,,,,,,,,,,,,,,,,,,,,,,,,,,,,,,,,,,,,
89147332,2020,2020-01-16 18:09,2020-01-16 00:00,2020-00007884,L,1,3,0,13,50,LEON,TALLAHASSEE,2,2020-01-16 18:09,2020-01-16 18:09,2020-01-16 18:09,2020-01-16 18:45,2,,2,W TENNESSEE ST,,30.444736,-84.290756,36,,E,N COPELAND ST,,3,3,2,1,4,2,1,1,,10,1,2,3,1,,,1,,,1,,,,,732,OFFICER,,,,,TALLAHASSEE POLICE DEPARTMENT,2,2020-01-18 14:19,,,,,,,,,,,,,,,,,,,,,,,,,,,,,,,,,,,,,,,,,,,,,,,,,,,,,,,,,,,,,,
89148821,2020,2020-03-16 01:37,2020-03-16 00:00,2020-00040836,L,1,2,0,13,50,LEON,TALLAHASSEE,2,2020-03-16 01:37,2020-03-16 01:39,2020-03-16 01:40,2020-03-16 02:00,2,,2,DIXIE DR,207,30.443459,-84.3274,,,,,,9,2,1,1,5,1,1,1,,10,8,1,1,1,,,1,,,1,,,,,560,OFFICER,,,,,TALLAHASSEE POLICE DEPARTMENT,2,2020-03-17 14:35,,,,,,,,,,,,,,,,,,,,,,,,,,,,,,,,,,,,,,,,,,,,,,,,,,,,,,,,,,,,,,
89148641,2020,2020-03-08 07:30,2020-03-08 00:00,2020-00037010,L,1,2,0,13,50,LEON,TALLAHASSEE,2,2020-03-08 08:04,2020-03-08 08:05,2020-03-08 08:08,2020-03-08 08:32,2,,2,HOLTON ST,,30.413435,-84.296065,,,,MEDICAL COMMONS CT,,5,2,3,1,3,1,1,1,,10,1,1,2,1,,,1,,,1,,,,,648,OFFICER,,,,,TALLAHASSEE POLICE DEPARTMENT,2,2020-03-16 14:04,,,,,,,,,,,,,,,,,,,,,,,,,,,,,,,,,,,,,,,,,,,,,,,,,,,,,,,,,,,,,,
89147320,2020,2020-01-16 16:30,2020-01-16 00:00,2020-00007824,L,1,2,0,13,50,LEON,TALLAHASSEE,2,2020-01-16 16:31,2020-01-16 16:31,2020-01-16 16:31,2020-01-16 17:00,2,,2,S MERIDIAN ST,,30.413232,-84.277116,,,,POLK DR,,5,2,2,1,1,1,2,1,,10,1,1,2,1,,,1,,,1,,,,,302,OFC,,,,,TALLAHASSEE POLICE DEPARTMENT,2,2020-01-18 14:19,,,,,,,,,,,,,,,,,,,,,,,,,,,,,,,,,,,,,,,,,,,,,,,,,,,,,,,,,,,,,,
89148707,2020,2020-03-10 20:37,2020-03-10 00:00,2020-00038134,L,1,2,0,13,50,LEON,TALLAHASSEE,2,2020-03-10 20:37,2020-03-10 20:38,2020-03-10 20:41,2020-03-10 21:30,2,,2,W PENSACOLA ST,,30.441128,-84.328496,229,,W,MABRY ST,,5,1,1,2,4,1,1,1,,10,1,1,1,1,,,1,,,1,,,,,607,OFFICER,,,,,TALLAHASSEE POLICE DEPARTMENT,2,2020-03-17 14:35,,,,,,,,,,,,,,,,,,,,,,,,,,,,,,,,,,,,,,,,,,,,,,,,,,,,,,,,,,,,,,
88366672,2020,2020-11-28 04:29,2020-11-28 05:21,FHPH20OFF015968,L,1,2,0,13,0,LEON,UNINCORPORATED,1,2020-11-28 04:34,2020-11-28 04:47,2020-11-28 04:56,2020-11-28 05:30,2,,2,US HIGHWAY 319,,30.33197,-84.32577,,0.5,N,GLOVER ROAD,,2,2,1,1,5,3,2,1,77,10,1,1,1,10,,,2,,,1,,,,,4260,TPR,,,,,FLORIDA HIGHWAY PATROL,1,2020-11-30 14:24,,,,,,,,,,,,,,,,,,,,,,,,,,,,,,,,,,,,,,,,,,,,,,,,,,,,,,,,,,,,,,
89145983,2019,2019-11-19 18:14,2019-11-19 00:00,2019-00177934,L,1,2,0,13,50,LEON,TALLAHASSEE,2,2019-11-19 18:14,2019-11-19 18:21,2019-11-19 18:21,2019-11-19 18:32,2,,2,N MACOMB ST,,30.450891,-84.288441,353,,S,CROWDER LN,,5,3,1,1,4,1,1,1,,10,1,1,1,1,,,1,,,1,,,,,320,OFFICER,,,,,TALLAHASSEE POLICE DEPARTMENT,2,2020-01-21 14:18,,,,,,,,,,,,,,,,,,,,,,,,,,,,,,,,,,,,,,,,,,,,,,,,,,,,,,,,,,,,,,
89147375,2020,2020-01-18 18:59,2020-01-18 00:00,2020-00009100,L,1,4,0,13,50,LEON,TALLAHASSEE,2,2020-01-18 18:59,2020-01-18 19:01,2020-01-18 19:06,2020-01-18 20:00,2,,2,W PENSACOLA ST,,30.438779,-84.285587,,,,S M L KING JR BLVD,,5,3,2,2,4,1,1,1,,10,1,1,2,1,,,1,,,1,,,,,540,OFFICER,,,,,TALLAHASSEE POLICE DEPARTMENT,2,2020-01-21 14:18,,,,,,,,,,,,,,,,,,,,,,,,,,,,,,,,,,,,,,,,,,,,,,,,,,,,,,,,,,,,,,
89299202,2020,2020-05-29 06:05,2020-05-29 00:00,200074209,L,1,2,0,13,0,LEON,UNINCORPORATED,1,2020-05-29 06:15,2020-05-29 06:15,2020-05-29 06:25,2020-05-29 06:41,2,,2,CAPITAL CIR NW,,30.498718,-84.361641,353,,S,MADDOX RD,,3,1,1,1,3,1,1,1,,10,1,1,1,1,,,77,1,,1,,,,,210,DEPUTY,,,,,LEON COUNTY SHERIFFS OFFICE,3,2020-06-16 14:30,,,,,,,,,,,,,,,,,,,,,,,,,,,,,,,,,,,,,,,,,,,,,,,,,,,,,,,,,,,,,,
89148213,2020,2020-02-20 18:50,2020-02-20 00:00,2020-00027723,L,1,2,0,13,50,LEON,TALLAHASSEE,2,2020-02-20 18:50,2020-02-20 18:52,2020-02-20 18:55,2020-02-20 19:07,2,,2,E MADISON ST,,30.436236,-84.280588,,,E,S MONROE ST,,5,3,3,1,5,3,2,1,,10,1,1,3,10,,,2,,,1,,,,,657,OFFICER,,,,,TALLAHASSEE POLICE DEPARTMENT,2,2020-02-23 13:44,,,,,,,,,,,,,,,,,,,,,,,,,,,,,,,,,,,,,,,,,,,,,,,,,,,,,,,,,,,,,,
90112277,2020,2020-11-22 17:50,2020-11-22 00:00,2020-00160917,L,1,2,0,13,50,LEON,TALLAHASSEE,2,2020-11-22 17:55,2020-11-22 18:10,2020-11-22 16:17,2020-11-22 16:35,2,,2,CAPITAL CIR NW,1490,30.46779,-84.362296,,,,,,9,3,1,2,1,1,1,1,,10,2,1,1,1,,,1,,,1,,,,,681,POLICE OFFICER,,,,,TALLAHASSEE POLICE DEPARTMENT,2,2020-11-28 14:28,,,,,,,,,,,,,,,,,,,,,,,,,,,,,,,,,,,,,,,,,,,,,,,,,,,,,,,,,,,,,,
89298919,2020,2020-02-23 13:10,2020-02-23 00:00,20029745,L,1,2,0,13,0,LEON,UNINCORPORATED,1,2020-02-23 13:12,2020-02-23 13:13,2020-02-23 13:18,2020-02-23 14:00,2,,2,THORNTON RD,,30.480426,-84.171955,17,,N,MAHAN DR,,4,3,3,1,1,1,1,1,,10,1,2,3,1,,,1,,,1,,,,,346,FTO DEPUTY,,,,,LEON COUNTY SHERIFFS OFFICE,3,2020-02-25 14:34,,,,,,,,,,,,,,,,,,,,,,,,,,,,,,,,,,,,,,,,,,,,,,,,,,,,,,,,,,,,,,
88326795,2020,2020-03-21 19:00,2020-03-21 19:45,FHPH20OFF003647,L,1,2,0,13,0,LEON,UNINCORPORATED,1,2020-03-21 19:02,2020-03-21 19:05,2020-03-21 19:39,2020-03-21 19:46,2,,2,BUR OAK DR,,30.308167278432,-84.2512290986415,50,,E,HACKBERRY ST,,4,2,1,1,2,2,2,1,77,10,1,1,1,1,,,1,,,1,,,,,4307,TROOPER,,,,,FLORIDA HIGHWAY PATROL,1,2020-03-27 13:59,,,,,,,,,,,,,,,,,,,,,,,,,,,,,,,,,,,,,,,,,,,,,,,,,,,,,,,,,,,,,,
89149558,2020,2020-06-01 08:25,2020-06-01 00:00,2020-00085726,L,1,3,0,13,50,LEON,TALLAHASSEE,2,2020-06-01 08:29,2020-06-01 08:31,2020-06-01 08:45,2020-06-01 10:00,2,,2,MISSION TRACE BLVD,3801,30.489787,-84.347487,,,,,,9,2,1,1,1,1,1,1,,10,1,1,1,1,,,1,,,1,,,,,321,OFFICER,,,,,TALLAHASSEE POLICE DEPARTMENT,2,2020-06-03 14:10,,,,,,,,,,,,,,,,,,,,,,,,,,,,,,,,,,,,,,,,,,,,,,,,,,,,,,,,,,,,,,
90112614,2020,2020-12-13 01:13,2020-12-13 00:00,2020-00168978,L,1,2,0,13,50,LEON,TALLAHASSEE,2,2020-12-13 01:13,2020-12-13 01:14,2020-12-13 01:16,2020-12-13 03:15,2,,2,W TENNESSEE ST,,30.444641,-84.29168,255,,W,N COPELAND ST,,5,3,1,2,4,4,1,1,,10,1,1,1,1,,,1,,,1,,,,,522,OFFICER,,,,,TALLAHASSEE POLICE DEPARTMENT,2,2020-12-14 14:02,,,,,,,,,,,,,,,,,,,,,,,,,,,,,,,,,,,,,,,,,,,,,,,,,,,,,,,,,,,,,,
90110536,2020,2020-08-27 13:43,2020-08-27 00:00,2020-00122862,L,1,1,0,13,50,LEON,TALLAHASSEE,2,2020-08-27 13:43,2020-08-27 13:44,2020-08-27 13:49,2020-08-27 14:15,2,,2,ASTORIA CT,2312,30.47517,-84.334848,,,,,,9,3,1,1,1,2,1,1,,10,1,1,4,1,,,1,,,1,,,,,567,OFFICER,,,,,TALLAHASSEE POLICE DEPARTMENT,2,2020-09-04 14:16,,,,,,,,,,,,,,,,,,,,,,,,,,,,,,,,,,,,,,,,,,,,,,,,,,,,,,,,,,,,,,
89299602,2020,2020-09-18 11:27,2020-09-18 00:00,200128291,L,1,2,0,13,0,LEON,UNINCORPORATED,1,2020-09-18 11:27,2020-09-18 11:28,2020-09-18 11:36,2020-09-18 12:16,2,,2,OX BOTTOM RD,1820,30.545749,-84.250007,,,,,,9,1,1,2,1,1,1,1,,10,8,1,4,1,,,1,,,1,,,,,11912,DEPUTY,,,,,LEON COUNTY SHERIFFS OFFICE,3,2020-09-21 14:03,,,,,,,,,,,,,,,,,,,,,,,,,,,,,,,,,,,,,,,,,,,,,,,,,,,,,,,,,,,,,,
89148390,2020,2020-02-28 22:00,2020-02-28 00:00,2020-00031849,L,1,2,0,13,50,LEON,TALLAHASSEE,2,2020-02-28 23:34,2020-02-28 23:36,2020-02-28 23:38,2020-02-28 00:10,2,,2,WEEMS RD,,30.46204,-84.222422,,,,MAHAN DR,,2,3,2,1,5,1,1,1,,10,1,1,2,1,,,1,,,1,,,,,586,OFFICER,,,,,TALLAHASSEE POLICE DEPARTMENT,2,2020-03-05 14:42,,,,,,,,,,,,,,,,,,,,,,,,,,,,,,,,,,,,,,,,,,,,,,,,,,,,,,,,,,,,,,
89148422,2020,2020-02-28 20:25,2020-02-28 00:00,2020-00032438,L,1,2,0,13,50,LEON,TALLAHASSEE,2,2020-02-28 20:55,2020-02-28 20:57,2020-02-28 21:00,2020-02-28 21:20,2,,2,OKALOOSA ST,,30.423508,-84.296193,,,,HOLTON ST,,5,2,2,1,5,1,1,1,,10,1,1,77,1,,,1,,,1,,,,,677,OFC,,,,,TALLAHASSEE POLICE DEPARTMENT,2,2020-03-01 13:45,,,,,,,,,,,,,,,,,,,,,,,,,,,,,,,,,,,,,,,,,,,,,,,,,,,,,,,,,,,,,,
88004920,2019,2019-10-04 17:30,2020-02-01 12:58,FHPH19OFF014120,U,2,2,0,13,50,LEON,TALLAHASSEE,2,2019-10-04 17:34,2019-10-04 17:34,2019-10-04 17:34,2019-10-04 18:32,2,,2,STATE ROAD 61,,30.43142,-84.28062,0,,N,OAKLAND AVE,,3,3,2,1,1,1,1,1,5,10,1,1,2,1,,,1,,,1,,,,,3704,TROOPER,,,,,FLORIDA HIGHWAY PATROL,1,2020-02-09 13:53,,,,,,,,,,,,,,,,,,,,,,,,,,,,,,,,,,,,,,,,,,,,,,,,,,,,,,,,,,,,,,
90112801,2020,2020-12-23 10:30,2020-12-23 00:00,2020-00172881,L,1,3,0,13,50,LEON,TALLAHASSEE,2,2020-12-23 10:30,2020-12-23 10:36,2020-12-23 10:45,2020-12-23 11:10,2,,2,CALIARK ST,,30.449183,-84.309888,16,,N,W TENNESSEE ST,,5,3,3,1,1,1,1,1,,10,1,1,2,1,,,1,,,1,,,,,689,OFC,,,,,TALLAHASSEE POLICE DEPARTMENT,2,2020-12-24 14:19,,,,,,,,,,,,,,,,,,,,,,,,,,,,,,,,,,,,,,,,,,,,,,,,,,,,,,,,,,,,,,
89148608,2020,2020-03-06 20:00,2020-03-27 00:00,2020-00036257,U,1,2,0,13,50,LEON,TALLAHASSEE,2,2020-03-06 20:09,2020-03-06 20:10,2020-03-06 20:49,2020-03-06 21:10,2,,2,S MONROE ST,,30.440669,-84.280622,,,,E COLLEGE AVE,,5,3,2,1,4,1,1,1,,10,1,1,2,1,,,1,,,1,,,,,579,OFC,,,,,TALLAHASSEE POLICE DEPARTMENT,2,2020-03-29 13:38,,,,,,,,,,,,,,,,,,,,,,,,,,,,,,,,,,,,,,,,,,,,,,,,,,,,,,,,,,,,,,
88261356,2020,2020-01-06 21:30,2020-08-31 08:35,FHPH20OFF000265,U,1,2,0,13,0,LEON,UNINCORPORATED,1,2020-01-06 21:50,2020-01-06 21:50,2020-01-06 21:50,2020-01-06 23:40,2,,2,UNITED STATES 27 NORTH (STATE ROAD 63 NORTH),,30.48622,-84.31473,,,,NORTHMONT DRIVE,,2,1,1,1,4,2,1,1,77,10,1,1,1,1,,,1,,,1,,,,,1020,CPL,,,,,FLORIDA HIGHWAY PATROL,1,2020-09-04 14:16,,,,,,,,,,,,,,,,,,,,,,,,,,,,,,,,,,,,,,,,,,,,,,,,,,,,,,,,,,,,,,
89147990,2020,2020-02-12 23:10,2020-02-12 00:00,2020-00023299,L,1,2,0,13,50,LEON,TALLAHASSEE,2,2020-02-12 23:11,2020-02-12 23:12,2020-02-12 23:12,2020-02-12 00:00,2,,2,STADIUM DR,,30.446875,-84.306458,,,,W CALL ST,,5,3,2,1,4,4,2,1,,10,1,1,3,1,,,1,,,1,,,,,544,OFC,,,,,TALLAHASSEE POLICE DEPARTMENT,2,2020-02-22 14:11,,,,,,,,,,,,,,,,,,,,,,,,,,,,,,,,,,,,,,,,,,,,,,,,,,,,,,,,,,,,,,
90111999,2020,2020-11-07 21:06,2020-12-23 00:00,2020-00154363,U,1,2,0,13,50,LEON,TALLAHASSEE,2,2020-11-07 21:06,2020-11-07 21:08,2020-11-07 21:11,2020-11-07 21:34,2,,2,W PENSACOLA ST,,30.438724,-84.296137,,,,LORENE ST,,5,1,77,1,4,1,1,1,,10,1,1,2,1,,,1,,,1,,,,,661,INVESTIGATOR,,,,,TALLAHASSEE POLICE DEPARTMENT,2,2020-12-25 14:07,,,,,,,,,,,,,,,,,,,,,,,,,,,,,,,,,,,,,,,,,,,,,,,,,,,,,,,,,,,,,,
88255341,2020,2020-03-24 22:40,2020-03-24 23:11,FHPH20OFF003762,L,1,3,0,13,0,LEON,UNINCORPORATED,1,2020-03-24 22:43,2020-03-24 22:46,2020-03-24 22:50,2020-03-25 23:37,2,,2,US HWY 319 S (CAPITAL CIRCLE SE),,30.41098,-84.23505,25,,S,ORANGE AVE,,2,2,1,1,5,1,1,1,77,10,1,1,1,1,,,1,,,1,,,,,4181,TROOPER,,,,,FLORIDA HIGHWAY PATROL,1,2020-03-29 13:38,,,,,,,,,,,,,,,,,,,,,,,,,,,,,,,,,,,,,,,,,,,,,,,,,,,,,,,,,,,,,,
89148369,2020,2020-02-27 10:07,2020-02-27 00:00,2020-00031408,L,1,2,0,13,50,LEON,TALLAHASSEE,2,2020-02-27 10:07,2020-02-27 10:07,2020-02-27 10:07,2020-02-27 12:00,2,,2,MURPHREE ST,,30.448934,-84.305894,,,,W TENNESSEE ST,,2,3,3,1,1,1,1,1,,10,1,1,2,1,,,1,,,1,,,,,307,OFFICER,,,,,TALLAHASSEE POLICE DEPARTMENT,2,2020-03-01 13:45,,,,,,,,,,,,,,,,,,,,,,,,,,,,,,,,,,,,,,,,,,,,,,,,,,,,,,,,,,,,,,
89299642,2020,2020-09-28 22:30,2020-09-28 00:00,200133710,L,1,2,0,13,0,LEON,UNINCORPORATED,1,2020-09-28 22:39,2020-09-28 22:39,2020-09-28 22:46,2020-09-28 23:59,2,,2,POPLAR DR,1160,30.451697,-84.382083,,,,,,5,2,1,1,5,1,1,1,,10,2,1,1,1,,,1,,,1,,,,,237,DEPUTY,,,,,LEON COUNTY SHERIFFS OFFICE,3,2020-09-30 14:32,,,,,,,,,,,,,,,,,,,,,,,,,,,,,,,,,,,,,,,,,,,,,,,,,,,,,,,,,,,,,,
90111595,2020,2020-10-20 11:10,2020-11-25 00:00,2020-00145646,U,1,5,0,13,50,LEON,TALLAHASSEE,2,2020-10-20 11:13,2020-10-20 11:14,2020-10-20 11:17,2020-10-20 12:30,2,,2,E TENNESSEE ST,,30.444649,-84.27703,,,,N MERIDIAN ST,,5,3,2,2,1,1,1,1,,10,1,2,2,1,,,1,,,1,,,,,248,OFC,,,,,TALLAHASSEE POLICE DEPARTMENT,2,2020-11-27 14:24,,,,,,,,,,,,,,,,,,,,,,,,,,,,,,,,,,,,,,,,,,,,,,,,,,,,,,,,,,,,,,
89298947,2020,2020-02-27 11:25,2020-02-27 00:00,200032485,L,1,2,0,13,50,LEON,TALLAHASSEE,2,2020-02-27 11:25,2020-02-27 11:25,2020-02-27 11:27,2020-02-27 12:00,2,,2,UNNAMED RD,,30.435751,-84.209458,,,,,,9,2,1,2,1,1,1,1,,10,1,1,1,1,,,77,,,1,,,,,265,DEPUTY,,,,,LEON COUNTY SHERIFFS OFFICE,3,2020-02-28 14:24,,,,,,,,,,,,,,,,,,,,,,,,,,,,,,,,,,,,,,,,,,,,,,,,,,,,,,,,,,,,,,
90112029,2020,2020-09-12 02:00,2020-11-10 00:00,2020-00129436,L,1,2,0,13,50,LEON,TALLAHASSEE,2,2020-09-12 02:04,2020-09-12 02:06,2020-09-12 02:16,2020-09-12 03:46,2,,2,APALACHEE PKWY,1231,30.436378,-84.263446,,,,,,9,3,1,1,4,1,1,1,,10,2,1,1,1,,,77,,,1,,,,,596,OFFICER,,,,,TALLAHASSEE POLICE DEPARTMENT,2,2020-11-11 15:03,,,,,,,,,,,,,,,,,,,,,,,,,,,,,,,,,,,,,,,,,,,,,,,,,,,,,,,,,,,,,,
90109403,2020,2020-06-19 14:03,2020-06-19 00:00,2020-00093891,L,1,2,0,13,50,LEON,TALLAHASSEE,2,2020-06-19 14:03,2020-06-19 14:00,2020-06-19 14:13,2020-06-19 14:13,2,,2,KESTNER ST,,30.42149,-84.280657,,,,S MONROE ST,,5,1,2,1,1,1,1,1,,10,1,1,3,1,,,1,,,1,,,,,675,OFFICER,,,,,TALLAHASSEE POLICE DEPARTMENT,2,2020-06-22 13:48,,,,,,,,,,,,,,,,,,,,,,,,,,,,,,,,,,,,,,,,,,,,,,,,,,,,,,,,,,,,,,
89148995,2020,2020-04-01 14:00,2020-04-01 00:00,2020-00049554,L,1,2,0,13,50,LEON,TALLAHASSEE,2,2020-04-01 14:00,2020-04-01 14:31,2020-04-01 14:37,2020-04-01 15:15,2,,2,TENN ST W,4400,30.461439,-84.358812,,,,,,9,3,1,1,1,1,1,1,,10,8,1,77,1,,,1,,,1,,,,,597,OFFICER,,,,,TALLAHASSEE POLICE DEPARTMENT,2,2020-04-03 13:55,,,,,,,,,,,,,,,,,,,,,,,,,,,,,,,,,,,,,,,,,,,,,,,,,,,,,,,,,,,,,,
90111557,2020,2020-10-18 02:06,2020-10-18 00:00,2020-00144766,L,1,2,0,13,50,LEON,TALLAHASSEE,2,2020-10-18 11:37,2020-10-18 11:39,2020-10-18 11:41,2020-10-18 12:30,2,,2,N M L KING JR BLVD,,30.463681,-84.285549,,,,W THARPE ST,,5,3,2,1,5,1,1,1,,10,1,1,2,1,,,1,,,1,,,,,307,OFFICER,,,,,TALLAHASSEE POLICE DEPARTMENT,2,2020-10-19 13:55,,,,,,,,,,,,,,,,,,,,,,,,,,,,,,,,,,,,,,,,,,,,,,,,,,,,,,,,,,,,,,
89298682,2020,2020-01-07 16:30,2020-01-07 00:00,200003790,L,1,4,0,13,0,LEON,UNINCORPORATED,1,2020-01-07 16:33,2020-01-07 16:33,2020-01-07 16:44,2020-01-07 17:56,2,,2,LOG RIDGE TRL,,30.605628,-84.249673,238,,E,COPPERFIELD CIR,,5,2,1,2,1,1,1,1,,10,1,1,1,1,,,4,,,1,,,,,11469,DEPUTY,,,,,LEON COUNTY SHERIFFS OFFICE,3,2020-01-09 14:39,,,,,,,,,,,,,,,,,,,,,,,,,,,,,,,,,,,,,,,,,,,,,,,,,,,,,,,,,,,,,,
90112597,2020,2020-12-12 10:52,2020-12-12 00:00,2020-00168677,L,1,2,0,13,50,LEON,TALLAHASSEE,2,2020-12-12 10:52,2020-12-12 10:52,2020-12-12 11:00,2020-12-12 11:30,2,,2,APALACHEE PKWY,3300,30.428115,-84.220213,,,,,,9,3,1,1,1,2,1,1,,10,8,1,1,1,,,1,,,1,,,,,719,OFFICER,,,,,TALLAHASSEE POLICE DEPARTMENT,2,2020-12-13 13:48,,,,,,,,,,,,,,,,,,,,,,,,,,,,,,,,,,,,,,,,,,,,,,,,,,,,,,,,,,,,,,
89147625,2020,2020-01-30 08:25,2020-04-08 00:00,2020-00015256,U,1,2,0,13,50,LEON,TALLAHASSEE,2,2020-01-30 08:26,2020-01-30 08:27,2020-01-30 08:31,2020-01-30 12:00,2,,2,W TENNESSEE ST,,30.448261,-84.302469,551,,E,W BREVARD ST,,5,3,1,2,1,1,1,1,,10,1,1,1,1,,,88,,,1,,,,,661,INVESTIGATOR,,,,,TALLAHASSEE POLICE DEPARTMENT,2,2020-04-19 13:33,,,,,,,,,,,,,,,,,,,,,,,,,,,,,,,,,,,,,,,,,,,,,,,,,,,,,,,,,,,,,,
90111518,2020,2020-10-16 19:26,2020-10-16 00:00,2020-00144008,L,1,2,0,13,50,LEON,TALLAHASSEE,2,2020-10-16 19:26,2020-10-16 19:28,2020-10-16 17:35,2020-10-16 19:51,2,,2,LAKE BRADFORD RD,,30.420606,-84.302393,75,,N,HUTCHINSON ST,,5,3,1,1,2,1,1,1,,10,1,1,18,1,,,1,,,1,,,,,627,PATROL,,,,,TALLAHASSEE POLICE DEPARTMENT,2,2020-10-18 13:42,,,,,,,,,,,,,,,,,,,,,,,,,,,,,,,,,,,,,,,,,,,,,,,,,,,,,,,,,,,,,,
88366666,2020,2020-10-16 15:05,2020-10-16 15:31,FHPH20OFF013707,L,1,2,0,13,50,LEON,TALLAHASSEE,2,2020-10-16 15:09,2020-10-16 15:11,2020-10-16 15:19,2020-10-16 16:37,2,,2,US HIGHWAY 27,,30.4816850667124,-84.3067748127003,,,,STATE ROAD 10 EAST BOUND EXIT RAMP,,3,1,2,1,1,1,1,1,77,10,1,1,2,1,,,1,,,1,,,,,4260,TPR,,,,,FLORIDA HIGHWAY PATROL,1,2020-10-19 13:55,,,,,,,,,,,,,,,,,,,,,,,,,,,,,,,,,,,,,,,,,,,,,,,,,,,,,,,,,,,,,,
90110134,2020,2020-08-04 21:02,2020-08-04 00:00,2020-00113587,L,1,2,0,13,50,LEON,TALLAHASSEE,2,2020-08-04 21:02,2020-08-04 21:05,2020-08-04 21:15,2020-08-04 21:15,2,,2,CAPITAL CIR NW,,30.459021,-84.360945,,,,W TENNESSEE ST,,5,3,2,1,4,1,1,1,,10,1,1,2,1,,,1,,,1,,,,,569,OFFICER,,,,,TALLAHASSEE POLICE DEPARTMENT,2,2020-08-06 14:17,,,,,,,,,,,,,,,,,,,,,,,,,,,,,,,,,,,,,,,,,,,,,,,,,,,,,,,,,,,,,,