report_number,crash_year,crash_date_time,report_date_time,investigating_agency_rep_num,form_type,total_number_of_vehicles,total_number_of_persons,total_number_of_narratives,county_code,city_code,county_name,city_name,rural_or_urban,notified_time,dispatched_time,arrived_time,cleared_time,completed_flag,reason_not_completed,notified_by,on_street_road_highway,street_address_number,latitude,longitude,feet_from_intersection,miles_from_intersection,direction_from_intersection,from_intersection_of,from_milepost_number,road_system_identifier,type_of_shoulder,type_of_intersection,photos_taken_flag,light_condition,weather_condition,road_surface_condition,school_bus_related_code,type_of_impact,first_harmful_event,harmful_event_location,interchange_flag,junction_flag,road_circumstances_1,road_circumstances_2,road_circumstances_3,environment_circumstances_1,environment_circumstances_2,environment_circumstances_3,work_zone_related_flag,location_within_zone,type_of_work_zone,workers_present,law_enforcement_present,investigator_id,investigator_rank,investigator_first_name,investigator_middle_name,investigator_last_name,investigator_suffix,investigating_agency_name,investigating_agency_type,load_dt90838674,,,,,,,,,,,,,,,,,,,,,,,,,,,,,,5,2,1,1,88,1,1,1,1,32,2,88,1,1,,,1,,,1,,,,,217,DEPUTY,,,EPLHASE,,LEON COUNTY,2,2011-03-08 15:54
90109492,2020,2020-06-25 15:15,2020-07-29 00:00,2020-00096421,U,1,2,0,13,50,LEON,TALLAHASSEE,2,2020-06-25 15:15,2020-06-25 15:18,2020-06-25 15:30,2020-06-25 15:45,2,,2,W ORANGE AVE,723,30.412431,-84.295194,,,,,,9,1,1,1,1,1,1,1,,10,2,1,1,1,,,1,,,1,,,,,357,OFFICER,,,,,TALLAHASSEE POLICE DEPARTMENT,2,2020-08-02 13:44,,,,,,,,,,,,,,,,,,,,,,,,,,,,,,,,,,,,,,,,,,,,,,,,,,,,,,,,,,,,,,
89148584,2020,2020-03-06 06:30,2020-03-06 00:00,2020-00035983,L,1,2,0,13,50,LEON,TALLAHASSEE,2,2020-03-06 06:30,2020-03-06 06:31,2020-03-06 06:32,2020-03-06 07:30,2,,2,N DUVAL ST,,30.457674,-84.283151,25,,S,W 7TH AVE,,5,3,1,2,3,1,1,1,,10,1,1,1,1,,,1,,,1,,,,,303,OFFICER,,,,,TALLAHASSEE POLICE DEPARTMENT,2,2020-03-09 14:09,,,,,,,,,,,,,,,,,,,,,,,,,,,,,,,,,,,,,,,,,,,,,,,,,,,,,,,,,,,,,,
90110356,2020,2020-08-18 15:30,2020-08-18 00:00,2020-00119111,L,1,3,0,13,50,LEON,TALLAHASSEE,2,2020-08-18 15:34,2020-08-18 15:41,2020-08-18 15:50,2020-08-18 16:30,2,,2,APALACHEE PKWY,1500,30.435706,-84.253024,,,,,,9,1,1,1,1,2,2,1,,10,1,1,1,1,,,1,,,1,,,,,721,OFC.,,,,,TALLAHASSEE POLICE DEPARTMENT,2,2020-08-21 14:21,,,,,,,,,,,,,,,,,,,,,,,,,,,,,,,,,,,,,,,,,,,,,,,,,,,,,,,,,,,,,,
90111342,2020,2020-10-08 08:50,2020-10-08 00:00,2020-00140119,L,1,2,0,13,50,LEON,TALLAHASSEE,2,2020-10-08 08:50,2020-10-08 08:52,2020-10-08 09:02,2020-10-08 10:00,2,,2,ATLANTIS PL,,30.465064,-84.275055,,,,GLENVIEW DR,,5,3,2,1,1,1,1,1,,10,1,1,2,1,,,1,,,1,,,,,198,LIEUTENANT,,,,,TALLAHASSEE POLICE DEPARTMENT,2,2020-10-09 14:16,,,,,,,,,,,,,,,,,,,,,,,,,,,,,,,,,,,,,,,,,,,,,,,,,,,,,,,,,,,,,,
89769387,2020,2020-09-05 22:37,2020-09-05 00:00,2009-0036,S,1,2,0,13,40,LEON,FLORIDA STATE UNIV.,2,2020-09-05 22:37,2020-09-05 22:37,2020-09-05 22:38,2020-09-05 22:53,2,,2,OCALA RD,,30.445507,-84.317037,,,,HERITAGE GROVE CIR,,5,1,2,1,4,1,1,1,,10,1,1,3,1,,,1,,,1,,,,,449,OFFICER,,,,,FSU POLICE DEPARTMENT,2,2020-09-07 13:53,,,,,,,,,,,,,,,,,,,,,,,,,,,,,,,,,,,,,,,,,,,,,,,,,,,,,,,,,,,,,,
90109911,2020,2020-07-22 13:01,2020-07-31 00:00,2020-00107803,U,1,5,0,13,50,LEON,TALLAHASSEE,2,2020-07-22 13:01,2020-07-22 13:03,2020-07-22 13:05,2020-07-22 15:20,1,THI,2,CAPITAL CIR NE,,30.48792,-84.239197,148,,S,LONNBLADH RD,,3,3,1,1,1,1,1,1,,10,1,1,18,1,,,1,,,1,,,,,334,OFC,,,,,TALLAHASSEE POLICE DEPARTMENT,2,2020-08-02 13:44,,,,,,,,,,,,,,,,,,,,,,,,,,,,,,,,,,,,,,,,,,,,,,,,,,,,,,,,,,,,,,
89299811,2020,2020-11-12 14:10,2020-11-12 00:00,200159748,L,1,4,0,13,0,LEON,UNINCORPORATED,1,2020-11-12 14:10,2020-11-12 14:14,2020-11-12 14:23,2020-11-12 15:30,2,,2,STABLE RUN DR,,30.439238,-84.399809,114,,E,SILVER SADDLE DR,,5,2,1,1,1,1,1,1,,10,1,1,1,1,,,1,,,1,,,,,418,DEPUTY,,,,,LEON COUNTY SHERIFFS OFFICE,3,2020-11-16 16:00,,,,,,,,,,,,,,,,,,,,,,,,,,,,,,,,,,,,,,,,,,,,,,,,,,,,,,,,,,,,,,
90110232,2020,2020-08-11 17:12,2020-08-11 00:00,2020-00116380,L,1,2,0,13,50,LEON,TALLAHASSEE,2,2020-08-11 17:12,2020-08-11 17:27,2020-08-11 17:37,2020-08-11 20:00,2,,2,N MONROE ST,,30.479844,-84.301998,213,,E,LAKESHORE DR,,3,3,1,2,1,3,2,1,,10,1,1,1,1,,,1,,,1,,,,,732,OFFICER,,,,,TALLAHASSEE POLICE DEPARTMENT,2,2020-08-13 14:08,,,,,,,,,,,,,,,,,,,,,,,,,,,,,,,,,,,,,,,,,,,,,,,,,,,,,,,,,,,,,,
90110484,2020,2020-08-25 16:51,2020-08-25 00:00,2020-00121664,S,1,2,0,13,50,LEON,TALLAHASSEE,2,2020-08-25 16:51,2020-08-25 17:02,2020-08-25 17:10,2020-08-25 17:46,2,,2,S ADAMS ST,,30.432775,-84.281915,147,,N,W VAN BUREN ST,,5,1,3,1,1,1,1,1,,10,1,1,3,1,,,1,,,1,,,,,532,OFC.,,,,,TALLAHASSEE POLICE DEPARTMENT,2,2020-08-26 14:25,,,,,,,,,,,,,,,,,,,,,,,,,,,,,,,,,,,,,,,,,,,,,,,,,,,,,,,,,,,,,,
89299538,2020,2020-09-02 18:08,2020-09-04 00:00,200120616,L,1,2,0,13,50,LEON,TALLAHASSEE,2,2020-09-02 18:08,2020-09-02 18:08,2020-09-02 18:34,2020-09-02 18:49,2,,2,LAKE BRADFORD RD,,30.426721,-84.302145,,,,GAMBLE RD,,5,3,2,1,1,1,1,1,,10,1,1,3,1,,,1,,,1,,,,,386,DEPUTY,,,,,LEON COUNTY SHERIFFS OFFICE,3,2020-09-07 13:53,,,,,,,,,,,,,,,,,,,,,,,,,,,,,,,,,,,,,,,,,,,,,,,,,,,,,,,,,,,,,,
90110932,2020,2020-09-09 11:10,2020-12-10 00:00,2020-00131133,U,1,2,0,13,50,LEON,TALLAHASSEE,2,2020-09-09 11:23,2020-09-09 11:23,2020-09-09 11:23,2020-09-09 11:23,2,,2,N MONROE ST,808,30.450627,-84.281004,,,,,,9,3,1,1,1,1,1,1,,10,2,1,1,1,,,1,,,88,,,,,306,OFFICER,,,,,TALLAHASSEE POLICE DEPARTMENT,2,2020-12-12 14:14,,,,,,,,,,,,,,,,,,,,,,,,,,,,,,,,,,,,,,,,,,,,,,,,,,,,,,,,,,,,,,
89147722,2020,2020-02-03 14:37,2020-02-03 00:00,2020-00017671,L,1,2,0,13,50,LEON,TALLAHASSEE,2,2020-02-03 14:37,2020-02-03 14:38,2020-02-03 14:43,2020-02-03 15:45,2,,2,W SAINT AUGUSTINE ST,,30.437468,-84.293049,,,,GAY ST,,4,3,2,1,1,1,1,1,,10,1,1,3,1,,,1,,,1,,,,,504,OFFICER,,,,,TALLAHASSEE POLICE DEPARTMENT,2,2020-02-05 14:34,,,,,,,,,,,,,,,,,,,,,,,,,,,,,,,,,,,,,,,,,,,,,,,,,,,,,,,,,,,,,,
89147726,2020,2020-02-03 18:57,2020-02-03 00:00,2020-00017790,L,1,4,0,13,50,LEON,TALLAHASSEE,2,2020-02-03 18:57,2020-02-03 18:58,2020-02-03 19:10,2020-02-03 20:30,2,,2,S BRONOUGH ST,,30.43669,-84.284312,,,,W MADISON ST,,5,3,2,1,2,1,1,1,,10,1,1,2,1,,,1,,,1,,,,,542,OFFICER,,,,,TALLAHASSEE POLICE DEPARTMENT,2,2020-02-05 14:34,,,,,,,,,,,,,,,,,,,,,,,,,,,,,,,,,,,,,,,,,,,,,,,,,,,,,,,,,,,,,,
89147466,2020,2020-01-22 22:40,2020-01-23 00:00,2020-00011494,L,1,2,0,13,50,LEON,TALLAHASSEE,2,2020-01-22 13:57,2020-01-22 14:20,2020-01-22 14:30,2020-01-22 15:40,1,HIT AND RUN,2,W THARPE ST,1602,30.46383,-84.313226,,,,,,9,3,1,1,1,1,1,1,,10,1,1,1,1,,,1,,,1,,,,,567,OFFICER,,,,,TALLAHASSEE POLICE DEPARTMENT,2,2020-01-25 14:31,,,,,,,,,,,,,,,,,,,,,,,,,,,,,,,,,,,,,,,,,,,,,,,,,,,,,,,,,,,,,,
89149071,2020,2020-04-15 11:30,2020-04-27 00:00,2020-00057443,U,1,2,0,13,50,LEON,TALLAHASSEE,2,2020-04-15 11:35,2020-04-15 11:37,2020-04-15 11:42,2020-04-15 12:04,2,,2,N MONROE ST,2801,30.48105,-84.302878,,,,,,9,3,1,1,1,2,2,1,,10,2,1,1,1,,,1,,,1,,,,,661,INVESTIGATOR,,,,,TALLAHASSEE POLICE DEPARTMENT,2,2020-05-05 15:47,,,,,,,,,,,,,,,,,,,,,,,,,,,,,,,,,,,,,,,,,,,,,,,,,,,,,,,,,,,,,,
89149121,2020,2020-04-21 18:05,2020-04-21 00:00,2020-00061901,L,1,2,0,13,50,LEON,TALLAHASSEE,2,2020-04-21 18:16,2020-04-21 18:17,2020-04-21 18:22,2020-04-21 18:05,2,,2,APALACHEE PKWY,3515,30.426262,-84.214908,,,,,,9,1,1,1,1,1,1,1,,10,8,1,77,1,,,1,,,1,,,,,632,OFFICER,,,,,TALLAHASSEE POLICE DEPARTMENT,2,2020-05-05 15:48,,,,,,,,,,,,,,,,,,,,,,,,,,,,,,,,,,,,,,,,,,,,,,,,,,,,,,,,,,,,,,
90111183,2020,2020-09-20 22:00,2020-09-29 00:00,2020-00136431,L,1,2,0,13,50,LEON,TALLAHASSEE,2,2020-09-20 13:03,2020-09-20 13:03,2020-09-20 13:03,2020-09-20 14:00,1,INVESTIGATIVE FOLLOW-UP REQUIRED,2,W TENNESSEE ST,2751,30.453573,-84.33977,,,,,,9,3,1,1,6,3,2,1,,10,8,1,1,1,,,1,,,1,,,,,715,OFFICER,,,,,TALLAHASSEE POLICE DEPARTMENT,2,2020-10-02 14:19,,,,,,,,,,,,,,,,,,,,,,,,,,,,,,,,,,,,,,,,,,,,,,,,,,,,,,,,,,,,,,
89299690,2020,2020-10-12 14:43,2020-10-13 00:00,200141727,L,1,2,0,13,0,LEON,UNINCORPORATED,1,2020-10-12 14:43,2020-10-12 14:45,2020-10-12 14:57,2020-10-12 15:37,2,,2,N MONROE ST,,30.549246,-84.378599,4354,,N,FAMILY TREE DR,,2,1,1,1,1,1,1,1,,10,10,1,1,1,,,1,,,1,,,,,260,DEPUTY,,,,,LEON COUNTY SHERIFFS OFFICE,3,2020-10-14 14:24,,,,,,,,,,,,,,,,,,,,,,,,,,,,,,,,,,,,,,,,,,,,,,,,,,,,,,,,,,,,,,
90111650,2020,2020-10-23 23:46,2020-10-22 00:00,2020-00146918,L,1,4,0,13,50,LEON,TALLAHASSEE,2,2020-10-23 23:46,2020-10-23 23:46,2020-10-23 23:46,2020-10-23 00:33,2,,2,W COLLEGE AVE,,30.440726,-84.283096,,,,S DUVAL ST,,5,3,2,1,4,1,1,1,,10,1,1,3,1,,,1,,,1,,,,,522,OFFICER,,,,,TALLAHASSEE POLICE DEPARTMENT,2,2020-10-25 13:52,,,,,,,,,,,,,,,,,,,,,,,,,,,,,,,,,,,,,,,,,,,,,,,,,,,,,,,,,,,,,,
90112214,2020,2020-11-20 03:13,2020-11-20 00:00,2020-00159851,L,1,2,0,13,50,LEON,TALLAHASSEE,2,2020-11-20 03:13,2020-11-20 03:13,2020-11-20 03:13,2020-11-20 03:57,2,,2,W GAINES ST,,30.43553,-84.289915,,,,RAILROAD AVE,,5,3,2,2,4,1,1,1,,10,1,1,3,1,,,1,,,1,,,,,665,OFFICER,,,,,TALLAHASSEE POLICE DEPARTMENT,2,2020-11-25 14:49,,,,,,,,,,,,,,,,,,,,,,,,,,,,,,,,,,,,,,,,,,,,,,,,,,,,,,,,,,,,,,
89148319,2020,2020-02-25 17:55,2020-02-25 00:00,2020-00030371,S,1,2,0,13,50,LEON,TALLAHASSEE,2,2020-02-25 17:59,2020-02-25 18:02,2020-02-25 18:04,2020-02-25 18:45,2,,2,OLD BAINBRIDGE RD,,30.46376,-84.300265,,,N,W THARPE ST,,5,1,2,1,2,2,2,1,,10,10,2,77,1,,,1,,,1,,,,,616,PATROL,,,,,TALLAHASSEE POLICE DEPARTMENT,2,2020-02-27 14:32,,,,,,,,,,,,,,,,,,,,,,,,,,,,,,,,,,,,,,,,,,,,,,,,,,,,,,,,,,,,,,
89147893,2020,2020-02-09 18:23,2020-02-09 00:00,2020-00021392,L,1,4,0,13,50,LEON,TALLAHASSEE,2,2020-02-09 18:24,2020-02-09 18:24,2020-02-09 18:27,2020-02-09 19:00,2,,2,N COPELAND ST,,30.444584,-84.290832,,,,W TENNESSEE ST,,3,1,2,1,1,1,1,1,,10,1,1,2,1,,,1,,,1,,,,,691,OFFICER,,,,,TALLAHASSEE POLICE DEPARTMENT,2,2020-02-16 14:07,,,,,,,,,,,,,,,,,,,,,,,,,,,,,,,,,,,,,,,,,,,,,,,,,,,,,,,,,,,,,,
89299657,2020,2020-10-02 16:42,2020-10-02 00:00,200136013,L,1,2,0,13,0,LEON,UNINCORPORATED,1,2020-10-02 16:44,2020-10-02 16:44,2020-10-02 16:48,2020-10-02 17:30,2,,2,THOMASVILLE RD,,30.561066,-84.217576,,,,BRADFORDVILLE RD,,2,3,2,1,1,1,1,1,,10,1,1,3,1,,,1,,,1,,,,,401,DEPUTY,,,,,LEON COUNTY SHERIFFS OFFICE,3,2020-10-03 14:06,,,,,,,,,,,,,,,,,,,,,,,,,,,,,,,,,,,,,,,,,,,,,,,,,,,,,,,,,,,,,,
90109625,2020,2020-07-04 15:05,2020-07-04 00:00,2020-00100513,L,1,2,0,13,50,LEON,TALLAHASSEE,2,2020-07-04 15:05,2020-07-04 15:05,2020-07-04 15:05,2020-07-04 15:10,2,,2,APALACHEE PKWY,,30.427023,-84.230163,118,,W,FOREST TOWER DR,,77,1,1,1,1,3,1,1,,10,10,1,77,1,,,1,,,1,,,,,347,OFFICER,,,,,TALLAHASSEE POLICE DEPARTMENT,2,2020-07-06 13:51,,,,,,,,,,,,,,,,,,,,,,,,,,,,,,,,,,,,,,,,,,,,,,,,,,,,,,,,,,,,,,
90112010,2020,2020-11-08 20:36,2020-11-08 00:00,2020-00154753,L,1,3,0,13,50,LEON,TALLAHASSEE,2,2020-11-08 20:36,2020-11-08 20:37,2020-11-08 20:39,2020-11-08 21:06,2,,2,CHAPEL DR,,30.447943,-84.310346,,,,W CALL ST,,5,1,2,1,1,1,1,1,,10,1,1,2,1,,,1,,,1,,,,,675,OFFICER,,,,,TALLAHASSEE POLICE DEPARTMENT,2,2020-11-16 15:59,,,,,,,,,,,,,,,,,,,,,,,,,,,,,,,,,,,,,,,,,,,,,,,,,,,,,,,,,,,,,,
90111187,2020,2020-09-29 18:15,2020-09-29 00:00,2020-00136541,L,1,3,0,13,50,LEON,TALLAHASSEE,2,2020-09-29 18:21,2020-09-29 18:25,2020-09-29 18:27,2020-09-29 18:50,2,,2,W TENNESSEE ST,,30.444725,-84.288643,,,,N MACOMB ST,,3,3,2,2,1,2,2,1,,10,1,2,3,88,,,88,,,1,,,,,732,OFFICER,,,,,TALLAHASSEE POLICE DEPARTMENT,2,2020-10-01 14:22,,,,,,,,,,,,,,,,,,,,,,,,,,,,,,,,,,,,,,,,,,,,,,,,,,,,,,,,,,,,,,
90111238,2020,2020-10-01 15:12,2020-10-02 00:00,2020-00137356,L,1,1,0,13,50,LEON,TALLAHASSEE,2,2020-10-01 15:12,2020-10-01 15:12,2020-10-01 15:12,2020-10-01 15:45,2,,2,N MARTIN LUTHER KING JR BLVD.,1812,30.464117,-84.285783,,,,,,9,1,1,1,1,1,1,1,,10,8,1,4,1,,,77,,,1,,,,,371,OFFICER,,,,,TALLAHASSEE POLICE DEPARTMENT,2,2020-10-03 14:06,,,,,,,,,,,,,,,,,,,,,,,,,,,,,,,,,,,,,,,,,,,,,,,,,,,,,,,,,,,,,,
89148885,2020,2020-03-20 17:55,2020-03-20 00:00,2020-00043425,L,1,3,0,13,50,LEON,TALLAHASSEE,2,2020-03-20 17:55,2020-03-20 18:02,2020-03-20 18:04,2020-03-20 19:03,2,,2,THOMASVILLE RD,,30.457665,-84.277199,,,,E 7TH AVE,,5,3,2,1,1,1,1,1,,10,1,1,2,1,,,1,,,1,,,,,322,OFFICER,,,,,TALLAHASSEE POLICE DEPARTMENT,2,2020-03-23 13:51,,,,,,,,,,,,,,,,,,,,,,,,,,,,,,,,,,,,,,,,,,,,,,,,,,,,,,,,,,,,,,
90110095,2020,2020-08-01 20:57,2020-08-01 00:00,2020-00112438,L,1,6,0,13,50,LEON,TALLAHASSEE,2,2020-08-01 20:57,2020-08-01 20:58,2020-08-01 21:02,2020-08-01 22:15,2,,2,S DUVAL ST,,30.435469,-84.283074,,,,W GAINES ST,,5,3,2,2,4,1,1,1,,10,1,1,2,1,,,1,,,1,,,,,752,OFFICER,,,,,TALLAHASSEE POLICE DEPARTMENT,2,2020-08-08 14:03,,,,,,,,,,,,,,,,,,,,,,,,,,,,,,,,,,,,,,,,,,,,,,,,,,,,,,,,,,,,,,
90112038,2020,2020-11-10 17:22,2020-11-10 00:00,2020-00155538,L,1,2,0,13,50,LEON,TALLAHASSEE,2,2020-11-10 17:22,2020-11-10 17:31,2020-11-10 17:31,2020-11-10 18:00,2,,2,N MONROE ST,1700,30.462134,-84.284373,,,,,,9,3,1,1,4,2,2,1,,10,8,1,1,1,,,1,,,1,,,,,308,OFC,,,,,TALLAHASSEE POLICE DEPARTMENT,2,2020-11-13 14:48,,,,,,,,,,,,,,,,,,,,,,,,,,,,,,,,,,,,,,,,,,,,,,,,,,,,,,,,,,,,,,
88216125,2020,2020-11-08 18:30,2020-11-12 21:29,FHPH20OFF014937,U,1,1,0,13,0,LEON,UNINCORPORATED,1,2020-11-08 18:32,2020-11-08 18:34,2020-11-08 18:43,2020-11-08 20:28,2,,2,DEER LAKE ROAD,,30.58661,-84.22395,100,,S,GREEN LAND DRIVE,,5,2,1,1,5,2,1,1,77,10,4,1,1,1,,,1,,,1,,,,,4145,TPR,,,,,FLORIDA HIGHWAY PATROL,1,2020-11-17 14:52,,,,,,,,,,,,,,,,,,,,,,,,,,,,,,,,,,,,,,,,,,,,,,,,,,,,,,,,,,,,,,
90111156,2020,2020-09-27 20:48,2020-09-27 00:00,2020-00135807,L,1,2,0,13,50,LEON,TALLAHASSEE,2,2020-09-27 21:00,2020-09-27 21:01,2020-09-27 21:04,2020-09-27 21:40,2,,2,VISTA RISE,,30.455751,-84.335224,,,,MISSION RD,,5,3,3,1,5,3,2,1,,10,10,1,3,1,,,1,,,1,,,,,691,OFFICER,,,,,TALLAHASSEE POLICE DEPARTMENT,2,2020-10-03 14:06,,,,,,,,,,,,,,,,,,,,,,,,,,,,,,,,,,,,,,,,,,,,,,,,,,,,,,,,,,,,,,
90110677,2020,2020-09-03 13:05,2020-09-03 00:00,2020-00125795,L,1,2,0,13,50,LEON,TALLAHASSEE,2,2020-09-03 13:05,2020-09-03 13:06,2020-09-03 13:07,2020-09-03 13:45,2,,2,COLORADO ST,,30.463418,-84.30799,,,,THARPE ST W,,5,3,2,1,1,1,1,1,,10,1,1,2,1,,,1,,,1,,,,,307,OFFICER,,,,,TALLAHASSEE POLICE DEPARTMENT,2,2020-09-05 14:03,,,,,,,,,,,,,,,,,,,,,,,,,,,,,,,,,,,,,,,,,,,,,,,,,,,,,,,,,,,,,,
90113800,2021,2021-02-17 20:32,2021-02-17 00:00,2021-00019545,L,1,2,0,13,50,LEON,TALLAHASSEE,2,2021-02-17 20:32,2021-02-17 20:32,2021-02-17 20:32,2021-02-17 21:30,2,,2,N MONROE ST,2711,30.478762,-84.30018,,,,,,9,3,1,1,4,3,2,1,,10,2,1,1,1,,,2,,,1,,,,,300,OFFICER,,,,,TALLAHASSEE POLICE DEPARTMENT,2,2021-02-19 14:18,,,,,,,,,,,,,,,,,,,,,,,,,,,,,,,,,,,,,,,,,,,,,,,,,,,,,,,,,,,,,,
90113235,2021,2021-01-18 19:35,2021-01-18 00:00,2021-00007101,L,2,4,0,13,50,LEON,TALLAHASSEE,2,2021-01-18 19:35,2021-01-18 19:36,2021-01-18 19:40,2021-01-18 22:00,2,,2,N MONROE ST,,30.480097,-84.302344,,,,LAKESHORE DR,,5,,2,1,4,1,1,1,,10,1,1,18,1,,,1,,,1,,,,,622,PATROL,,,,,TALLAHASSEE POLICE DEPARTMENT,2,2021-01-21 14:18,,,,,,,,,,,,,,,,,,,,,,,,,,,,,,,,,,,,,,,,,,,,,,,,,,,,,,,,,,,,,,
90112981,2021,2021-01-03 18:49,2021-01-03 00:00,2021-00001034,L,1,2,0,13,50,LEON,TALLAHASSEE,2,2021-01-03 18:52,2021-01-03 18:53,2021-01-03 19:20,2021-01-03 19:40,2,,2,RICHARDSON RD,,30.435554,-84.240153,28,,S,COLLINSFORD RD,,5,3,2,1,4,1,1,1,,10,1,1,3,1,,,1,,,1,,,,,#783,OFFICER,,,,,TALLAHASSEE POLICE DEPARTMENT,2,2021-01-05 14:37,,,,,,,,,,,,,,,,,,,,,,,,,,,,,,,,,,,,,,,,,,,,,,,,,,,,,,,,,,,,,,
90113378,2021,2021-01-26 14:23,2021-01-26 00:00,2021-00010421,L,1,2,0,13,50,LEON,TALLAHASSEE,2,2021-01-26 14:34,2021-01-26 14:43,2021-01-26 14:44,2021-01-26 15:10,2,,2,N MONROE ST,2580,30.475086,-84.295747,,,,,,9,3,1,1,1,2,1,1,,10,2,1,4,1,,,1,,,1,,,,,676,OFFICER,,,,,TALLAHASSEE POLICE DEPARTMENT,2,2021-01-28 14:21,,,,,,,,,,,,,,,,,,,,,,,,,,,,,,,,,,,,,,,,,,,,,,,,,,,,,,,,,,,,,,
90114125,2021,2021-03-06 01:11,2021-04-05 00:00,2021-00026745,U,1,2,0,13,50,LEON,TALLAHASSEE,2,2021-03-06 01:11,2021-03-06 01:13,2021-03-06 01:15,2021-03-06 03:25,1,THI INVESTIGATION,2,E GAINES ST,,30.435532,-84.278656,109,,W,S GADSDEN ST,,5,3,1,2,4,1,1,1,,10,1,1,1,1,,,1,,,1,,,,,522,OFFICER,,,,,TALLAHASSEE POLICE DEPARTMENT,2,2021-04-09 14:23,,,,,,,,,,,,,,,,,,,,,,,,,,,,,,,,,,,,,,,,,,,,,,,,,,,,,,,,,,,,,,
88216118,2020,2020-10-20 19:40,2020-12-21 09:58,FHPH20OFF013906,U,1,6,0,13,0,LEON,UNINCORPORATED,1,2020-10-20 19:43,2020-10-20 19:46,2020-10-20 19:50,2020-10-20 23:18,2,,2,US 319 (STATE ROAD 61),,30.3895363143549,-84.2856760432372,,0.1,N,SHELFER ROAD,,2,1,1,2,5,2,1,1,77,10,1,1,1,1,,,1,,,1,,,,,1214,CPL,,,,,FLORIDA HIGHWAY PATROL,1,2021-01-05 14:36,,,,,,,,,,,,,,,,,,,,,,,,,,,,,,,,,,,,,,,,,,,,,,,,,,,,,,,,,,,,,,
90112499,2020,2020-12-06 15:23,2021-02-08 00:00,2020-00166272,U,1,2,0,13,50,LEON,TALLAHASSEE,2,2020-12-06 15:24,2020-12-06 15:24,2020-12-06 15:26,2020-12-06 18:07,2,,2,E LAFAYETTE ST,,30.43617,-84.265456,375,,E,SEMINOLE DR,,5,3,1,2,1,2,1,1,,10,1,1,1,1,,,1,,,1,,,,,248,OFC,,,,,TALLAHASSEE POLICE DEPARTMENT,2,2021-02-10 14:22,,,,,,,,,,,,,,,,,,,,,,,,,,,,,,,,,,,,,,,,,,,,,,,,,,,,,,,,,,,,,,
90112799,2020,2020-12-23 07:51,2020-12-23 00:00,2020-00172845,L,1,2,0,13,50,LEON,TALLAHASSEE,2,2020-12-23 07:51,2020-12-23 07:51,2020-12-23 07:56,2020-12-23 08:30,2,,2,MACLAY COMMERCE DR,,30.508367,-84.249214,,,,THOMASVILLE RD,,5,1,2,1,1,1,1,1,,10,1,1,77,1,,,4,,,1,,,,,626,OFFICER,,,,,TALLAHASSEE POLICE DEPARTMENT,2,2021-02-09 14:27,,,,,,,,,,,,,,,,,,,,,,,,,,,,,,,,,,,,,,,,,,,,,,,,,,,,,,,,,,,,,,
90112581,2020,2020-12-10 20:15,2021-01-07 00:00,2020-00168295,U,1,2,0,13,50,LEON,TALLAHASSEE,2,2020-12-10 16:00,2020-12-10 16:00,2020-12-10 16:00,2020-12-10 16:00,2,,2,LAKE ELLA DR,,30.462402,-84.281753,,,S,N MONROE ST,,5,1,3,1,6,1,1,1,,10,1,1,2,1,,,1,,,1,,,,,661,INVESTIGATOR,,,,,TALLAHASSEE POLICE DEPARTMENT,2,2021-01-13 14:36,,,,,,,,,,,,,,,,,,,,,,,,,,,,,,,,,,,,,,,,,,,,,,,,,,,,,,,,,,,,,,
90114289,2021,2021-03-15 17:46,2021-03-15 00:00,2021-00030268,L,1,2,0,13,50,LEON,TALLAHASSEE,2,2021-03-15 18:46,2021-03-15 18:46,2021-03-15 18:50,2021-03-15 19:30,2,,2,W DIXIE DR,600,30.450003,-84.328659,,,,,,9,1,1,2,1,1,1,1,,10,2,1,1,1,,,1,,,1,,,,,709,OFFICER,,,,,TALLAHASSEE POLICE DEPARTMENT,2,2021-03-21 13:48,,,,,,,,,,,,,,,,,,,,,,,,,,,,,,,,,,,,,,,,,,,,,,,,,,,,,,,,,,,,,,
90114344,2021,2021-03-17 16:15,2021-03-17 00:00,2021-00031825,L,1,2,0,13,50,LEON,TALLAHASSEE,2,2021-03-17 16:15,2021-03-17 16:23,2021-03-17 16:39,2021-03-17 16:55,2,,2,W THARPE ST,,30.465323,-84.34523,,,,BLOUNTSTOWN ST,,5,3,4,1,1,1,1,1,,10,1,1,2,1,,,1,,,1,,,,,733,OFFICER,,,,,TALLAHASSEE POLICE DEPARTMENT,2,2021-03-19 14:13,,,,,,,,,,,,,,,,,,,,,,,,,,,,,,,,,,,,,,,,,,,,,,,,,,,,,,,,,,,,,,