report_number,crash_year,crash_date_time,report_date_time,investigating_agency_rep_num,form_type,total_number_of_vehicles,total_number_of_persons,total_number_of_narratives,county_code,city_code,county_name,city_name,rural_or_urban,notified_time,dispatched_time,arrived_time,cleared_time,completed_flag,reason_not_completed,notified_by,on_street_road_highway,street_address_number,latitude,longitude,feet_from_intersection,miles_from_intersection,direction_from_intersection,from_intersection_of,from_milepost_number,road_system_identifier,type_of_shoulder,type_of_intersection,photos_taken_flag,light_condition,weather_condition,road_surface_condition,school_bus_related_code,type_of_impact,first_harmful_event,harmful_event_location,interchange_flag,junction_flag,road_circumstances_1,road_circumstances_2,road_circumstances_3,environment_circumstances_1,environment_circumstances_2,environment_circumstances_3,work_zone_related_flag,location_within_zone,type_of_work_zone,workers_present,law_enforcement_present,investigator_id,investigator_rank,investigator_first_name,investigator_middle_name,investigator_last_name,investigator_suffix,investigating_agency_name,investigating_agency_type,load_dt90838674,,,,,,,,,,,,,,,,,,,,,,,,,,,,,,5,2,1,1,88,1,1,1,1,32,2,88,1,1,,,1,,,1,,,,,217,DEPUTY,,,EPLHASE,,LEON COUNTY,2,2011-03-08 15:54
90114316,2021,2021-03-16 12:43,2021-03-16 00:00,2021-00031375,L,1,2,0,13,50,LEON,TALLAHASSEE,2,2021-03-16 12:44,2021-03-16 12:46,2021-03-16 12:57,2021-03-16 13:45,2,,2,APALACHEE PKWY,2475,30.428122,-84.239163,,,,,,9,3,1,1,1,2,1,1,,10,1,1,4,1,,,1,,,1,,,,,536,OFC,,,,,TALLAHASSEE POLICE DEPARTMENT,2,2021-03-18 14:33,,,,,,,,,,,,,,,,,,,,,,,,,,,,,,,,,,,,,,,,,,,,,,,,,,,,,,,,,,,,,,
90113465,2021,2021-01-30 10:51,2021-01-30 00:00,2021-00012082,L,1,2,0,13,50,LEON,TALLAHASSEE,2,2021-01-30 12:03,2021-01-30 12:05,2021-01-30 12:10,2021-01-30 12:20,2,,2,N DUVAL ST,,30.443266,-84.283039,122,,S,W CALL ST,,5,3,1,1,1,1,1,1,,10,1,1,1,1,,,1,,,1,,,,,516,OFFICER,,,,,TALLAHASSEE POLICE DEPARTMENT,2,2021-02-01 13:55,,,,,,,,,,,,,,,,,,,,,,,,,,,,,,,,,,,,,,,,,,,,,,,,,,,,,,,,,,,,,,
90112626,2020,2020-12-13 18:21,2021-01-12 00:00,2020-00169208,U,1,3,0,13,50,LEON,TALLAHASSEE,2,2020-12-13 18:21,2020-12-13 18:22,2020-12-13 18:27,2020-12-13 20:30,2,,2,LAKE BRADFORD RD,,30.42937,-84.302267,44,,N,PEPPER DR,,5,3,1,2,4,2,1,1,,10,1,1,1,1,,,1,,,1,,,,,549,INV,,,,,TALLAHASSEE POLICE DEPARTMENT,2,2021-01-16 14:10,,,,,,,,,,,,,,,,,,,,,,,,,,,,,,,,,,,,,,,,,,,,,,,,,,,,,,,,,,,,,,
90114392,2021,2021-03-20 09:02,2021-03-20 00:00,2021-00033090,L,1,2,0,13,50,LEON,TALLAHASSEE,2,2021-03-20 09:02,2021-03-20 09:03,2021-03-20 09:04,2021-03-20 09:20,2,,2,E PARK AVE,,30.441782,-84.261885,,,,N MAGNOLIA DR,,5,1,2,2,1,1,1,1,,10,1,1,77,77,1,,1,,,1,,,,,626,OFFICER,,,,,TALLAHASSEE POLICE DEPARTMENT,2,2021-03-21 13:48,,,,,,,,,,,,,,,,,,,,,,,,,,,,,,,,,,,,,,,,,,,,,,,,,,,,,,,,,,,,,,
90114175,2021,2021-03-08 15:45,2021-03-08 00:00,2021-00027813,L,1,2,0,13,50,LEON,TALLAHASSEE,2,2021-03-08 16:07,2021-03-08 16:09,2021-03-08 16:15,2021-03-08 16:37,2,,2,STONE VALLEY WAY,,30.435348,-84.295655,,,,W GAINES ST,,5,3,2,1,1,1,1,1,,10,1,1,3,1,,,1,,,1,,,,,742,OFFICER,,,,,TALLAHASSEE POLICE DEPARTMENT,2,2021-03-10 14:46,,,,,,,,,,,,,,,,,,,,,,,,,,,,,,,,,,,,,,,,,,,,,,,,,,,,,,,,,,,,,,
90114684,2021,2021-04-06 13:20,2021-04-06 00:00,2021-00040346,L,1,2,0,13,50,LEON,TALLAHASSEE,2,2021-04-06 13:22,2021-04-06 13:23,2021-04-06 13:31,2021-04-06 13:50,2,,2,TRESCOTT DR,,30.467293,-84.266096,535,,N,BETTON RD,,5,3,1,2,1,1,1,1,,10,1,1,1,1,,,1,,,1,,,,,537,OFFICER,,,,,TALLAHASSEE POLICE DEPARTMENT,2,2021-04-08 14:31,,,,,,,,,,,,,,,,,,,,,,,,,,,,,,,,,,,,,,,,,,,,,,,,,,,,,,,,,,,,,,
90114255,2021,2021-03-13 09:04,2021-03-13 00:00,2021-00030095,L,1,3,0,13,50,LEON,TALLAHASSEE,2,2021-03-13 09:04,2021-03-13 09:05,2021-03-13 09:12,2021-03-13 10:00,2,,2,MONTICELLO DR,,30.464692,-84.294186,,,,STILES AVE,,5,3,3,2,1,1,1,1,,10,1,1,3,1,,,1,,,1,,,,,504,OFFICER,,,,,TALLAHASSEE POLICE DEPARTMENT,2,2021-03-14 13:59,,,,,,,,,,,,,,,,,,,,,,,,,,,,,,,,,,,,,,,,,,,,,,,,,,,,,,,,,,,,,,
90113093,2021,2021-01-09 20:52,2021-01-09 00:00,2021-00003521,S,1,2,0,13,50,LEON,TALLAHASSEE,2,2021-01-09 20:52,2021-01-09 20:52,2021-01-09 21:06,2021-01-09 21:15,2,,2,W TENNESSEE ST,4330,30.461106,-84.358981,,,,,,9,3,1,1,4,1,1,1,,10,88,1,88,1,,,1,,,1,,,,,680,OFC,,,,,TALLAHASSEE POLICE DEPARTMENT,2,2021-01-17 13:49,,,,,,,,,,,,,,,,,,,,,,,,,,,,,,,,,,,,,,,,,,,,,,,,,,,,,,,,,,,,,,
90114308,2021,2021-03-15 16:50,2021-06-18 00:00,2021-00031083,U,1,2,0,13,50,LEON,TALLAHASSEE,2,2021-03-15 16:53,2021-03-15 16:54,2021-03-15 16:57,2021-03-15 18:45,1,THI FOLLOW UP,2,S MONROE ST,,30.414562,-84.280532,347,,N,POLK DR,,3,1,1,2,1,1,1,1,,10,1,1,1,1,,,1,,,1,,,,,522,OFFICER,,,,,TALLAHASSEE POLICE DEPARTMENT,2,2021-06-24 14:23,,,,,,,,,,,,,,,,,,,,,,,,,,,,,,,,,,,,,,,,,,,,,,,,,,,,,,,,,,,,,,
90114992,2021,2021-04-18 17:04,2021-04-18 00:00,2021-00045911,L,1,2,0,13,50,LEON,TALLAHASSEE,2,2021-04-18 17:04,2021-04-18 17:04,2021-04-18 17:04,2021-04-18 17:20,2,,2,W CALL ST,,30.446651,-84.3066,,,,STADIUM DR,,5,3,2,1,1,2,1,1,,10,1,1,2,1,,,1,,,1,,,,,534,OFFICER,,,,,TALLAHASSEE POLICE DEPARTMENT,2,2021-04-20 14:28,,,,,,,,,,,,,,,,,,,,,,,,,,,,,,,,,,,,,,,,,,,,,,,,,,,,,,,,,,,,,,
90114054,2021,2021-03-02 19:05,2021-03-02 00:00,2021-00025102,L,1,2,0,13,50,LEON,TALLAHASSEE,2,2021-03-02 19:05,2021-03-02 19:06,2021-03-02 19:11,2021-03-02 20:45,2,,2,W PENSACOLA ST,,30.438753,-84.294198,72,,W,GRAY ST,,5,3,1,1,4,3,2,1,,10,1,1,1,1,,,2,,,1,,,,,610,OFFICER,,,,,TALLAHASSEE POLICE DEPARTMENT,2,2021-03-04 14:26,,,,,,,,,,,,,,,,,,,,,,,,,,,,,,,,,,,,,,,,,,,,,,,,,,,,,,,,,,,,,,
90114323,2021,2021-03-16 15:15,2021-04-14 00:00,2021-00031421,U,1,2,0,13,50,LEON,TALLAHASSEE,2,2021-03-16 15:24,2021-03-16 15:34,2021-03-16 15:46,2021-03-16 16:50,2,,2,S BLAIR STONE RD,3551,30.403806,-84.237422,,,,,,9,3,1,1,1,1,1,1,,10,8,1,1,1,,,1,,,1,,,,,703,OFFICER,,,,,TALLAHASSEE POLICE DEPARTMENT,2,2021-04-16 14:20,,,,,,,,,,,,,,,,,,,,,,,,,,,,,,,,,,,,,,,,,,,,,,,,,,,,,,,,,,,,,,
90113332,2021,2021-01-23 16:10,2021-02-05 00:00,2021-00009320,U,1,2,0,13,50,LEON,TALLAHASSEE,2,2021-01-23 16:30,2021-01-23 16:45,2021-01-23 16:45,2021-01-23 16:45,2,,2,MIRANDA AVE,,30.458141,-84.326919,166,,W,DOMINGO DR,,4,1,1,1,1,2,1,1,,10,1,1,1,1,,,1,,,1,,,,,941,OFFICER,,,,,TALLAHASSEE POLICE DEPARTMENT,2,2021-02-07 14:01,,,,,,,,,,,,,,,,,,,,,,,,,,,,,,,,,,,,,,,,,,,,,,,,,,,,,,,,,,,,,,
90114010,2021,2021-03-01 03:17,2021-05-04 00:00,2021-00024470,U,1,2,0,13,50,LEON,TALLAHASSEE,2,2021-03-01 03:17,2021-03-01 03:17,2021-03-01 03:20,2021-03-01 06:30,2,,2,N MONROE ST,,30.476522,-84.29725,367,,W,TORREYA DR,,5,3,1,1,4,1,1,1,,10,1,1,1,1,,,1,,,1,,,,,381,INVESTIGATOR,,,,,TALLAHASSEE POLICE DEPARTMENT,2,2021-05-06 14:23,,,,,,,,,,,,,,,,,,,,,,,,,,,,,,,,,,,,,,,,,,,,,,,,,,,,,,,,,,,,,,
24339369,2021,2021-06-24 20:05,2021-06-24 00:00,210079240,L,1,2,0,13,0,LEON,UNINCORPORATED,1,2021-06-24 20:11,2021-06-24 20:13,2021-06-24 20:17,2021-06-24 20:42,1,HIT AND RUN WITH INJURY WITH POSSIBLE VIDEO EVIDENCE,2,3891 WEST TENNESSEE STREET,,30.458982,-84.356505,,,,,,9,3,1,2,2,2,2,1,,10,8,1,1,1,,,1,,,1,,,,,12271,DEPUTY,,,,,LEON COUNTY SHERIFFS OFFICE,3,2021-06-30 13:47,,,,,,,,,,,,,,,,,,,,,,,,,,,,,,,,,,,,,,,,,,,,,,,,,,,,,,,,,,,,,,
90115044,2021,2021-04-21 08:49,2021-04-21 00:00,2021-00047004,L,1,2,0,13,50,LEON,TALLAHASSEE,2,2021-04-21 08:50,2021-04-21 08:51,2021-04-21 08:52,2021-04-21 10:30,2,,2,SHANNON LKS W,,30.527496,-84.218912,,,,SHAMROCK ST N,,5,3,3,1,1,1,1,1,,10,1,1,2,1,,,4,,,1,,,,,699,OFC,,,,,TALLAHASSEE POLICE DEPARTMENT,2,2021-04-22 14:25,,,,,,,,,,,,,,,,,,,,,,,,,,,,,,,,,,,,,,,,,,,,,,,,,,,,,,,,,,,,,,
90114522,2021,2021-03-26 13:00,2021-03-27 00:00,2021-00036164,L,1,2,0,13,50,LEON,TALLAHASSEE,2,2021-03-26 19:43,2021-03-26 19:43,2021-03-26 19:45,2021-03-26 19:00,2,,2,JOHN KNOX RD,,30.471954,-84.290793,,,,N MONROE ST,,2,3,2,1,1,1,1,1,,10,1,1,2,1,,,1,,,1,,,,,338,OFFICER,,,,,TALLAHASSEE POLICE DEPARTMENT,2,2021-03-29 13:45,,,,,,,,,,,,,,,,,,,,,,,,,,,,,,,,,,,,,,,,,,,,,,,,,,,,,,,,,,,,,,
90113658,2021,2021-02-10 19:00,2021-02-10 00:00,2021-00016460,L,1,2,0,13,50,LEON,TALLAHASSEE,2,2021-02-10 19:02,2021-02-10 19:02,2021-02-10 19:23,2021-02-10 19:50,2,,2,LAKE PALM DR,,30.412585,-84.3087,,,,W ORANGE AVE,,5,2,3,1,4,1,1,1,,10,1,1,2,88,,,1,,,1,,,,,608,PATROL,,,,,TALLAHASSEE POLICE DEPARTMENT,2,2021-02-18 14:29,,,,,,,,,,,,,,,,,,,,,,,,,,,,,,,,,,,,,,,,,,,,,,,,,,,,,,,,,,,,,,
89299887,2020,2020-12-03 17:00,2021-03-21 00:00,200170696,U,1,2,0,13,0,LEON,UNINCORPORATED,1,2020-12-03 17:30,2020-12-03 17:30,2020-12-03 17:38,2020-12-03 18:00,2,,2,BULL HEADLEY RD,,30.593252,-84.252355,,,,JEFFERY RD,,5,2,3,1,1,1,1,1,,10,2,1,77,1,,,1,,,1,,,,,303,DEPUTY,,,,,LEON COUNTY SHERIFFS OFFICE,3,2021-03-24 14:19,,,,,,,,,,,,,,,,,,,,,,,,,,,,,,,,,,,,,,,,,,,,,,,,,,,,,,,,,,,,,,
90115446,2021,2021-05-12 20:12,2021-05-12 00:00,2021-00056017,L,1,2,0,13,50,LEON,TALLAHASSEE,2,2021-05-12 20:12,2021-05-12 20:13,2021-05-12 20:14,2021-05-12 20:42,2,,2,OLD BAINBRIDGE RD,,30.450823,-84.290281,28,,N,CENTRAL ST,,5,3,4,2,2,2,1,1,,10,1,2,3,1,,,1,,,1,,,,,732,OFFICER,,,,,TALLAHASSEE POLICE DEPARTMENT,2,2021-05-14 14:31,,,,,,,,,,,,,,,,,,,,,,,,,,,,,,,,,,,,,,,,,,,,,,,,,,,,,,,,,,,,,,
90115873,2021,2021-06-07 15:15,2021-06-07 00:00,2021-00066897,L,1,2,0,13,50,LEON,TALLAHASSEE,2,2021-06-07 15:21,2021-06-07 15:00,2021-06-07 15:21,2021-06-07 15:50,2,,2,BREVARD ST W,540,30.449367,-84.289891,,,,,,9,2,1,1,1,1,1,1,,10,8,1,1,1,,,1,,,1,,,,,385,OFFICER,,,,,TALLAHASSEE POLICE DEPARTMENT,2,2021-06-09 14:32,,,,,,,,,,,,,,,,,,,,,,,,,,,,,,,,,,,,,,,,,,,,,,,,,,,,,,,,,,,,,,
90115884,2021,2021-06-08 11:46,2021-06-08 00:00,2021-00067201,L,1,2,0,13,50,LEON,TALLAHASSEE,2,2021-06-08 11:46,2021-06-08 11:46,2021-06-08 11:58,2021-06-08 12:30,2,,2,W TENNESSEE ST,672,30.445357,-84.293763,,,,,,9,3,1,1,6,1,1,1,,10,2,1,1,1,,,1,,,1,,,,,802,CST,,,,,TALLAHASSEE POLICE DEPARTMENT,2,2021-06-09 14:32,,,,,,,,,,,,,,,,,,,,,,,,,,,,,,,,,,,,,,,,,,,,,,,,,,,,,,,,,,,,,,
90113727,2021,2021-02-13 22:00,2021-02-13 00:00,2021-00017884,L,1,2,0,13,50,LEON,TALLAHASSEE,2,2021-02-13 22:00,2021-02-13 22:00,2021-02-13 22:00,2021-02-13 22:26,2,,2,W THARPE ST,,30.46527,-84.339765,270,,W,BURNS DR,,5,2,1,1,4,3,2,1,,10,1,1,77,1,,,1,,,1,,,,,729,OFC,,,,,TALLAHASSEE POLICE DEPARTMENT,2,2021-02-15 14:02,,,,,,,,,,,,,,,,,,,,,,,,,,,,,,,,,,,,,,,,,,,,,,,,,,,,,,,,,,,,,,
90113940,2021,2021-02-25 09:00,2021-02-25 00:00,2021-00022657,L,1,2,0,13,50,LEON,TALLAHASSEE,2,2021-02-25 09:00,2021-02-25 09:01,2021-02-25 09:05,2021-02-25 10:00,2,,2,CAPITAL CIR NE,630,30.444577,-84.226835,369,,S,PEDLERS ALY,,2,3,77,1,1,2,1,1,,10,10,1,4,1,,,1,,,1,,,,,511,OFFICER,,,,,TALLAHASSEE POLICE DEPARTMENT,2,2021-02-26 14:18,,,,,,,,,,,,,,,,,,,,,,,,,,,,,,,,,,,,,,,,,,,,,,,,,,,,,,,,,,,,,,
90113097,2021,2021-01-08 23:05,2021-01-08 00:00,2021-00003170,L,1,3,0,13,50,LEON,TALLAHASSEE,2,2021-01-08 23:05,2021-01-08 23:05,2021-01-08 23:08,2021-01-08 23:32,2,,2,W PENSACOLA ST,,30.438761,-84.292612,428,,E,GRAY ST,,5,3,1,2,4,1,1,1,,10,1,1,1,1,,,1,,,1,,,,,712,OFFICER,,,,,TALLAHASSEE POLICE DEPARTMENT,2,2021-01-12 14:24,,,,,,,,,,,,,,,,,,,,,,,,,,,,,,,,,,,,,,,,,,,,,,,,,,,,,,,,,,,,,,
90113115,2021,2021-01-11 18:06,2021-01-11 00:00,2021-00004141,L,1,2,0,13,50,LEON,TALLAHASSEE,2,2021-01-11 18:06,2021-01-11 18:07,2021-01-11 18:10,2021-01-11 18:40,2,,2,W TENNESSEE ST,,30.452598,-84.337501,27,,E,APPLEYARD DR,,5,3,1,1,4,2,1,1,,10,1,1,1,1,,,1,,,1,,,,,526,OFFICER,,,,,TALLAHASSEE POLICE DEPARTMENT,2,2021-01-12 14:24,,,,,,,,,,,,,,,,,,,,,,,,,,,,,,,,,,,,,,,,,,,,,,,,,,,,,,,,,,,,,,
90113839,2021,2021-02-19 17:38,2021-02-19 00:00,2021-00020321,L,1,2,0,13,50,LEON,TALLAHASSEE,2,2021-02-19 17:38,2021-02-19 17:39,2021-02-19 17:46,2021-02-19 18:00,2,,2,RAILROAD AVE,,30.434236,-84.289839,63,,S,SAINT FRANCIS ST,,5,3,3,1,1,1,1,1,,10,1,1,3,1,,,1,,,1,,,,,742,OFFICER,,,,,TALLAHASSEE POLICE DEPARTMENT,2,2021-02-21 13:50,,,,,,,,,,,,,,,,,,,,,,,,,,,,,,,,,,,,,,,,,,,,,,,,,,,,,,,,,,,,,,
90113243,2021,2021-01-19 13:20,2021-01-19 00:00,2021-00007407,L,1,2,0,13,50,LEON,TALLAHASSEE,2,2021-01-19 13:20,2021-01-19 13:21,2021-01-19 13:22,2021-01-19 13:55,2,,2,W 10TH AVE,,30.461441,-84.285258,,,,N DUVAL ST,,5,3,2,1,1,1,1,1,,10,1,1,2,1,,,4,,,1,,,,,371,OFFICER,,,,,TALLAHASSEE POLICE DEPARTMENT,2,2021-01-22 14:20,,,,,,,,,,,,,,,,,,,,,,,,,,,,,,,,,,,,,,,,,,,,,,,,,,,,,,,,,,,,,,
90113898,2021,2021-02-22 20:39,2021-03-09 00:00,2021-00021625,U,1,2,0,13,50,LEON,TALLAHASSEE,2,2021-02-22 20:39,2021-02-22 20:41,2021-02-22 20:42,2021-02-22 21:05,2,,2,W THARPE ST,,30.463672,-84.282568,50,,W,N MONROE ST,,2,3,1,1,4,4,1,1,,10,1,1,1,1,,,1,,,1,,,,,661,OFC,,,,,TALLAHASSEE POLICE DEPARTMENT,2,2021-03-11 14:23,,,,,,,,,,,,,,,,,,,,,,,,,,,,,,,,,,,,,,,,,,,,,,,,,,,,,,,,,,,,,,
88284220,2020,2020-12-31 02:20,2021-04-07 19:00,FHPH20OFF017567,U,1,2,0,13,50,LEON,TALLAHASSEE,2,2020-12-31 02:28,2020-12-31 02:28,2020-12-31 02:28,2020-12-31 06:11,2,,2,STATE ROAD 263 (CAPITAL CIRCLE),,30.3876376956415,-84.3134050300323,,0.62,S,COUNTY ROAD 2203 (SPRINGHILL RD),,3,1,1,2,5,2,1,1,77,10,1,1,1,1,,,1,,,1,,,,,2577,CPL,,,,,FLORIDA HIGHWAY PATROL,1,2021-04-14 14:30,,,,,,,,,,,,,,,,,,,,,,,,,,,,,,,,,,,,,,,,,,,,,,,,,,,,,,,,,,,,,,
90113228,2021,2021-01-18 16:46,2021-03-05 00:00,2021-00007041,U,1,2,0,13,50,LEON,TALLAHASSEE,2,2021-01-18 16:46,2021-01-18 16:46,2021-01-18 16:49,2021-01-18 22:34,2,,2,W TENNESSEE ST,,30.458785,-84.351818,737,,W,BICYCLE RD,,5,1,1,2,1,1,1,1,,10,1,1,77,1,,,1,,,1,,,,,549,INV,,,,,TALLAHASSEE POLICE DEPARTMENT,2,2021-03-07 13:51,,,,,,,,,,,,,,,,,,,,,,,,,,,,,,,,,,,,,,,,,,,,,,,,,,,,,,,,,,,,,,
90114627,2021,2021-04-02 18:30,2021-04-02 00:00,2021-00038765,L,1,2,0,13,50,LEON,TALLAHASSEE,2,2021-04-02 19:05,2021-04-02 19:05,2021-04-02 19:15,2021-04-02 19:20,2,,2,MIDYETTE RD,2041,30.417564,-84.236001,,,,,,9,1,1,1,1,1,1,1,,10,2,1,77,1,,,1,,,1,,,,,689,OFC,,,,,TALLAHASSEE POLICE DEPARTMENT,2,2021-04-04 13:52,,,,,,,,,,,,,,,,,,,,,,,,,,,,,,,,,,,,,,,,,,,,,,,,,,,,,,,,,,,,,,
90111626,2020,2020-10-21 19:18,2021-03-08 00:00,2020-00146247,U,1,2,0,13,50,LEON,TALLAHASSEE,2,2020-10-21 19:22,2020-10-21 19:25,2020-10-21 19:26,2020-10-21 00:29,2,,2,WOODVILLE HWY,3600BLOCK,30.395864,-84.278973,446,,S,SUNDAY CT,,3,2,1,2,4,3,2,1,,10,1,1,1,77,,,2,,,1,,,,,306,OFFICER,,,,,TALLAHASSEE POLICE DEPARTMENT,2,2021-03-10 14:46,,,,,,,,,,,,,,,,,,,,,,,,,,,,,,,,,,,,,,,,,,,,,,,,,,,,,,,,,,,,,,
90115382,2021,2021-05-09 17:00,2021-05-09 00:00,2021-00054755,L,1,2,0,13,50,LEON,TALLAHASSEE,2,2021-05-09 17:00,2021-05-09 17:03,2021-05-09 17:08,2021-05-09 17:48,2,,2,OCALA RD,800,30.44559,-84.318319,,,,,,9,1,1,1,1,1,1,1,,10,2,1,1,1,,,1,,,1,,,,,673,OFFICER,,,,,TALLAHASSEE POLICE DEPARTMENT,2,2021-05-18 14:39,,,,,,,,,,,,,,,,,,,,,,,,,,,,,,,,,,,,,,,,,,,,,,,,,,,,,,,,,,,,,,
90115298,2021,2021-05-05 00:44,2021-05-05 00:00,2021-00052793,L,1,2,0,13,50,LEON,TALLAHASSEE,2,2021-05-05 00:44,2021-05-05 00:46,2021-05-05 00:48,2021-05-05 00:48,2,,2,N MONROE ST,2778-2738,30.479037,-84.301701,,,,,,9,2,1,1,4,3,2,1,,10,8,1,77,1,,,1,,,1,,,,,331,OFFICER,,,,,TALLAHASSEE POLICE DEPARTMENT,2,2021-05-13 14:49,,,,,,,,,,,,,,,,,,,,,,,,,,,,,,,,,,,,,,,,,,,,,,,,,,,,,,,,,,,,,,
90113851,2021,2021-02-19 14:05,2021-03-04 00:00,2021-00020229,U,1,3,0,13,50,LEON,TALLAHASSEE,2,2021-02-19 14:05,2021-02-19 14:07,2021-02-19 14:12,2021-02-19 15:10,2,,2,APALACHEE PKWY,,30.427291,-84.235887,82,,W,EXECUTIVE CENTER DR,,5,1,1,1,1,1,1,1,,10,1,1,1,1,,,1,,,1,,,,,267,SGT,,,,,TALLAHASSEE POLICE DEPARTMENT,2,2021-03-06 14:19,,,,,,,,,,,,,,,,,,,,,,,,,,,,,,,,,,,,,,,,,,,,,,,,,,,,,,,,,,,,,,
90114628,2021,2021-04-02 20:25,2021-05-04 00:00,2021-00038788,U,1,2,0,13,50,LEON,TALLAHASSEE,2,2021-04-02 20:30,2021-04-02 20:30,2021-04-02 20:35,2021-04-02 22:48,2,,2,APALACHEE PKWY,,30.427678,-84.221588,89,,E,CAY LN,,2,3,1,1,4,1,1,1,,10,1,1,1,1,,,1,,,1,,,,,381,INVESTIGATOR,,,,,TALLAHASSEE POLICE DEPARTMENT,2,2021-05-06 14:23,,,,,,,,,,,,,,,,,,,,,,,,,,,,,,,,,,,,,,,,,,,,,,,,,,,,,,,,,,,,,,
90114355,2021,2021-03-18 02:12,2021-05-18 00:00,2021-00032062,U,1,2,0,13,50,LEON,TALLAHASSEE,2,2021-03-18 02:17,2021-03-18 02:20,2021-03-18 02:21,2021-03-18 04:53,2,,2,LAKE BRADFORD RD,,30.435376,-84.301844,,,S,W GAINES ST,,5,3,2,1,4,2,1,1,,10,1,2,3,1,,,1,,,1,,,,,655,OFFICER,,,,,TALLAHASSEE POLICE DEPARTMENT,2,2021-05-23 13:56,,,,,,,,,,,,,,,,,,,,,,,,,,,,,,,,,,,,,,,,,,,,,,,,,,,,,,,,,,,,,,
90115779,2021,2021-06-02 09:00,2021-06-02 00:00,2021-00064773,L,1,2,0,13,50,LEON,TALLAHASSEE,2,2021-06-02 18:45,2021-06-02 18:30,2021-06-02 18:45,2021-06-02 15:30,2,,2,MICCOSUKEE RD,,30.455861,-84.261325,251,,W,TMH CT,,5,3,1,1,1,1,1,1,,10,10,1,1,1,,,1,,,1,,,,,588,OFFICER,,,,,TALLAHASSEE POLICE DEPARTMENT,2,2021-06-05 14:16,,,,,,,,,,,,,,,,,,,,,,,,,,,,,,,,,,,,,,,,,,,,,,,,,,,,,,,,,,,,,,
90116222,2021,2021-06-24 16:00,2021-06-24 00:00,2021-00073979,L,1,2,0,13,50,LEON,TALLAHASSEE,2,2021-06-24 16:23,2021-06-24 16:25,2021-06-24 16:29,2021-06-24 17:55,2,,2,OLD BAINBRIDGE RD,,30.471705,-84.310319,49,,W,MYRICK RD,,5,2,1,1,1,1,1,1,,10,1,1,3,1,,,1,,,1,,,,,513,POLICE OFFICER,,,,,TALLAHASSEE POLICE DEPARTMENT,2,2021-06-29 13:44,,,,,,,,,,,,,,,,,,,,,,,,,,,,,,,,,,,,,,,,,,,,,,,,,,,,,,,,,,,,,,
90113196,2021,2021-01-15 17:56,2021-02-10 00:00,2021-00005325,U,1,2,0,13,50,LEON,TALLAHASSEE,2,2021-01-15 17:56,2021-01-15 17:56,2021-01-15 18:00,2021-01-15 18:30,2,,2,E TENNESSEE ST,,30.444771,-84.280347,105,,E,N MONROE ST,,5,3,1,1,1,1,1,1,,10,3,1,1,1,,,1,,,1,,,,,317,OFC,,,,,TALLAHASSEE POLICE DEPARTMENT,2,2021-02-13 14:30,,,,,,,,,,,,,,,,,,,,,,,,,,,,,,,,,,,,,,,,,,,,,,,,,,,,,,,,,,,,,,
90113871,2021,2021-02-21 01:20,2021-02-21 00:00,2021-00020958,L,1,2,0,13,50,LEON,TALLAHASSEE,2,2021-02-21 01:20,2021-02-21 01:28,2021-02-21 01:30,2021-02-21 02:00,2,,2,W TENNESSEE ST,,30.450033,-84.332089,,,,BOARDWALK AT APPLEYARD APARTMENTS,,3,3,2,1,4,1,1,1,,10,1,1,2,1,,,1,,,1,,,,,726,OFFICER,,,,,TALLAHASSEE POLICE DEPARTMENT,2,2021-02-22 13:46,,,,,,,,,,,,,,,,,,,,,,,,,,,,,,,,,,,,,,,,,,,,,,,,,,,,,,,,,,,,,,
90113861,2021,2021-02-20 15:18,2021-02-20 00:00,2021-00020688,L,1,2,0,13,50,LEON,TALLAHASSEE,2,2021-02-20 15:18,2021-02-20 15:25,2021-02-20 15:25,2021-02-20 16:06,2,,2,VILLAGE SQUARE BLVD,1390,30.511745,-84.24976,,,,,,9,1,1,1,1,2,1,1,,10,8,1,77,1,,,1,,,1,,,,,786,OFFICER,,,,,TALLAHASSEE POLICE DEPARTMENT,2,2021-02-22 13:46,,,,,,,,,,,,,,,,,,,,,,,,,,,,,,,,,,,,,,,,,,,,,,,,,,,,,,,,,,,,,,
90111842,2020,2020-10-31 02:18,2021-01-19 00:00,2020-00150776,U,1,2,0,13,50,LEON,TALLAHASSEE,2,2020-10-31 02:18,2020-10-31 02:21,2020-10-31 02:24,2020-10-31 06:07,2,,2,POPE ST,,30.448146,-84.295874,,,,W GEORGIA ST,,5,3,2,1,4,1,1,1,,10,1,1,2,1,,,1,,,1,,,,,726,OFFICER,,,,,TALLAHASSEE POLICE DEPARTMENT,2,2021-01-24 13:51,,,,,,,,,,,,,,,,,,,,,,,,,,,,,,,,,,,,,,,,,,,,,,,,,,,,,,,,,,,,,,